------- FILE main.asm LEVEL 1 PASS 3
      1  c000					      PROCESSOR	6502
      2  c000		       00 0a	   TMP_PTR    EQU	$0A	; 2 bytes
      3  c000		       00 1a	   TMP	      EQU	$1A
      4  c000		       00 5c	   SCRATCH_5C EQU	$5C
      5  c000		       00 6f	   MATH_TMPL  EQU	$6F
      6  c000		       00 70	   MATH_TMPH  EQU	$70
      7  c000		       00 88	   TMP_LOOP_CTR EQU	$88
      8  c000		       00 a1	   SCRATCH_A1 EQU	$A1
      9  c000		       00 00	   SPRITE_EMPTY EQU	#$00
     10  c000		       00 01	   SPRITE_BRICK EQU	#$01
     11  c000		       00 02	   SPRITE_STONE EQU	#$02
     12  c000		       00 03	   SPRITE_LADDER EQU	#$03
     13  c000		       00 04	   SPRITE_ROPE EQU	#$04
     14  c000		       00 05	   SPRITE_TRAP EQU	#$05
     15  c000		       00 06	   SPRITE_INVISIBLE_LADDER EQU	#$06
     16  c000		       00 07	   SPRITE_GOLD EQU	#$07
     17  c000		       00 08	   SPRITE_GUARD EQU	#$08
     18  c000		       00 09	   SPRITE_PLAYER EQU	#$09
     19  c000		       00 0a	   SPRITE_ALLWHITE EQU	#$0A
     20  c000		       00 37	   SPRITE_BRICK_FILL0 EQU	#$37
     21  c000		       00 38	   SPRITE_BRICK_FILL1 EQU	#$38
     22  c000		       00 39	   SPRITE_GUARD_EGG0 EQU	#$39
     23  c000		       00 3a	   SPRITE_GUARD_EGG1 EQU	#$3A
     24  c000		       00 df	   BLOCK_DATA EQU	$DF	; 33 bytes
     25  c000		       00 1d	   ROW_COUNT  EQU	$1D
     26  c000		       00 1e	   SPRITE_NUM EQU	$1E
     27  c000		       00 0c	   ROW_ADDR   EQU	$0C	; 2 bytes
     28  c000		       00 0e	   ROW_ADDR2  EQU	$0E	; 2 bytes
     29  c000		       00 1f	   HGR_PAGE   EQU	$1F	; 0x20 for HGR1, 0x40 for HGR2
     30  c000		       00 1b	   MAX_GAME_COL EQU	#27	; 0x1B
     31  c000		       00 0f	   MAX_GAME_ROW EQU	#15	; 0x0F
     32  c000		       00 1b	   ROWNUM     EQU	$1B
     33  c000		       00 1c	   COLNUM     EQU	$1C
     34  c000		       00 50	   MASK0      EQU	$50
     35  c000		       00 51	   MASK1      EQU	$51
     36  c000		       00 71	   COL_SHIFT_AMT EQU	$71
     37  c000		       00 85	   GAME_COLNUM EQU	$85
     38  c000		       00 86	   GAME_ROWNUM EQU	$86
     39  c000		       00 52	   SCREENS_DIFFER EQU	$52
     40  c000		       00 87	   DRAW_PAGE  EQU	$87	; 0x20 for page 1, 0x40 for page 2
     41  c000		       00 10	   SAVED_RET_ADDR EQU	$10	; 2 bytes
     42  c000		       00 89	   HUNDREDS   EQU	$89
     43  c000		       00 8a	   TENS       EQU	$8A
     44  c000		       00 8b	   UNITS      EQU	$8B
     45  c000		       00 8e	   SCORE      EQU	$8E	; 4 bytes, BCD format, tens/units in first byte.
     46  c000		       00 a6	   LEVELNUM   EQU	$A6
     47  c000		       00 98	   LIVES      EQU	$98
     48  c000		       00 54	   NOTE_INDEX EQU	$54
     49  c000		       0e 00	   SOUND_DURATION EQU	$0E00	; 128 bytes
     50  c000		       0e 80	   SOUND_PITCH EQU	$0E80	; 128 bytes
     51  c000		       00 99	   ENABLE_SOUND EQU	$99	; If 0, do not click speaker.
     52  c000		       c0 30	   SPKR       EQU	$C030	; Access clicks the speaker.
     53  c000		       00 8c	   FRAME_PERIOD EQU	$8C	; initially 6
     54  c000		       00 65	   PADDLE0_VALUE EQU	$65
     55  c000		       00 66	   PADDLE1_VALUE EQU	$66
     56  c000		       c0 64	   PADDL0     EQU	$C064
     57  c000		       c0 65	   PADDL1     EQU	$C065
     58  c000		       c0 70	   PTRIG      EQU	$C070
     59  c000		       00 95	   INPUT_MODE EQU	$95	; 0xCA = Joystick mode (J), 0xCB = Keyboard mode (K)
     60  c000 ????						; initially set to 0xCA
     61  c000 ????	       00 ca	   JOYSTICK_MODE EQU	#$CA
     62  c000 ????	       00 cb	   KEYBOARD_MODE EQU	#$CB
     63  c000 ????
     64  c000 ????	       c0 61	   BUTN0      EQU	$C061	; Or open apple
     65  c000 ????	       c0 62	   BUTN1      EQU	$C062	; Or solid apple
     66  c000 ????	       c0 00	   KBD	      EQU	$C000
     67  c000 ????	       c0 10	   KBDSTRB    EQU	$C010
     68  0000					      ORG	$0000
     69  0000				   ZERO_PAGE_INITIAL
     70  0000		       4c 00 28 00*	      HEX	4C 00 28 00 C0 68 0D 00 60 10 00 40 D0 3F 00 10
     71  0010		       d4 b4 9c fa*	      HEX	D4 B4 9C FA B0 FF 37 FB FE FE FC EC 76 D7 E6 20
     72  0020		       00 28 00 4c*	      HEX	00 28 00 4C 00 00 00 D5 00 04 18 60 20 0F 0C D6
     73  0030		       fc fa ff 73*	      HEX	FC FA FF 73 FD 8D 50 8E B5 B7 04 FF FB B7 00 1F
     74  0040		       00 18 01 60*	      HEX	00 18 01 60 00 00 14 D8 E8 B7 91 9A 04 02 00 08
     75  0050		       00 fd 1c 3c*	      HEX	00 FD 1C 3C EC AC B4 38 C4 E9 B6 FF BA BB 2A FE
     76  0060		       86 3e 85 3a*	      HEX	86 3E 85 3A A6 3E 86 40 A0 00 A5 3A 84 3C 85 3D
     77  0070		       a6 08 20 ae*	      HEX	A6 08 20 AE 00 C5 00 D0 F9 20 AE 00 C5 01 D0 F5
     78  0080		       20 ae 00 c5*	      HEX	20 AE 00 C5 02 D0 01 20 8C C0 10 FB 06 85 3F BD
     79  0090		       8c c0 10 fb*	      HEX	8C C0 10 FB 25 CA 00 3C C8 FF EC 0E 00 C0 BD 8C
     80  00a0		       c0 10 fb c5*	      HEX	C0 10 FB C5 03 D0 BD 00 3D C6 40 D0 DA 60 BD 8C
     81  00b0		       c0 10 fb 60*	      HEX	C0 10 FB 60 A2 D4 86 00 E8 86 01 E8 86 02 E8 86
     82  00c0		       03 a9 04 aa*	      HEX	03 A9 04 AA 60 FF 2A 29 B1 FF 48 2A 09 01 8A 49
     83  00d0		       ff c9 10 aa*	      HEX	FF C9 10 AA E8 09 AA EA FF A2 00 48 CA D0 FC A2
     84  00e0		       0f bd f0 04*	      HEX	0F BD F0 04 9D 00 01 CA D0 F7 9A 60 18 69 05 29
     85  00f0		       07 69 01 00*	      HEX	07 69 01 00 EA E8 CA E8 CA E8 CA C8 88 C8 88 C8
     86  0100
     87  0100					      ORG	$0100
     88  0100				   STACK_INITIAL
     89  0100		       be b9 b7 b4*	      HEX	BE B9 B7 B4 7B 63 90 61 FF 8B FE 07 FF 03 FF 5F
     90  0110		       5a 5a 5a 5a*	      HEX	5A 5A 5A 5A 5A 5A 5A 5A 5A 5A 5A 5A 5A 5A 5A 7A
     91  0120		       5a 5a 5a 5a*	      HEX	5A 5A 5A 5A 5A 5A 5A 5A 5A 5A 5A 5A 5A 5A 5A 7A
     92  0130		       5a 5a 5a 5a*	      HEX	5A 5A 5A 5A 5A 5A 5A 5A 5A 5A 5A 5A 5A 5A 5A 7A
     93  0140		       5a 5a 5a 5a*	      HEX	5A 5A 5A 5A 5A 5A 5A 5A 5A 5A 5A 5A 5A 5A 5A 7A
     94  0150		       5a 5a 5a 5a*	      HEX	5A 5A 5A 5A 5A 5A 5A 5A 5A 5A 5A 5A 5A 5A 5A 7A
     95  0160		       1d 7c fe 31*	      HEX	1D 7C FE 31 29 12 2D 60 FB 5D F7 72 D9 ED D1 A8
     96  0170		       fc fc fe 7b*	      HEX	FC FC FE 7B F7 FF 5E FF 35 FE EC CD BF EF 3D DD
     97  0180		       df ef ff df*	      HEX	DF EF FF DF F7 7B 7F BF 7F BF ED E5 BF DF ED D4
     98  0190		       01 2e 00 10*	      HEX	01 2E 00 10 4A 84 48 83 02 22 50 82 9A 0C 46 04
     99  01a0		       d7 19 ad 7f*	      HEX	D7 19 AD 7F 4C C7 DF BE FF 8F 7B CF DF FF B3 DA
    100  01b0		       00 08 02 f2*	      HEX	00 08 02 F2 00 05 86 00 09 F3 00 63 08 00 43 02
    101  01c0		       7f df fd cf*	      HEX	7F DF FD CF EB BF AF BF D5 FF C7 E7 BD FF BF 7B
    102  01d0		       c9 e4 61 06*	      HEX	C9 E4 61 06 19 07 04 56 01 63 42 0F 93 43 C2 46
    103  01e0		       89 4a 00 52*	      HEX	89 4A 00 52 05 2F 22 A3 A0 37 00 84 0A 01 80 40
    104  01f0		       00 09 00 06*	      HEX	00 09 00 06 17 26 FC 00 26 FC 6F BE 66 BE C6 42
    105  0200
    106  0200					      ORG	$0200
    107  0200				   RANDOM_INIT_DATA
------- FILE random_init_data.asm LEVEL 2 PASS 3
      0  0200					      INCLUDE	"random_init_data.asm"
      1  0200		       a9 d2 2c a9*	      HEX	A9 D2 2C A9 D0 2C A9 CC 2C A9 A1 48 20 E0 02 20
      2  0210		       2f fb 20 58*	      HEX	2F FB 20 58 FC 20 84 FE 68 8D 00 04 A0 00 98 99
      3  0220		       00 bf c8 d0*	      HEX	00 BF C8 D0 FA CE 21 02 AD 21 02 AA 2C 30 C0 EA
      4  0230		       ea ea c9 08*	      HEX	EA EA C9 08 B0 E6 8D F3 03 8D F4 03 AD FF 02 4A
      5  0240		       4a 4a 4a 09*	      HEX	4A 4A 4A 09 C0 E9 00 48 A9 FF 48 60 00 00 00 00
      6  0250		       00 00 00 00*	      HEX	00 00 00 00 00 00 00 00 00 00 00 00 00 00 00 00
      7  0260		       00 00 00 00*	      HEX	00 00 00 00 00 00 00 00 00 00 00 00 00 00 00 00
      8  0270		       00 00 00 00*	      HEX	00 00 00 00 00 00 00 00 00 00 00 00 00 00 00 00
      9  0280		       00 00 00 00*	      HEX	00 00 00 00 00 00 00 00 00 00 00 00 00 00 00 00
     10  0290		       00 00 00 00*	      HEX	00 00 00 00 00 00 00 00 00 00 00 00 00 00 00 00
     11  02a0		       00 00 00 00*	      HEX	00 00 00 00 00 00 00 00 00 00 00 00 00 00 00 00
     12  02b0		       00 00 00 00*	      HEX	00 00 00 00 00 00 00 00 00 00 00 00 00 00 00 00
     13  02c0		       00 00 00 00*	      HEX	00 00 00 00 00 00 00 00 00 00 00 00 00 00 00 00
     14  02d0		       00 00 00 00*	      HEX	00 00 00 00 00 00 00 00 00 00 00 00 00 00 00 00
     15  02e0		       ad 81 c0 ad*	      HEX	AD 81 C0 AD 81 C0 A0 00 A9 D0 84 00 85 01 B1 00
     16  02f0		       91 00 c8 d0*	      HEX	91 00 C8 D0 F9 E6 01 D0 F5 AD 80 C0 60 00 00 60
     17  0300		       00 02 00 00*	      HEX	00 02 00 00 00 00 00 00 00 00 00 00 00 00 00 00
     18  0310		       00 00 00 00*	      HEX	00 00 00 00 00 00 00 00 00 00 00 00 00 00 00 00
     19  0320		       00 00 00 00*	      HEX	00 00 00 00 00 00 00 00 00 00 00 00 00 00 00 00
     20  0330		       00 00 00 00*	      HEX	00 00 00 00 00 00 00 00 00 00 00 00 00 00 00 00
     21  0340		       00 00 00 00*	      HEX	00 00 00 00 00 00 00 00 00 00 00 00 00 00 00 00
     22  0350		       00 00 00 00*	      HEX	00 00 00 00 00 00 FF FF FF FF FF FF FF FF FF DF
     23  0360		       ff ff ff ff*	      HEX	FF FF FF FF FF FF FF FF FF FF FF FF 00 01 FF DF
     24  0370		       02 03 ff 04*	      HEX	02 03 FF 04 05 06 FF FF FF FF FF FF 07 08 FF DF
     25  0380		       ff 09 0a 0b*	      HEX	FF 09 0A 0B 0C 0D FF FF 0E 0F 10 11 12 13 F7 14
     26  0390		       15 16 17 18*	      HEX	15 16 17 18 19 1A FF FF FF FF FF FF FF FF F7 FF
     27  03a0		       ff 1b ff 1c*	      HEX	FF 1B FF 1C 1D 1E FF FF FF 1F FF FF 20 21 F7 22
     28  03b0		       23 24 25 26*	      HEX	23 24 25 26 27 28 FF FF FF FF FF 29 2A 2B F7 2C
     29  03c0		       2d 2e 2f 30*	      HEX	2D 2E 2F 30 31 32 FF FF 33 34 35 36 37 38 F7 39
     30  03d0		       3a 3b 3c 3d*	      HEX	3A 3B 3C 3D 3E 3F FF FF FF FF FF FF FF FF F7 FF
     31  03e0		       ff ff ff ff*	      HEX	FF FF FF FF FF FF FF FF FF FF FF FF FF FF F7 FF
     32  03f0		       03 02 00 02*	      HEX	03 02 00 02 A7 FF FF FF FF FF FF FF FF FF F7 FF
     33  0400		       a0 00 84 00*	      HEX	A0 00 84 00 84 01 84 03 84 02 B9 70 05 F0 21 85
     34  0410		       04 a2 08 a0*	      HEX	04 A2 08 A0 00 B1 03 45 00 85 00 B1 03 18 65 01
     35  0420		       85 01 c8 d0*	      HEX	85 01 C8 D0 F0 E6 04 CA D0 EB A4 02 C8 D0 D9 00
     36  0430		       ad fe 04 45*	      HEX	AD FE 04 45 00 F0 03 4C 06 02 AD FF 04 45 01 D0
     37  0440		       f6 ae ff 02*	      HEX	F6 AE FF 02 8E E9 B7 8E F7 B7 EA 20 80 04 EA EA
     38  0450		       a9 06 85 8c*	      HEX	A9 06 85 8C A9 FF 85 99 A9 CA 85 95 A9 4C 85 23
     39  0460		       a9 50 85 36*	      HEX	A9 50 85 36 A9 8E 85 37 A9 B5 85 38 A9 B7 85 39
     40  0470		       4c 00 60 00*	      HEX	4C 00 60 00 BD 88 C0 4C 0C 04 EA 00 00 00 18 00
     41  0480		       8a 4a 4a 4a*	      HEX	8A 4A 4A 4A 4A AA A9 18 9D 78 04 4C 03 06 03 06
     42  0490		       00 00 00 00*	      HEX	00 00 00 00 00 00 00 00 00 00 00 00 00 00 00 00
     43  04a0		       00 00 00 00*	      HEX	00 00 00 00 00 00 00 00 00 00 00 00 00 00 00 00
     44  04b0		       00 00 00 00*	      HEX	00 00 00 00 00 00 00 00 00 00 00 00 00 00 00 00
     45  04c0		       00 00 00 00*	      HEX	00 00 00 00 00 00 00 00 00 00 00 00 00 00 00 00
     46  04d0		       00 00 00 00*	      HEX	00 00 00 00 00 00 00 00 00 00 00 00 00 00 00 00
     47  04e0		       00 00 00 00*	      HEX	00 00 00 00 00 00 00 00 00 00 00 00 00 00 00 00
     48  04f0		       00 00 00 00*	      HEX	00 00 00 00 00 00 00 00 04 00 FF FF FF FF 64 76
     49  0500		       a9 ff 20 40*	      HEX	A9 FF 20 40 05 C9 DD D0 F7 20 42 05 C9 F5 D0 F5
     50  0510		       20 42 05 c9*	      HEX	20 42 05 C9 D5 D0 F5 20 39 05 8D 27 05 20 39 05
     51  0520		       8d 28 05 20*	      HEX	8D 28 05 20 39 05 8D FF FF C9 EA D0 EA BD 88 C0
     52  0530		       60 39 05 48*	      HEX	60 39 05 48 20 39 05 48 60 BD 8C C0 10 FB 38 2A
     53  0540		       85 ff bd 8c*	      HEX	85 FF BD 8C C0 10 FB 25 FF 60 00 00 00 00 00 00
     54  0550		       a0 00 84 05*	      HEX	A0 00 84 05 84 06 B9 70 05 F0 09 20 C0 05 A4 06
     55  0560		       c8 d0 f1 00*	      HEX	C8 D0 F1 00 60 20 C0 05 AD 00 C0 10 FB 2C 10 C0
     56  0570		       0f 17 60 68*	      HEX	0F 17 60 68 70 78 80 88 25 A0 A8 B0 B8 00 00 00
     57  0580		       48 a5 05 29*	      HEX	48 A5 05 29 07 A8 B9 F8 06 85 00 A5 05 4A 09 AA
     58  0590		       85 01 a5 05*	      HEX	85 01 A5 05 09 AA 85 02 68 E6 05 A2 01 4C 00 06
     59  05a0		       00 00 00 00*	      HEX	00 00 00 00 05 A2 01 A4 07 D0 03 4C 00 11 48 A9
     60  05b0		       01 20 a8 fc*	      HEX	01 20 A8 FC 68 4C 00 10 00 00 00 00 00 00 00 00
     61  05c0		       a0 04 84 04*	      HEX	A0 04 84 04 48 A2 01 20 80 05 A5 0A 18 69 01 20
     62  05d0		       06 06 68 18*	      HEX	06 06 68 18 69 01 48 20 80 05 A5 0A 38 E9 01 20
     63  05e0		       06 06 68 18*	      HEX	06 06 68 18 69 01 C6 04 D0 DA 48 A5 0A 18 69 03
     64  05f0		       20 03 06 68*	      HEX	20 03 06 68 60 00 00 00 60 00 00 00 00 00 00 00
     65  0600		       4c 09 06 4c*	      HEX	4C 09 06 4C 5D 06 4C D6 06 86 3E 85 3A A6 3E 86
     66  0610		       40 a0 00 a5*	      HEX	40 A0 00 A5 3A 84 3C 85 3D A6 08 20 57 06 C5 00
     67  0620		       d0 f9 20 57*	      HEX	D0 F9 20 57 06 C5 01 D0 F5 20 57 06 C5 02 D0 F5
     68  0630		       bd 8c c0 10*	      HEX	BD 8C C0 10 FB 2A 85 3F BD 8C C0 10 FB 25 3F 91
     69  0640		       3c c8 d0 ec*	      HEX	3C C8 D0 EC 0E 00 C0 BD 8C C0 10 FB C5 03 D0 BD
     70  0650		       e6 3d c6 40*	      HEX	E6 3D C6 40 D0 DA 60 BD 8C C0 10 FB 60 85 41 C5
     71  0660		       0a f0 4f a9*	      HEX	0A F0 4F A9 00 85 26 A5 0A 85 27 38 E5 41 F0 31
     72  0670		       b0 06 49 ff*	      HEX	B0 06 49 FF E6 0A 90 04 69 FE C6 0A C5 26 90 02
     73  0680		       a5 26 c9 0c*	      HEX	A5 26 C9 0C B0 01 A8 38 20 A5 06 B9 BE 06 20 B3
     74  0690		       06 a5 27 18*	      HEX	06 A5 27 18 20 A7 06 B9 CA 06 20 B3 06 E6 26 D0
     75  06a0		       c6 20 b3 06*	      HEX	C6 20 B3 06 18 A5 0A 29 03 2A 05 08 AA BD 80 C0
     76  06b0		       a6 08 60 a2*	      HEX	A6 08 60 A2 13 CA D0 FD 38 E9 01 D0 F6 60 01 30
     77  06c0		       28 24 20 1e*	      HEX	28 24 20 1E 1D 1C 1C 1C 1C 1C 70 2C 26 22 1F 1E
     78  06d0		       1d 1c 1c 1c*	      HEX	1D 1C 1C 1C 1C 1C A2 0D 8E B4 06 20 5D 06 A9 13
     79  06e0		       8d b4 06 60*	      HEX	8D B4 06 60 00 00 00 00 00 00 00 00 00 00 00 00
     80  06f0		       00 00 00 00*	      HEX	00 00 00 00 00 00 00 00 02 97 9A 9B 9D 9E 9F CB
     81  0700		       a9 d2 2c a9*	      HEX	A9 D2 2C A9 D0 2C A9 CC 2C A9 A1 48 20 E0 02 20
     82  0710		       2f fb 20 58*	      HEX	2F FB 20 58 FC 20 84 FE 68 8D 00 04 A0 00 98 99
     83  0720		       00 bf c8 d0*	      HEX	00 BF C8 D0 FA CE 21 02 AD 21 02 AA 2C 30 C0 EA
     84  0730		       ea ea c9 08*	      HEX	EA EA C9 08 B0 E6 8D F3 03 8D F4 03 AD FF 02 4A
     85  0740		       4a 4a 4a 09*	      HEX	4A 4A 4A 09 C0 E9 00 48 A9 FF 48 60 00 00 00 00
     86  0750		       00 00 00 00*	      HEX	00 00 00 00 00 00 00 00 00 00 00 00 00 00 00 00
     87  0760		       00 00 00 00*	      HEX	00 00 00 00 00 00 00 00 00 00 00 00 00 00 00 00
     88  0770		       00 00 00 00*	      HEX	00 00 00 00 00 00 00 00 00 00 00 00 00 00 00 00
     89  0780		       00 00 00 00*	      HEX	00 00 00 00 00 00 00 00 00 00 00 00 00 00 00 00
     90  0790		       00 00 00 00*	      HEX	00 00 00 00 00 00 00 00 00 00 00 00 00 00 00 00
     91  07a0		       00 00 00 00*	      HEX	00 00 00 00 00 00 00 00 00 00 00 00 00 00 00 00
     92  07b0		       00 00 00 00*	      HEX	00 00 00 00 00 00 00 00 00 00 00 00 00 00 00 00
     93  07c0		       00 00 00 00*	      HEX	00 00 00 00 00 00 00 00 00 00 00 00 00 00 00 00
     94  07d0		       00 00 00 00*	      HEX	00 00 00 00 00 00 00 00 00 00 00 00 00 00 00 00
     95  07e0		       ad 81 c0 ad*	      HEX	AD 81 C0 AD 81 C0 A0 00 A9 D0 84 00 85 01 B1 00
     96  07f0		       91 00 c8 d0*	      HEX	91 00 C8 D0 F9 E6 01 D0 F5 AD 80 C0 60 00 00 00
     97  0800		       01 a0 00 a9*	      HEX	01 A0 00 A9 20 A2 40 84 00 85 01 98 91 00 C8 D0
     98  0810		       fb e6 01 ca*	      HEX	FB E6 01 CA D0 F6 2C 52 C0 2C 57 C0 2C 54 C0 2C
     99  0820		       50 c0 a6 2b*	      HEX	50 C0 A6 2B 86 08 EA EA A0 00 EA EA B9 50 08 EA
    100  0830		       ea 49 a5 ea*	      HEX	EA 49 A5 EA EA 99 60 00 EA EA C8 D0 EF EA EA A2
    101  0840		       ff ea ea ea*	      HEX	FF EA EA EA 9A EA EA 60 DD AF FD 3F 12 44 87 31
    102  0850		       23 9b 20 9f*	      HEX	23 9B 20 9F 03 9B 23 E5 05 A5 00 9F 21 99 20 98
    103  0860		       03 ad 85 0b*	      HEX	03 AD 85 0B A5 60 A5 75 5C 85 0B A5 60 A4 75 50
    104  0870		       85 0b a5 60*	      HEX	85 0B A5 60 A7 75 50 18 29 65 B5 5E 8F 20 9A 18
    105  0880		       29 65 b5 5e*	      HEX	29 65 B5 5E 80 9A 34 99 6D 75 49 AB A5 65 18 29
    106  0890		       65 b5 5e 60*	      HEX	65 B5 5E 60 A6 75 18 43 98 63 E5 75 7F C5 18 29
    107  08a0		       65 b5 5e c5*	      HEX	65 B5 5E C5 07 71 23 A5 4D 23 A4 4D 23 A7 4D 23
    108  08b0		       a6 0c a1 0f*	      HEX	A6 0C A1 0F C5 5A 8F 8C 14 5A ED 8F AC A4 2F EC
    109  08c0		       5a 6c b5 0f*	      HEX	5A 6C B5 0F 4D AC 0F 4F 5A 07 A5 ED 6F 75 59 07
    110  08d0		       aa 18 55 a1*	      HEX	AA 18 55 A1 38 A5 A4 6F 75 52 3F C5 BD CC A0 8C
    111  08e0		       a2 cc a4 a5*	      HEX	A2 CC A4 A5 4F 4D 6F 4D 6F 4D 6F 6D 2D 6D 2D 6D
    112  08f0		       16 a5 fa a5*	      HEX	16 A5 FA A5 5A A6 A5 A1 5A 2E 5B A2 5A A6 5A FA
    113  0900		       ff ff ff ff*	      HEX	FF FF FF FF FF FF FF FF FF FF FF FF FF FF FF DF
    114  0910		       ff ff ff ff*	      HEX	FF FF FF FF FF FF FF FF FF FF FF FF FF FF FF DF
    115  0920		       ff ff ff ff*	      HEX	FF FF FF FF FF FF FF FF FF FF FF FF FF FF FF DF
    116  0930		       ff ff ff ff*	      HEX	FF FF FF FF FF FF FF FF FF FF FF FF FF FF FF DF
    117  0940		       ff ff ff ff*	      HEX	FF FF FF FF FF FF FF FF FF FF FF FF FF FF FF DF
    118  0950		       ff ff ff ff*	      HEX	FF FF FF FF FF FF FF FF FF FF FF FF FF FF FF DF
    119  0960		       ff ff ff ff*	      HEX	FF FF FF FF FF FF FF FF FF FF FF FF FF FF FF DF
    120  0970		       ff ff ff ff*	      HEX	FF FF FF FF FF FF FF FF FF FF FF FF FF FF FF DF
    121  0980		       ff ff ff ff*	      HEX	FF FF FF FF FF FF FF FF FF FF FF FF FF FF F7 FF
    122  0990		       ff ff ff ff*	      HEX	FF FF FF FF FF FF FF FF FF FF FF FF FF FF F7 FF
    123  09a0		       ff ff ff ff*	      HEX	FF FF FF FF FF FF FF FF FF FF FF FF FF FF F7 FF
    124  09b0		       ff ff ff ff*	      HEX	FF FF FF FF FF FF FF FF FF FF FF FF FF FF F7 FF
    125  09c0		       ff ff ff ff*	      HEX	FF FF FF FF FF FF FF FF FF FF FF FF FF FF F7 FF
    126  09d0		       ff ff ff ff*	      HEX	FF FF FF FF FF FF FF FF FF FF FF FF FF FF F7 FF
    127  09e0		       ff ff ff ff*	      HEX	FF FF FF FF FF FF FF FF FF FF FF FF FF FF F7 FF
    128  09f0		       ff ff ff ff*	      HEX	FF FF FF FF FF FF FF FF FF FF FF FF FF FF F7 FF
    129  0a00		       ff ff ff ff*	      HEX	FF FF FF FF FF FF FF DF FF FF FF FF FF FF FF DF
    130  0a10		       ff ff ff ff*	      HEX	FF FF FF FF FF FF FF DF FF FF FF FF FF FF FF DF
    131  0a20		       ff ff ff ff*	      HEX	FF FF FF FF FF FF FF DF FF FF FF FF FF FF FF DF
    132  0a30		       ff ff ff ff*	      HEX	FF FF FF FF FF FF FF DF FF FF FF FF FF FF FF DF
    133  0a40		       ff ff ff ff*	      HEX	FF FF FF FF FF FF FF DF FF FF FF FF FF FF FF DF
    134  0a50		       ff ff ff ff*	      HEX	FF FF FF FF FF FF FF DF FF FF FF FF FF FF FF DF
    135  0a60		       ff ff ff ff*	      HEX	FF FF FF FF FF FF FF DF FF FF FF FF FF FF FF DF
    136  0a70		       ff ff ff ff*	      HEX	FF FF FF FF FF FF FF DF FF FF FF FF FF FF FF DF
    137  0a80		       ff ff ff ff*	      HEX	FF FF FF FF FF FF FF FF FF FF FF FF FF FF FF BF
    138  0a90		       ff ff ff ff*	      HEX	FF FF FF FF FF FF FF FF FF FF FF FF FF FF FF BF
    139  0aa0		       ff ff ff ff*	      HEX	FF FF FF FF FF FF FF FF FF FF FF FF FF FF FF BF
    140  0ab0		       ff ff ff ff*	      HEX	FF FF FF FF FF FF FF FF FF FF FF FF FF FF FF BF
    141  0ac0		       ff ff ff ff*	      HEX	FF FF FF FF FF FF FF FF FF FF FF FF FF FF FF BF
    142  0ad0		       ff ff ff ff*	      HEX	FF FF FF FF FF FF FF FF FF FF FF FF FF FF FF BF
    143  0ae0		       ff ff ff ff*	      HEX	FF FF FF FF FF FF FF FF FF FF FF FF FF FF FF BF
    144  0af0		       ff ff ff ff*	      HEX	FF FF FF FF FF FF FF FF FF FF FF FF FF FF FF BF
    145  0b00		       ff ff ff ff*	      HEX	FF FF FF FF FF FF FF FF FF FF FF FF FF FF FF DF
    146  0b10		       ff ff ff ff*	      HEX	FF FF FF FF FF FF FF FF FF FF FF FF FF FF FF DF
    147  0b20		       ff ff ff ff*	      HEX	FF FF FF FF FF FF FF FF FF FF FF FF FF FF FF DF
    148  0b30		       ff ff ff ff*	      HEX	FF FF FF FF FF FF FF FF FF FF FF FF FF FF FF DF
    149  0b40		       ff ff ff ff*	      HEX	FF FF FF FF FF FF FF FF FF FF FF FF FF FF FF DF
    150  0b50		       ff ff ff ff*	      HEX	FF FF FF FF FF FF FF FF FF FF FF FF FF FF FF DF
    151  0b60		       ff ff ff ff*	      HEX	FF FF FF FF FF FF FF FF FF FF FF FF FF FF FF DF
    152  0b70		       ff ff ff ff*	      HEX	FF FF FF FF FF FF FF FF FF FF FF FF FF FF FF DF
    153  0b80		       ff ff ff ff*	      HEX	FF FF FF FF FF FF FF FF FF FF FF FF FF FF F7 FF
    154  0b90		       ff ff ff ff*	      HEX	FF FF FF FF FF FF FF FF FF FF FF FF FF FF F7 FF
    155  0ba0		       ff ff ff ff*	      HEX	FF FF FF FF FF FF FF FF FF FF FF FF FF FF F7 FF
    156  0bb0		       ff ff ff ff*	      HEX	FF FF FF FF FF FF FF FF FF FF FF FF FF FF F7 FF
    157  0bc0		       ff ff ff ff*	      HEX	FF FF FF FF FF FF FF FF FF FF FF FF FF FF F7 FF
    158  0bd0		       ff ff ff ff*	      HEX	FF FF FF FF FF FF FF FF FF FF FF FF FF FF F7 FF
    159  0be0		       ff ff ff ff*	      HEX	FF FF FF FF FF FF FF FF FF FF FF FF FF FF F7 FF
    160  0bf0		       ff ff ff ff*	      HEX	FF FF FF FF FF FF FF FF FF FF FF FF FF FF F7 FF
------- FILE main.asm
    109  0c00
    110  0c00					      ORG	$0C00
    111  0c00				   MORE_RANDOM_INIT_DATA
------- FILE more_random_init_data.asm LEVEL 2 PASS 3
      0  0c00					      INCLUDE	"more_random_init_data.asm"
      1  0c00		       ff ff ff ff*	      HEX	FF FF FF FF FF FF FF DF FF FF FF FF FF FF FF DF
      2  0c10		       ff ff ff ff*	      HEX	FF FF FF FF FF FF FF DF FF FF FF FF FF FF FF DF
      3  0c20		       ff ff ff ff*	      HEX	FF FF FF FF FF FF FF DF FF FF FF FF FF FF FF DF
      4  0c30		       ff ff ff ff*	      HEX	FF FF FF FF FF FF FF DF FF FF FF FF FF FF FF DF
      5  0c40		       ff ff ff ff*	      HEX	FF FF FF FF FF FF FF DF FF FF FF FF FF FF FF DF
      6  0c50		       ff ff ff ff*	      HEX	FF FF FF FF FF FF FF DF FF FF FF FF FF FF FF DF
      7  0c60		       fe ff ff ff*	      HEX	FE FF FF FF FF FF FF DF FF FF FF FF FF FF FF DF
      8  0c70		       ff ff ff ff*	      HEX	FF FF FF FF FF FF FF DF FF FF FF FF FF FF FF DF
      9  0c80		       ff ff ff ff*	      HEX	FF FF FF FF FF FF FF FF FF FF FF FF FF FF FF BF
     10  0c90		       ff ff ff ff*	      HEX	FF FF FF FF FF FF FF FF FF FF FF FF FF FF FF BF
     11  0ca0		       ff ff ff ff*	      HEX	FF FF FF FF FF FF FF FF FF FF FF FF FF FF FF BF
     12  0cb0		       ff ff ff ff*	      HEX	FF FF FF FF FF FF FF FF FF FF FF FF FF FF FF BF
     13  0cc0		       ff ff ff ff*	      HEX	FF FF FF FF FF FF FF FF FF FF FF FF FF FF FF BF
     14  0cd0		       ff ff ff ff*	      HEX	FF FF FF FF FF FF FF FF FF FF FF FF FF FF FF BF
     15  0ce0		       ff ff ff ff*	      HEX	FF FF FF FF FF FF FF FF FF FF FF FF FF FF FF BF
     16  0cf0		       ff ff ff ff*	      HEX	FF FF FF FF FF FF FF FF FF FF FF FF FF FF FF BF
     17  0d00		       ff ff ff ff*	      HEX	FF FF FF FF FF FF FF FF FF FF FF FF FF FF FF DF
     18  0d10		       ff ff ff ff*	      HEX	FF FF FF FF FF FF FF FF FF FF FF FF FF FF FF DF
     19  0d20		       ff ff ff ff*	      HEX	FF FF FF FF FF FF FF FF FF FF FF FF FF FF FF DF
     20  0d30		       ff ff ff ff*	      HEX	FF FF FF FF FF FF FF FF FF FF FF FF FF FF FF DF
     21  0d40		       ff ff ff ff*	      HEX	FF FF FF FF FF FF FF FF FF FF FF FF FF FF FF DF
     22  0d50		       ff ff ff ff*	      HEX	FF FF FF FF FF FF FF FF FF FF FF FF FF FF FF DF
     23  0d60		       ff ff ff ff*	      HEX	FF FF FF FF FF FF FF FF FF FF FF FF FF FF FF DF
     24  0d70		       ff ff ff ff*	      HEX	FF FF FF FF FF FF FF FF FF FF FF FF FF FF FF DF
     25  0d80		       ff ff ff ff*	      HEX	FF FF FF FF FF FF FF FF FF FF FF FF FF FF F7 FF
     26  0d90		       ff ff ff ff*	      HEX	FF FF FF FF FF FF FF FF FF FF FF FF FF FF F7 FF
     27  0da0		       ff ff ff ff*	      HEX	FF FF FF FF FF FF FF FF FF FF FF FF FF FF F7 FF
     28  0db0		       ff ff ff ff*	      HEX	FF FF FF FF FF FF FF FF FF FF FF FF FF FF F7 FF
     29  0dc0		       ff ff ff ff*	      HEX	FF FF FF FF FF FF FF FF FF FF FF FF FF FF F7 FF
     30  0dd0		       ff ff ff ff*	      HEX	FF FF FF FF FF FF FF FF FF FF FF FF FF FF F7 FF
     31  0de0		       ff ff ff ff*	      HEX	FF FF FF FF FF FF FF FF FF FF FF FF FF FF F7 FF
     32  0df0		       ff ff ff ff*	      HEX	FF FF FF FF FF FF FF FF FF FF FF FF FF FF F7 FF
     33  0e00		       ff ff ff ff*	      HEX	FF FF FF FF FF FF FF DF FF FF FF FF FF FF FF DF
     34  0e10		       ff ff ff ff*	      HEX	FF FF FF FF FF FF FF DF FF FF FF FF FF FF FF DF
     35  0e20		       ff ff ff ff*	      HEX	FF FF FF FF FF FF FF DF FF FF FF FF FF FF FF DF
     36  0e30		       ff ff ff ff*	      HEX	FF FF FF FF FF FF FF DF FF FF FF FF FF FF FF DF
     37  0e40		       ff ff ff ff*	      HEX	FF FF FF FF FF FF FF DF FF FF FF FF FF FF FF DF
     38  0e50		       ff ff ff ff*	      HEX	FF FF FF FF FF FF FF DF FF FF FF FF FF FF FF DF
     39  0e60		       ff ff ff ff*	      HEX	FF FF FF FF FF FF FF DF FF FF FF FF FF FF FF DF
     40  0e70		       ff ff ff ff*	      HEX	FF FF FF FF FF FF FF DF FF FF FF FF FF FF FF DF
     41  0e80		       ff ff ff ff*	      HEX	FF FF FF FF FF FF FF FF FF FF FF FF FF FF FF BF
     42  0e90		       ff ff ff ff*	      HEX	FF FF FF FF FF FF FF FF FF FF FF FF FF FF FF BF
     43  0ea0		       ff ff ff ff*	      HEX	FF FF FF FF FF FF FF FF FF FF FF FF FF FF FF BF
     44  0eb0		       ff ff ff ff*	      HEX	FF FF FF FF FF FF FF FF FF FF FF FF FF FF FF BF
     45  0ec0		       ff ff ff ff*	      HEX	FF FF FF FF FF FF FF FF FF FF FF FF FF FF FF BF
     46  0ed0		       ff ff ff ff*	      HEX	FF FF FF FF FF FF FF FF FF FF FF FF FF FF FF BF
     47  0ee0		       ff ff ff ff*	      HEX	FF FF FF FF FF FF FF FF FF FF FF FF FF FF FF BF
     48  0ef0		       ff ff ff ff*	      HEX	FF FF FF FF FF FF FF FF FF FF FF FF FF FF FF BF
     49  0f00		       12 85 18 85*	      HEX	12 85 18 85 1C 94 23 A8 00 11 A0 95 18 85 1C 94
     50  0f10		       23 a8 00 11*	      HEX	23 A8 00 11 A0 95 18 85 1C 94 23 A8 00 11 A8 D0
     51  0f20		       18 85 1c 94*	      HEX	18 85 1C 94 23 A8 00 06 94 0C 85 11 A8 D0 18 85
     52  0f30		       1c 94 23 a8*	      HEX	1C 94 23 A8 00 06 94 0C 85 11 A8 D0 18 85 1C 94
     53  0f40		       23 a8 00 06*	      HEX	23 A8 00 06 94 0C 85 11 A8 D0 18 85 1C 94 23 A8
     54  0f50		       00 04 84 a0*	      HEX	00 04 84 A0 D5 82 90 80 81 A8 D5 80 84 11 A8 D0
     55  0f60		       18 85 1c 94*	      HEX	18 85 1C 94 23 A8 00 04 94 A0 D5 82 94 80 85 A8
     56  0f70		       d5 80 85 11*	      HEX	D5 80 85 11 A8 94 18 85 1C 94 23 A8 00 04 D5 A0
     57  0f80		       d5 82 d5 a0*	      HEX	D5 82 D5 A0 95 A8 D5 A0 95 11 A8 95 80 85 A8 80
     58  0f90		       a8 85 a8 80*	      HEX	A8 85 A8 80 A8 D4 82 94 A8 C0 82 C0 AA 00 04 D5
     59  0fa0		       82 94 a0 d5*	      HEX	82 94 A0 D5 A0 D5 80 85 A8 95 11 A8 95 A0 85 AA
     60  0fb0		       81 aa 85 aa*	      HEX	81 AA 85 AA 81 AA D4 8A 94 A8 D0 8A D0 AA 00 04
     61  0fc0		       d5 8a 94 a8*	      HEX	D5 8A 94 A8 D5 A0 D5 82 85 AA 95 11 A8 95 A0 85
     62  0fd0		       aa 80 aa 85*	      HEX	AA 80 AA 85 AA 81 AA D4 8A 94 A8 D0 8A D0 AA 00
     63  0fe0		       04 94 aa 94*	      HEX	04 94 AA 94 AA 94 80 C5 8A C5 8A 85 11 A8 D4 A8
     64  0ff0		       c1 8a c4 82*	      HEX	C1 8A C4 82 C5 82 C5 8A 94 A8 94 A8 94 A8 94 A8
     65  1000		       00 04 94 a8*	      HEX	00 04 94 A8 D5 8A 94 80 85 AA D5 82 85 11 A8 D0
     66  1010		       a8 c0 82 c5*	      HEX	A8 C0 82 C5 82 C5 82 C5 82 94 A8 94 A8 94 A8 94
     67  1020		       a8 00 04 90*	      HEX	A8 00 04 90 A0 D5 82 94 80 85 A8 D5 80 85 11 A8
     68  1030		       d0 a8 c0 82*	      HEX	D0 A8 C0 82 C5 82 C5 82 C5 82 94 A8 94 A8 94 A8
     69  1040		       94 a8 00 04*	      HEX	94 A8 00 04 D0 80 D5 80 85 80 94 A0 95 A0 81 11
     70  1050		       a8 d0 a8 c0*	      HEX	A8 D0 A8 C0 82 C5 82 C5 AA C1 82 94 A8 94 A8 94
     71  1060		       a8 94 a8 00*	      HEX	A8 94 A8 00 04 D0 08 85 80 94 0D A0 81 11 A8 D0
     72  1070		       a8 c0 82 c5*	      HEX	A8 C0 82 C5 82 C5 AA C1 82 94 A8 94 A8 94 A8 94
     73  1080		       a8 00 04 d0*	      HEX	A8 00 04 D0 08 85 80 94 0D A0 81 11 A8 D0 A8 C0
     74  1090		       82 c5 82 c5*	      HEX	82 C5 82 C5 AA C0 82 94 A8 94 A8 94 A8 94 A8 00
     75  10a0		       04 d0 08 85*	      HEX	04 D0 08 85 80 94 0D A0 81 11 A8 D0 A8 C0 82 C5
     76  10b0		       82 c5 82 c0*	      HEX	82 C5 82 C0 82 94 A8 94 A8 94 A8 94 A8 00 04 D0
     77  10c0		       08 85 8a 94*	      HEX	08 85 8A 94 0D A0 81 11 A8 D0 A8 C0 80 C5 82 C5
     78  10d0		       82 c4 82 94*	      HEX	82 C4 82 94 A8 94 A8 94 A8 94 A8 00 04 C0 82 80
     79  10e0		       a0 81 8a d0*	      HEX	A0 81 8A D0 0D A8 11 A8 D0 A8 80 80 C5 82 C5 82
     80  10f0		       c5 82 94 a8*	      HEX	C5 82 94 A8 94 A8 94 A8 94 A8 00 04 C0 82 80 A0
     81  1100		       81 8a d0 0d*	      HEX	81 8A D0 0D A8 11 A8 95 A8 80 AA 81 AA 81 AA C1
     82  1110		       82 d0 8a d0*	      HEX	82 D0 8A D0 8A 94 A8 D0 8A 00 04 C0 82 80 A0 D1
     83  1120		       aa d1 0d a8*	      HEX	AA D1 0D A8 11 A8 95 A8 80 AA 81 AA 81 AA C1 82
     84  1130		       d0 8a d0 8a*	      HEX	D0 8A D0 8A 94 A8 D0 8A 00 04 C0 82 80 A0 D1 AA
     85  1140		       d1 0d a8 11*	      HEX	D1 0D A8 11 A8 85 A8 80 A8 80 A8 80 A8 C0 82 C0
     86  1150		       82 c0 82 94*	      HEX	82 C0 82 94 A8 C0 82 00 05 AA D5 A2 D1 AA D1 A8
     87  1160		       d5 8a 00 05*	      HEX	D5 8A 00 05 AA D5 82 81 8A 90 A8 D5 8A 00 05 AA
     88  1170		       d5 82 85 8a*	      HEX	D5 82 85 8A 94 A8 D5 8A 00 07 8A 95 8A 95 8A 13
     89  1180		       a0 85 17 a0*	      HEX	A0 85 17 A0 81 00 07 8A D4 AA 85 8A 13 A8 85 17
     90  1190		       a8 81 00 07*	      HEX	A8 81 00 07 8A D0 AA 81 8A 13 A8 85 17 A8 D1 00
     91  11a0		       07 a8 c0 aa*	      HEX	07 A8 C0 AA C0 82 13 AA 17 AA D0 00 07 A8 0A C0
     92  11b0		       82 13 8a 17*	      HEX	82 13 8A 17 8A D0 00 07 A8 0A C0 82 13 8A 17 8A
     93  11c0		       d0 00 07 a8*	      HEX	D0 00 07 A8 0A C0 82 13 8A 17 8A D0 00 07 A8 0A
     94  11d0		       c0 82 13 8a*	      HEX	C0 82 13 8A 17 8A D0 00 07 A0 81 80 D0 13 8A 17
     95  11e0		       8a d0 00 07*	      HEX	8A D0 00 07 A0 81 80 D0 13 A8 80 A8 C0 AA D4 82
     96  11f0		       85 8a 94 a0*	      HEX	85 8A 94 A0 81 A0 C1 8A 00 07 A0 81 80 D0 13 A8
     97  1200		       80 aa c1 aa*	      HEX	80 AA C1 AA D4 82 85 8A 94 A8 85 A8 C1 AA 00 07
     98  1210		       a0 81 80 d0*	      HEX	A0 81 80 D0 13 A8 80 AA C1 AA D4 82 85 8A 94 A8
     99  1220		       85 a8 d1 aa*	      HEX	85 A8 D1 AA 00 08 D5 AA 95 13 A8 C1 82 85 8A D0
    100  1230		       80 85 8a 94*	      HEX	80 85 8A 94 8A 94 AA D0 A0 81 00 08 D5 AA 95 13
    101  1240		       a0 c1 82 85*	      HEX	A0 C1 82 85 8A D0 80 85 8A 94 82 94 8A D0 A0 81
    102  1250		       00 08 d5 aa*	      HEX	00 08 D5 AA 95 13 A0 C5 82 85 8A D0 80 85 8A 94
    103  1260		       80 94 8a d0*	      HEX	80 94 8A D0 A0 81 00 14 C5 82 85 8A D0 80 85 8A
    104  1270		       94 a0 95 8a*	      HEX	94 A0 95 8A D0 AA 00 14 C5 82 85 8A D0 80 85 8A
    105  1280		       94 a8 95 8a*	      HEX	94 A8 95 8A D0 AA 00 14 C5 82 85 8A D0 80 85 8A
    106  1290		       94 a8 95 8a*	      HEX	94 A8 95 8A D0 8A 00 14 C5 82 85 8A D0 80 85 8A
    107  12a0		       94 8a 94 8a*	      HEX	94 8A 94 8A D0 00 14 C5 82 85 8A D0 80 85 8A 94
    108  12b0		       8a 94 8a d0*	      HEX	8A 94 8A D0 80 81 00 13 A0 C5 82 85 8A D0 82 85
    109  12c0		       8a 94 8a 94*	      HEX	8A 94 8A 94 8A D0 A0 81 00 13 AA 81 AA 81 8A C0
    110  12d0		       8a d4 aa 85*	      HEX	8A D4 AA 85 A8 85 8A C0 AA 00 13 AA 81 AA 81 8A
    111  12e0		       c0 8a d4 aa*	      HEX	C0 8A D4 AA 85 A8 85 8A C0 AA 00 13 AA 80 A8 80
    112  12f0		       8a 80 8a d0*	      HEX	8A 80 8A D0 A0 81 A0 81 8A 80 8A 00 00 00 00 00
    113  1300		       00 00 00 00*	      HEX	00 00 00 00 00 00 0D D0 8A 00 0D D0 A8 17 C0 82
    114  1310		       00 0d d0 a8*	      HEX	00 0D D0 A8 17 C0 82 00 0D D0 A8 D0 82 95 A0 95
    115  1320		       a8 81 aa d0*	      HEX	A8 81 AA D0 8A D4 82 00 0D D0 8A 94 A0 D1 A8 80
    116  1330		       8a c5 a2 c1*	      HEX	8A C5 A2 C1 82 85 00 0D D0 80 94 A0 D1 A8 80 8A
    117  1340		       c5 a2 c1 82*	      HEX	C5 A2 C1 82 85 00 0D D0 80 94 A0 95 A0 85 AA C1
    118  1350		       a2 c1 82 d4*	      HEX	A2 C1 82 D4 00 0D D0 80 94 A0 81 80 94 8A C0 A2
    119  1360		       c1 82 c0 82*	      HEX	C1 82 C0 82 00 0D D0 80 94 A0 81 80 94 8A C0 A2
    120  1370		       c1 82 c0 82*	      HEX	C1 82 C0 82 00 0D D0 80 94 80 95 A8 85 A8 C1 A2
    121  1380		       81 8a d5 00*	      HEX	81 8A D5 00 00 00 00 00 00 00 00 00 00 00 C0 FF
    122  1390		       9f 09 c0 ff*	      HEX	9F 09 C0 FF 9F 11 FE FF FF 9F 00 E0 FF BF 09 E0
    123  13a0		       ff bf 11 ff*	      HEX	FF BF 11 FF FF FF BF 00 80 FF BF 0A FF BF 11 FC
    124  13b0		       ff ff bf 00*	      HEX	FF FF BF 00 80 FF BF 0A FF BF 11 FC FF FF BF 00
    125  13c0		       80 ff bf 0a*	      HEX	80 FF BF 0A FF BF 11 FE FF FF BF 00 C0 FF BF 0A
    126  13d0		       ff 9f 11 fe*	      HEX	FF 9F 11 FE FF FF BF 00 C0 FF BF 0A FF 9F 11 FE
    127  13e0		       ff ff bf 00*	      HEX	FF FF BF 00 C0 FF 9F 0A FF 9F 11 FE FF FF BF 00
    128  13f0		       c0 ff 9f 80*	      HEX	C0 FF 9F 80 F0 FF FF 83 F8 FF FF 9F F8 FF FF 80
    129  1400		       80 ff bf fc*	      HEX	80 FF BF FC 9F F8 FF FC BF FC FF F8 FF F0 FF F3
    130  1410		       ff 80 ff ff*	      HEX	FF 80 FF FF 9F FE 9F BE 00 C0 FF 9F 80 FC FF FF
    131  1420		       87 fc ff ff*	      HEX	87 FC FF FF 9F FC FF FF 81 80 FF BF F8 9F FC FF
    132  1430		       f9 ff f8 ff*	      HEX	F9 FF F8 FF FE FF E1 FF FB FF C0 FF FF 9F FF BF
    133  1440		       bf 00 e0 ff*	      HEX	BF 00 E0 FF 9F 80 FC FF FF 87 FE FF FF 8F FE FF
    134  1450		       ff 81 80 ff*	      HEX	FF 81 80 FF BF F8 9F F0 FF F9 FF F8 FF FE FF E1
    135  1460		       ff fb ff e1*	      HEX	FF FB FF E1 FF FF BF FC FF BF 00 E0 FF 9F 80 FE
    136  1470		       ff ff 87 ff*	      HEX	FF FF 87 FF FF FF 8F FE FF FF 81 80 FF BF F8 9F
    137  1480		       f0 ff f9 ff*	      HEX	F0 FF F9 FF F8 FF FF FF E1 FF FF FF E1 FF FF BF
    138  1490		       fc ff bf 00*	      HEX	FC FF BF 00 E0 FF 8F 80 FE FF FF 87 FF FF FF 8F
    139  14a0		       ff ff ff 81*	      HEX	FF FF FF 81 80 FF 9F FC 9F F0 FF F8 BF F8 FF FF
    140  14b0		       ff e1 ff ff*	      HEX	FF E1 FF FF FF F1 FF FF BF FE FF 9F 00 E0 FF 8F
    141  14c0		       80 fe ff ff*	      HEX	80 FE FF FF C7 FF FF FF 8F FF FF FF 81 C0 FF 9F
    142  14d0		       fc 8f f0 ff*	      HEX	FC 8F F0 FF FC BF F8 FF FF FF E1 FF FF FF F0 FF
    143  14e0		       ff bf fe ff*	      HEX	FF BF FE FF 9F 00 F0 FF 8F 80 FE FF FF C7 FF FF
    144  14f0		       ff c7 ff ff*	      HEX	FF C7 FF FF FF 81 C0 FF 9F FE 8F F0 FF FC BF F8
    145  1500		       ff ff ff e1*	      HEX	FF FF FF E1 FF FF FF F0 FF FF 9F FE FF 9F 00 F0
    146  1510		       ff 8f 80 ff*	      HEX	FF 8F 80 FF FF FF E7 FF FF FF C7 FF FF FF 81 C0
    147  1520		       ff ff ff 8f*	      HEX	FF FF FF 8F F0 FF FC BF F8 FF FF FF E1 FF FF FF
    148  1530		       f0 ff ff 9f*	      HEX	F0 FF FF 9F FE FF 8F 00 F0 FF 87 80 FF 87 FF E7
    149  1540		       ff e1 ff c7*	      HEX	FF E1 FF C7 FF C3 FF 81 C0 FF FF FF 8F F8 BF FC
    150  1550		       bf f8 ff fc*	      HEX	BF F8 FF FC FF F0 FF F9 FF F8 FF E1 9F FE BF 00
    151  1560		       f0 ff 87 80*	      HEX	F0 FF 87 80 FF C7 FF E3 FF E1 FF E7 FF E1 FF 81
    152  1570		       e0 ff ff ff*	      HEX	E0 FF FF FF 87 F8 BF FC 9F FC FF FC FF F0 FF F8
    153  1580		       ff f8 ff f0*	      HEX	FF F8 FF F0 9F FF 9F 00 F0 FF 87 80 FF C7 FF E3
    154  1590		       ff f1 ff e7*	      HEX	FF F1 FF E7 FF E1 FF 80 E0 FF FF FF 81 F8 BF FE
    155  15a0		       9f fc bf fc*	      HEX	9F FC BF FC FF F0 FF F8 BF F8 FF F0 8F FF 9F 00
    156  15b0		       f8 ff 87 c0*	      HEX	F8 FF 87 C0 FF C3 FF F3 FF F1 FF E3 FF FF FF 80
    157  15c0		       e0 ff ff ff*	      HEX	E0 FF FF FF 80 F8 BF FE 9F FC BF FC FF F0 FF F8
    158  15d0		       bf f8 ff ff*	      HEX	BF F8 FF FF 8F FF 8F 00 F8 FF 87 C0 FF C3 FF F3
    159  15e0		       ff f0 ff f3*	      HEX	FF F0 FF F3 FF FF FF 80 E0 FF FF BF 80 F8 9F FE
    160  15f0		       9f fc bf fc*	      HEX	9F FC BF FC BF F8 FF FC BF FC FF FF 8F FF 8F 00
    161  1600		       f8 ff 83 c0*	      HEX	F8 FF 83 C0 FF C3 FF F3 FF F0 FF F3 FF FF BF 80
    162  1610		       e0 ff ff bf*	      HEX	E0 FF FF BF 80 FC 9F FE 8F FC BF FC BF F8 BF FC
    163  1620		       bf fc ff ff*	      HEX	BF FC FF FF CF FF 8F 00 F8 FF 83 C0 FF E3 FF F9
    164  1630		       ff f0 ff f3*	      HEX	FF F0 FF F3 FF FF BF 80 F0 FF FF BF 80 FC 9F FE
    165  1640		       8f fe bf fe*	      HEX	8F FE BF FE BF F8 BF FC 9F FC FF FF C7 FF 8F 00
    166  1650		       f8 ff 83 e0*	      HEX	F8 FF 83 E0 FF E1 FF F9 FF F8 FF F9 FF 83 80 80
    167  1660		       f0 ff ff ff*	      HEX	F0 FF FF FF 80 FC 9F FF 8F FE 9F FE BF F8 BF FC
    168  1670		       9f fc bf 80*	      HEX	9F FC BF 80 C0 FF 87 00 FC FF 83 E0 FF E1 FF F9
    169  1680		       bf f8 ff f9*	      HEX	BF F8 FF F9 FF 81 80 80 F0 FF FF FF 80 FC 9F FF
    170  1690		       8f fe 9f fe*	      HEX	8F FE 9F FE 9F F8 BF FE 9F FE BF 80 C0 FF 87 00
    171  16a0		       fc ff 81 e0*	      HEX	FC FF 81 E0 FF E1 FF F9 BF F8 FF F9 FF 81 80 80
    172  16b0		       f0 ff fb ff*	      HEX	F0 FF FB FF 81 FE 8F FF 8F FE 9F FE 9F FC BF FE
    173  16c0		       9f fe 9f 80*	      HEX	9F FE 9F 80 C0 FF 87 00 FC FF 81 E4 FF F1 FF F8
    174  16d0		       bf f8 ff f9*	      HEX	BF F8 FF F9 FF 80 90 80 F8 FF F3 FF 81 FE CF FF
    175  16e0		       87 ff 9f ff*	      HEX	87 FF 9F FF 9F FC 9F FE 9F FE 9F 80 E2 FF 87 00
    176  16f0		       fc ff 81 e6*	      HEX	FC FF 81 E6 FF F1 FF F8 BF FC FF F9 FF 81 98 80
    177  1700		       f8 ff f3 ff*	      HEX	F8 FF F3 FF 81 FE CF FF 87 FF 8F FF 9F FC 9F FE
    178  1710		       8f fe bf 80*	      HEX	8F FE BF 80 E3 FF 83 00 FE FF FF F7 FF FF FF F8
    179  1720		       ff ff ff fc*	      HEX	FF FF FF FC FF FF 9F 80 F8 FF F3 FF 93 FE FF FF
    180  1730		       87 ff 8f ff*	      HEX	87 FF 8F FF 8F FC 9F FE 8F FE FF FF E3 FF 83 00
    181  1740		       fe ff ff f7*	      HEX	FE FF FF F7 FF FF FF FC FF FF FF FC FF FF 9F 80
    182  1750		       f8 ff f3 ff*	      HEX	F8 FF F3 FF 9F FF FF FF 87 FF 8F FF 8F FE 9F FF
    183  1760		       8f fe ff ff*	      HEX	8F FE FF FF E3 FF 83 00 FE FF FF F3 FF FF FF FC
    184  1770		       ff ff ff fc*	      HEX	FF FF FF FC FF FF 8F 80 F8 FF E1 FF 9F FF FF FF
    185  1780		       83 ff 8f ff*	      HEX	83 FF 8F FF 8F FE 8F FF 8F FF FF FF E3 FF 83 00
    186  1790		       fe ff ff f3*	      HEX	FE FF FF F3 FF FF BF FC FF FF FF FC FF FF 8F 80
    187  17a0		       fc ff e1 ff*	      HEX	FC FF E1 FF 9F FF FF FF C3 FF C7 FF 8F FE 8F FF
    188  17b0		       87 ff ff ff*	      HEX	87 FF FF FF F3 FF 81 00 FE FF FF F3 FF FF BF FC
    189  17c0		       ff ff bf fc*	      HEX	FF FF BF FC FF FF 8F 80 FC FF E1 FF 8F FF FF FF
    190  17d0		       c3 ff c7 ff*	      HEX	C3 FF C7 FF 8F FE 8F FF 87 FF FF FF F1 FF 81 00
    191  17e0		       fe ff ff f3*	      HEX	FE FF FF F3 FF FF BF FC FF FF BF FC FF FF 8F 80
    192  17f0		       fc ff e1 ff*	      HEX	FC FF E1 FF CF FF FF FF C3 FF C7 FF 87 FE CF FF
    193  1800		       87 fe ff ff*	      HEX	87 FE FF FF F1 FF 81 00 FE FF FF F1 FF FF BF FC
    194  1810		       ff fe bf f8*	      HEX	FF FE BF F8 FF FF 87 80 FC FF C1 FF CF FF FF FF
    195  1820		       c3 ff c7 ff*	      HEX	C3 FF C7 FF 87 FF C7 FF 87 FE FF FF F1 FF 81 00
    196  1830		       fe ff ff e1*	      HEX	FE FF FF E1 FF FF 9F F8 BF FE BF F8 FF FF 87 80
    197  1840		       fc ff c1 ff*	      HEX	FC FF C1 FF C7 FF EF FF C3 FF C7 FF 87 FF C7 FF
    198  1850		       87 fe ff ff*	      HEX	87 FE FF FF F1 FF 81 00 FE FF FF E1 FF FF 9F F8
    199  1860		       bf fe ff f1*	      HEX	BF FE FF F1 FF FF 87 80 FC FF C3 FF C7 FF E7 FF
    200  1870		       cf ff df ff*	      HEX	CF FF DF FF 9F FF 9F FF 9F FC FF FF F0 FF 87 00
    201  1880		       fc ff ff c0*	      HEX	FC FF FF C0 FF FF 8F F0 9F FC FF E0 FF FF 83 80
    202  1890		       f0 ff 81 ff*	      HEX	F0 FF 81 FF 87 FF E7 FF C7 FF CF FF 8F FE 8F FF
    203  18a0		       8f f8 ff bf*	      HEX	8F F8 FF BF F0 FF 83 00 00 00 00 00 00 00 00 00
    204  18b0		       00 00 12 aa*	      HEX	00 00 12 AA 81 00 12 8A 85 00 12 8A 85 00 12 8A
    205  18c0		       85 00 12 aa*	      HEX	85 00 12 AA C1 A2 81 00 12 8A C5 A2 81 00 12 8A
    206  18d0		       c5 a2 81 00*	      HEX	C5 A2 81 00 12 8A C5 A2 81 00 12 8A C5 A2 81 00
    207  18e0		       12 aa 81 aa*	      HEX	12 AA 81 AA 81 00 14 A0 81 00 14 A0 81 00 14 AA
    208  18f0		       00 00 00 00*	      HEX	00 00 00 00 00 00 00 00 00 00 00 0B A0 D5 14 D0
    209  1900		       aa 00 0b a0*	      HEX	AA 00 0B A0 C1 82 14 94 19 A0 C1 82 00 0B A0 C1
    210  1910		       82 14 94 18*	      HEX	82 14 94 18 D0 A0 C1 82 00 0B A0 C1 82 14 94 18
    211  1920		       d0 a0 c1 82*	      HEX	D0 A0 C1 82 00 0B A0 C1 82 14 94 19 A0 C1 82 00
    212  1930		       0b a0 c1 82*	      HEX	0B A0 C1 82 D5 A0 C1 82 D5 82 D0 8A D0 AA D0 A8
    213  1940		       c5 aa 81 00*	      HEX	C5 AA 81 00 0B A0 C1 A2 C1 A2 C1 A2 C1 82 80 A8
    214  1950		       94 a2 d1 a0*	      HEX	94 A2 D1 A0 C1 82 85 00 0B A0 C1 A2 C1 A2 C1 A2
    215  1960		       c1 82 80 a8*	      HEX	C1 82 80 A8 94 A2 D1 A0 C1 82 85 00 0B A0 C1 A2
    216  1970		       c1 a2 c1 a2*	      HEX	C1 A2 C1 A2 C1 82 80 A8 94 A2 D1 A0 C1 82 85 00
    217  1980		       0b a0 c1 a2*	      HEX	0B A0 C1 A2 C1 A2 C1 A2 C1 82 80 A8 94 A2 D1 A0
    218  1990		       c1 82 85 00*	      HEX	C1 82 85 00 0B A0 C1 A2 C1 A2 C1 A2 C1 82 80 A8
    219  19a0		       94 a2 d1 a0*	      HEX	94 A2 D1 A0 C1 82 85 00 0B A0 D5 80 D5 80 D5 80
    220  19b0		       d5 82 d4 8a*	      HEX	D5 82 D4 8A 94 A2 D1 80 C5 82 85 00 12 C0 82 00
    221  19c0		       12 c0 82 00*	      HEX	12 C0 82 00 12 C0 82 00 12 D5 00 00 00 00 00 00
    222  19d0		       00 00 00 00*	      HEX	00 00 00 00 00 00 00 00 0B B0 9E 83 F8 81 13 C0
    223  19e0		       81 b0 c0 81*	      HEX	81 B0 C0 81 80 E3 C3 87 8F 00 0B 98 B3 86 8C 83
    224  19f0		       13 c0 81 b0*	      HEX	13 C0 81 B0 C0 81 80 B3 E6 CC 99 00 0B 8C 83 8C
    225  1a00		       8c 15 b0 f0*	      HEX	8C 15 B0 F0 87 80 B3 E6 8C 98 00 0B 8C 83 8C 8C
    226  1a10		       e0 e3 c7 99*	      HEX	E0 E3 C7 99 CE F1 F1 C3 81 80 B3 C6 87 8E 00 0B
    227  1a20		       8c 83 8c 8c*	      HEX	8C 83 8C 8C B0 E6 CC 99 C3 99 B3 C6 81 80 E3 E7
    228  1a30		       8c 98 00 0b*	      HEX	8C 98 00 0B 8C 83 8C 8C B0 E6 CC 99 C3 99 B3 C6
    229  1a40		       81 80 83 e6*	      HEX	81 80 83 E6 8C 98 00 0B 98 B3 86 8C B3 E6 CC 99
    230  1a50		       c3 99 b3 c6*	      HEX	C3 99 B3 C6 81 80 83 E6 CC 99 00 0B B0 9E 83 F8
    231  1a60		       e1 e3 87 9f*	      HEX	E1 E3 87 9F C3 F1 B3 86 87 80 E3 C3 87 8F 00 10
    232  1a70		       e0 80 98 15*	      HEX	E0 80 98 15 83 00 10 E0 80 98 15 83 00 10 E0 80
    233  1a80		       8f 80 f0 81*	      HEX	8F 80 F0 81 00
------- FILE main.asm
    113  1a85
    114  1a85					      ORG	$1A85
    115  1a85				   ROW_TO_OFFSET_LO
------- FILE row_to_offset_lo_table.asm LEVEL 2 PASS 3
      0  1a85					      INCLUDE	"row_to_offset_lo_table.asm"
      1  1a85		       00 00 00 00*	      HEX	00 00 00 00 00 00 00 00 80 80 80 80 80 80 80 80
      2  1a95		       00 00 00 00*	      HEX	00 00 00 00 00 00 00 00 80 80 80 80 80 80 80 80
      3  1aa5		       00 00 00 00*	      HEX	00 00 00 00 00 00 00 00 80 80 80 80 80 80 80 80
      4  1ab5		       00 00 00 00*	      HEX	00 00 00 00 00 00 00 00 80 80 80 80 80 80 80 80
      5  1ac5		       28 28 28 28*	      HEX	28 28 28 28 28 28 28 28 a8 a8 a8 a8 a8 a8 a8 a8
      6  1ad5		       28 28 28 28*	      HEX	28 28 28 28 28 28 28 28 a8 a8 a8 a8 a8 a8 a8 a8
      7  1ae5		       28 28 28 28*	      HEX	28 28 28 28 28 28 28 28 a8 a8 a8 a8 a8 a8 a8 a8
      8  1af5		       28 28 28 28*	      HEX	28 28 28 28 28 28 28 28 a8 a8 a8 a8 a8 a8 a8 a8
      9  1b05		       50 50 50 50*	      HEX	50 50 50 50 50 50 50 50 d0 d0 d0 d0 d0 d0 d0 d0
     10  1b15		       50 50 50 50*	      HEX	50 50 50 50 50 50 50 50 d0 d0 d0 d0 d0 d0 d0 d0
     11  1b25		       50 50 50 50*	      HEX	50 50 50 50 50 50 50 50 d0 d0 d0 d0 d0 d0 d0 d0
     12  1b35		       50 50 50 50*	      HEX	50 50 50 50 50 50 50 50 d0 d0 d0 d0 d0 d0 d0 d0
------- FILE main.asm
    117  1b45				   ROW_TO_OFFSET_HI
------- FILE row_to_offset_hi_table.asm LEVEL 2 PASS 3
      0  1b45					      INCLUDE	"row_to_offset_hi_table.asm"
      1  1b45		       00 04 08 0c*	      HEX	00 04 08 0c 10 14 18 1c 00 04 08 0c 10 14 18 1c
      2  1b55		       01 05 09 0d*	      HEX	01 05 09 0d 11 15 19 1d 01 05 09 0d 11 15 19 1d
      3  1b65		       02 06 0a 0e*	      HEX	02 06 0a 0e 12 16 1a 1e 02 06 0a 0e 12 16 1a 1e
      4  1b75		       03 07 0b 0f*	      HEX	03 07 0b 0f 13 17 1b 1f 03 07 0b 0f 13 17 1b 1f
      5  1b85		       00 04 08 0c*	      HEX	00 04 08 0c 10 14 18 1c 00 04 08 0c 10 14 18 1c
      6  1b95		       01 05 09 0d*	      HEX	01 05 09 0d 11 15 19 1d 01 05 09 0d 11 15 19 1d
      7  1ba5		       02 06 0a 0e*	      HEX	02 06 0a 0e 12 16 1a 1e 02 06 0a 0e 12 16 1a 1e
      8  1bb5		       03 07 0b 0f*	      HEX	03 07 0b 0f 13 17 1b 1f 03 07 0b 0f 13 17 1b 1f
      9  1bc5		       00 04 08 0c*	      HEX	00 04 08 0c 10 14 18 1c 00 04 08 0c 10 14 18 1c
     10  1bd5		       01 05 09 0d*	      HEX	01 05 09 0d 11 15 19 1d 01 05 09 0d 11 15 19 1d
     11  1be5		       02 06 0a 0e*	      HEX	02 06 0a 0e 12 16 1a 1e 02 06 0a 0e 12 16 1a 1e
     12  1bf5		       03 07 0b 0f*	      HEX	03 07 0b 0f 13 17 1b 1f 03 07 0b 0f 13 17 1b 1f
------- FILE main.asm
    119  1c05					      ORG	$1C05
    120  1c05				   CURR_LEVEL_ROW_SPRITES_PTR_OFFSETS
    121  1c05		       00 1c 38 54*	      HEX	00 1C 38 54 70 8C A8 C4 E0 FC 18 34 50 6C 88 A4
    122  1c15				   CURR_LEVEL_ROW_SPRITES_PTR_PAGES
    123  1c15		       08 08 08 08*	      HEX	08 08 08 08 08 08 08 08 08 08 09 09 09 09 09 09
    124  1c25				   CURR_LEVEL_ROW_SPRITES_PTR_PAGES2
    125  1c25		       0a 0a 0a 0a*	      HEX	0A 0A 0A 0A 0A 0A 0A 0A 0A 0A 0B 0B 0B 0B 0B 0B
    126  1c25		       0c 00	   LADDER_LOCS_COL EQU	$0C00	; 48 bytes
    127  1c25		       0c 30	   LADDER_LOCS_ROW EQU	$0C30	; 48 bytes
    128  1c35					      ORG	$1C35
    129  1c35				   HALF_SCREEN_COL_TABLE
    130  1c35							; 28 cols of 5 double-pixels each
    131  1c35		       00 05 0a 0f*	      HEX	00 05 0a 0f 14 19 1e 23 28 2d 32 37 3c 41 46 4b
    132  1c45		       50 55 5a 5f*	      HEX	50 55 5a 5f 64 69 6e 73 78 7d 82 87
    133  1c51				   SCREEN_ROW_TABLE
    134  1c51							; 17 rows of 11 pixels each
    135  1c51		       00 0b 16 21*	      HEX	00 0B 16 21 2C 37 42 4D 58 63 6E 79 84 8F 9A A5
    136  1c61		       b5		      HEX	B5
    137  1c62				   COL_BYTE_TABLE
    138  1c62							; Byte number
    139  1c62		       00 01 02 04*	      HEX	00 01 02 04 05 07 08 0A 0B 0C 0E 0F 11 12 14 15
    140  1c72		       16 18 19 1b*	      HEX	16 18 19 1B 1C 1E 1F 20 22 23 25 26
    141  1c7e				   COL_SHIFT_TABLE
    142  1c7e							; Right shift amount
    143  1c7e		       00 03 06 02*	      HEX	00 03 06 02 05 01 04 00 03 06 02 05 01 04 00 03
    144  1c8e		       06 02 05 01*	      HEX	06 02 05 01 04 00 03 06 02 05 01 04
    145  1c9a				   HALF_SCREEN_COL_BYTE_TABLE
    146  1c9a		       00 00 00 00*	      HEX	00 00 00 00 01 01 01 02 02 02 02 03 03 03 04 04
    147  1caa		       04 04 05 05*	      HEX	04 04 05 05 05 06 06 06 06 07 07 07 08 08 08 08
    148  1cba		       09 09 09 0a*	      HEX	09 09 09 0A 0A 0A 0A 0B 0B 0B 0C 0C 0C 0C 0D 0D
    149  1cca		       0d 0e 0e 0e*	      HEX	0D 0E 0E 0E 0E 0F 0F 0F 10 10 10 10 11 11 11 12
    150  1cda		       12 12 12 13*	      HEX	12 12 12 13 13 13 14 14 14 14 15 15 15 16 16 16
    151  1cea		       16 17 17 17*	      HEX	16 17 17 17 18 18 18 18 19 19 19 1A 1A 1A 1A 1B
    152  1cfa		       1b 1b 1c 1c*	      HEX	1B 1B 1C 1C 1C 1C 1D 1D 1D 1E 1E 1E 1E 1F 1F 1F
    153  1d0a		       20 20 20 20*	      HEX	20 20 20 20 21 21 21 22 22 22 22 23 23 23 24 24
    154  1d1a		       24 24 25 25*	      HEX	24 24 25 25 25 26 26 26 26 27 27 27
    155  1d26				   HALF_SCREEN_COL_SHIFT_TABLE
    156  1d26		       00 02 04 06*	      HEX	00 02 04 06 01 03 05 00 02 04 06 01 03 05 00 02
    157  1d36		       04 06 01 03*	      HEX	04 06 01 03 05 00 02 04 06 01 03 05 00 02 04 06
    158  1d46		       01 03 05 00*	      HEX	01 03 05 00 02 04 06 01 03 05 00 02 04 06 01 03
    159  1d56		       05 00 02 04*	      HEX	05 00 02 04 06 01 03 05 00 02 04 06 01 03 05 00
    160  1d66		       02 04 06 01*	      HEX	02 04 06 01 03 05 00 02 04 06 01 03 05 00 02 04
    161  1d76		       06 01 03 05*	      HEX	06 01 03 05 00 02 04 06 01 03 05 00 02 04 06 01
    162  1d86		       03 05 00 02*	      HEX	03 05 00 02 04 06 01 03 05 00 02 04 06 01 03 05
    163  1d96		       00 02 04 06*	      HEX	00 02 04 06 01 03 05 00 02 04 06 01 03 05 00 02
    164  1da6		       04 06 01 03*	      HEX	04 06 01 03 05 00 02 04 06 01 03 05
    165  1db2					      ORG	$1DB2
    166  1db2				   DISK_BOOT_SECTOR_DATA
    167  1db2		       01 20 58 fc*	      HEX	01 20 58 FC 20 93 FE 20 89 FE A0 00 B9 34 08 F0
    168  1dc2		       0e 20 f0 fd*	      HEX	0E 20 F0 FD C9 8D D0 04 A9 09 85 24 C8 D0 ED A6
    169  1dd2		       2b 9d 88 c0*	      HEX	2B 9D 88 C0 8A 4A 4A 4A 4A 09 C0 8D 33 08 20 0C
    170  1de2		       fd 4c 00 c6*	      HEX	FD 4C 00 C6 8D 8D 8D 8D 8D 8D 8D CC CF C4 C5 A0
    171  1df2		       d2 d5 ce ce*	      HEX	D2 D5 CE CE C5 D2 A0 C4 C1 D4 C1 A0 C4 C9 D3 CB
    172  1e02		       ba 8d ad ad*	      HEX	BA 8D AD AD AD AD AD AD AD AD AD AD AD AD AD AD
    173  1e12		       ad ad ad ad*	      HEX	AD AD AD AD AD AD AD AD 8D 8D C4 C9 D3 CB C5 D4
    174  1e22		       d4 c5 a0 d7*	      HEX	D4 C5 A0 D7 C9 CC CC A0 CE CF D4 A0 C2 CF CF D4
    175  1e32		       8d 8d a0 c9*	      HEX	8D 8D A0 C9 CE D3 C5 D2 D4 A0 CE C5 D7 A0 C4 C9
    176  1e42		       d3 cb a0 c1*	      HEX	D3 CB A0 C1 CE C4 8D A0 C8 C9 D4 A0 C1 A0 CB C5
    177  1e52		       d9 a0 d4 cf*	      HEX	D9 A0 D4 CF A0 D2 C5 C2 CF CF D4 8D 8D A0 A0 A0
    178  1e62		       a0 a0 a0 a0*	      HEX	A0 A0 A0 A0 A0 A0 A0 00 00 00 00 00 00 00 00 00
    179  1e72		       00 00 00 00*	      HEX	00 00 00 00 00 00 00 00 00 00 00 00 00 00 00 00
    180  1e82		       00 00 00 00*	      HEX	00 00 00 00 00 00 00 00 00 00 00 00 00 00 00 00
    181  1e92		       00 00 00 00*	      HEX	00 00 00 00 00 00 00 00 00 00 00 00 00 00 00 00
    182  1ea2		       00 00 00 00*	      HEX	00 00 00 00 00 00 00 00 00 00 00 00 00 00 00 00
    183  1ea2		       00 97	   GUARD_PATTERN_OFFSET EQU	$97
    184  1eb2					      ORG	$1EB2
    185  1eb2				   PADDING
    186  1eb2		       00 00 00 00*	      HEX	00 00 00 00 00 00 00 00 00 00 00 00 00 00 00 00
    187  1ec2		       00 00 00 00*	      HEX	00 00 00 00 00 00 00 00 00 00 00 00 00 00 00 00
    188  1ed2		       00 00 00 00*	      HEX	00 00 00 00 00 00 00 00 00 00 00 00 00 00 00 00
    189  1ee2		       00 00 00 00*	      HEX	00 00 00 00 00 00 00 00 00 00 00 00 00 00 00 00
    190  1ef2		       00 00 00 00*	      HEX	00 00 00 00 00 00 00 00 00 00 00 00 00 00
    191  1f00
    192  1f00
    193  1f00							; Sprite routines
    194  1f00
    195  1f00					      ORG	$1F00
    196  1f00				   HI_SCORE_DATA
    197  1f00		       d2 cc d0 06*	      HEX	D2 CC D0 06 00 03 10 75 A0 A0 A0 05 00 02 81 25
    198  1f10		       a0 a0 a0 02*	      HEX	A0 A0 A0 02 00 01 74 25 A0 A0 A0 01 00 00 54 25
    199  1f20		       a0 a0 a0 01*	      HEX	A0 A0 A0 01 00 00 19 75 A0 A0 A0 01 00 00 15 00
    200  1f30		       00 00 00 00*	      HEX	00 00 00 00 00 00 00 00 00 00 00 00 00 00 00 00
    201  1f40		       00 00 00 00*	      HEX	00 00 00 00 00 00 00 00 00 00 00 00 00 00 00 00
    202  1f50		       00 00 00 00*	      HEX	00 00 00 00 00 00 00 00 00 00 00 00 00 00 00 00
    203  1f60		       00 00 00 00*	      HEX	00 00 00 00 00 00 00 00 00 00 00 00 00 00 00 00
    204  1f70		       00 00 00 00*	      HEX	00 00 00 00 00 00 00 00 00 00 00 00 00 00 00 00
    205  1f80		       00 00 00 00*	      HEX	00 00 00 00 00 00 00 00 00 00 00 00 00 00 00 00
    206  1f90		       00 00 00 00*	      HEX	00 00 00 00 00 00 00 00 00 00 00 00 00 00 00 00
    207  1fa0		       00 00 00 00*	      HEX	00 00 00 00 00 00 00 00 00 00 00 00 00 00 00 00
    208  1fb0		       00 00 00 00*	      HEX	00 00 00 00 00 00 00 00 00 00 00 00 00 00 00 00
    209  1fc0		       00 00 00 00*	      HEX	00 00 00 00 00 00 00 00 00 00 00 00 00 00 00 00
    210  1fd0		       00 00 00 00*	      HEX	00 00 00 00 00 00 00 00 00 00 00 00 00 00 00 00
    211  1fe0		       00 00 00 00*	      HEX	00 00 00 00 00 00 00 00 00 00 00 00 00 00 00 00
    212  1ff0		       00 00 00 00*	      HEX	00 00 00 00 CC CF C4 C5 A0 D2 D5 CE CE C5 D2 FF
    213  5f00					      ORG	$5F00
    214  5f00				   RELOCATE0_ALIAS
    215  5f00					      SUBROUTINE
    216  5f00
    217  5f00		       a9 64		      LDA	#$64
    218  5f02		       8d 00 08 	      STA	$0800
    219  5f05		       a9 76		      LDA	#$76
    220  5f07		       8d 01 08 	      STA	$0801
    221  5f0a		       a9 0d		      LDA	#$0D
    222  5f0c		       8d 02 08 	      STA	$0802
    223  5f0f
    224  5f0f							; Copy 0x8100 bytes from $0800-$88FF to $3F00-$BFFF
    225  5f0f		       a0 88		      LDY	#$88
    226  5f11		       f0 1f		      BEQ	RELOCATE1	; Never happens
    227  5f13		       84 3d		      STY	SRC_PTR+1
    228  5f15		       a9 bf		      LDA	#$BF
    229  5f17		       85 3f		      STA	DEST_PTR+1
    230  5f19		       a2 81		      LDX	#$81
    231  5f1b		       a0 00		      LDY	#$00
    232  5f1d		       84 3c		      STY	SRC_PTR
    233  5f1f		       84 3e		      STY	DEST_PTR
    234  5f21
    235  5f21				   .loop
    236  5f21		       b1 3c		      LDA	(SRC_PTR),Y
    237  5f23		       91 3e		      STA	(DEST_PTR),Y
    238  5f25		       c8		      INY
    239  5f26		       d0 f9		      BNE	.loop
    240  5f28		       c6 3d		      DEC	SRC_PTR+1
    241  5f2a		       c6 3f		      DEC	DEST_PTR+1
    242  5f2c		       ca		      DEX
    243  5f2d		       d0 f2		      BNE	.loop
    244  5f2f		       4c 32 5f 	      JMP	RELOCATE1
    245  5f32
    246  5f32				   RELOCATE1
    247  5f32					      SUBROUTINE
    248  5f32
    249  5f32		       a2 a7		      LDX	#<RELOCATE_TABLE
    250  5f34
    251  5f34				   .loop
    252  5f34		       bd 00 5f 	      LDA	RELOCATE_TABLE-<RELOCATE_TABLE,X
    253  5f37		       8d 4d 5f 	      STA	.rd_insn+2
    254  5f3a		       e8		      INX
    255  5f3b		       bd 00 5f 	      LDA	RELOCATE_TABLE-<RELOCATE_TABLE,X
    256  5f3e		       8d 5e 5f 	      STA	.cmp_insn+1
    257  5f41		       e8		      INX
    258  5f42		       bd 00 5f 	      LDA	RELOCATE_TABLE-<RELOCATE_TABLE,X
    259  5f45		       8d 50 5f 	      STA	.wr_insn+2
    260  5f48		       e8		      INX
    261  5f49		       a0 00		      LDY	#$00
    262  5f4b
    263  5f4b				   .loop2
    264  5f4b				   .rd_insn
    265  5f4b		       b9 00 08 	      LDA	$0800,Y	; address replaced above
    266  5f4e				   .wr_insn
    267  5f4e		       99 00 08 	      STA	$0800,Y	; address replaced above
    268  5f51		       c8		      INY
    269  5f52		       d0 f7		      BNE	.loop2
    270  5f54
    271  5f54		       ee 4d 5f 	      INC	.rd_insn+2
    272  5f57		       ee 50 5f 	      INC	.wr_insn+2
    273  5f5a		       ad 4d 5f 	      LDA	.rd_insn+2
    274  5f5d				   .cmp_insn
    275  5f5d		       c9 ff		      CMP	#$FF	; comparison value replaced above
    276  5f5f		       d0 ea		      BNE	.loop2
    277  5f61
    278  5f61		       ce a6 5f 	      DEC	RELOCATE_SEGMENT_COUNT
    279  5f64		       d0 ce		      BNE	.loop
    280  5f66
    281  5f66		       4c 7d 5f 	      JMP	MAIN
    282  5f69
    283  5f69				   UNUSED
    284  5f69					      SUBROUTINE
    285  5f69
    286  5f69		       a2 a8		      LDX	#$A8
    287  5f6b
    288  5f6b				   .loop
    289  5f6b		       a9 00		      LDA	#$00
    290  5f6d
    291  5f6d				   .loop2
    292  5f6d				   .wr_insn
    293  5f6d		       9d 00 20 	      STA	$2000,X
    294  5f70		       e8		      INX
    295  5f71		       d0 fa		      BNE	.loop2
    296  5f73		       ee 6f 5f 	      INC	.wr_insn+2
    297  5f76		       ad 6f 5f 	      LDA	.wr_insn+2
    298  5f79		       c9 40		      CMP	#$40
    299  5f7b		       d0 ee		      BNE	.loop
    300  5f7d
    301  5f7d							; Fall through to MAIN
    302  5f7d
    303  5f7d					      ORG	$5F7D
    304  5f7d				   MAIN
    305  5f7d		       ad 81 c0 	      LDA	ROMIN_RDROM_WRRAM2
    306  5f80		       ad 81 c0 	      LDA	ROMIN_RDROM_WRRAM2
    307  5f83		       ad 50 c0 	      LDA	TXTCLR
    308  5f86		       ad 52 c0 	      LDA	MIXCLR
    309  5f89		       ad 54 c0 	      LDA	TXTPAGE1
    310  5f8c		       ad 57 c0 	      LDA	HIRES
    311  5f8f
    312  5f8f		       a2 07		      LDX	#$07
    313  5f91		       9a		      TXS
    314  5f92
    315  5f92		       18		      CLC
    316  5f93		       a9 01		      LDA	#$01
    317  5f95		       29 a4		      AND	#$A4
    318  5f97		       f0 01		      BEQ	.short_delay_mode
    319  5f99		       38		      SEC
    320  5f9a							; fall through to .short_delay_mode
    321  5f9a
    322  5f9a					      ORG	$5F9A
    323  5f9a
    324  5f9a				   .short_delay_mode
    325  5f9a		       a2 22		      LDX	#$22	; Number of times to check for keyboard press (34).
    326  5f9c		       a0 02		      LDY	#$02	; Number of times to do X checks (2).
    327  5f9e							; GAME_ROWNUM was initialized to 1, so we do 34*2*1 checks.
    328  5f9e		       ad 10 c0 	      LDA	KBDSTRB
    329  5fa1		       a9 ca		      LDA	#JOYSTICK_MODE
    330  5fa3		       4c 9b 61 	      JMP	CHECK_FOR_BUTTON_DOWN
    331  5fa6
    332  5fa6
    333  5fa6					      ORG	$5FA6
    334  5fa6				   RELOCATE_SEGMENT_COUNT
    335  5fa6		       04		      HEX	04
    336  5fa7				   RELOCATE_TABLE
    337  5fa7		       3f 47 00 	      HEX	3F 47 00
    338  5faa		       47 5f 08 	      HEX	47 5F 08
    339  5fad		       60 8e 60 	      HEX	60 8E 60
    340  5fb0		       8e c0 8e 	      HEX	8E C0 8E
    341  5fb3		       00 00 00 00*	      HEX	00 00 00 00 00 00 00 00 00 00 00 00 00
    342  5fc0		       00 00 00 00*	      HEX	00 00 00 00 00 00 00 00 00 00 00 00 00 00 00 00
    343  5fd0		       00 00 00 00*	      HEX	00 00 00 00 00 00 00 00 00 00 00 00 00 00 00 00
    344  5fe0		       00 00 00 00*	      HEX	00 00 00 00 00 00 00 00 00 00 00 00 00 00 00 00
    345  5ff0		       00 00 00 00*	      HEX	00 00 00 00 00 00 00 00 00 00 00 00 00 00 00 00
    346  6000
    347  6000					      ORG	$6000
    348  6000
    349  6000		       20 a2 87 	      JSR	DETECT_LACK_OF_JOYSTICK
    350  6003		       a9 01		      LDA	#$01
    351  6005		       20 59 63 	      JSR	ACCESS_HI_SCORE_DATA_FROM_DISK
    352  6008
    353  6008							; Fallthrough to RESET_GAME
    354  6008
    355  6008					      ORG	$6008
    356  6008				   RESET_GAME
    357  6008					      SUBROUTINE
    358  6008
    359  6008		       20 51 7a 	      JSR	CLEAR_HGR1
    360  600b
    361  600b		       a9 ff		      LDA	#$FF
    362  600d		       8d 31 60 	      STA	.rd_table+1
    363  6010		       a9 0e		      LDA	#$0E
    364  6012		       8d 32 60 	      STA	.rd_table+2	; RD_TABLE = 0x0EFF
    365  6015		       a0 00		      LDY	#$00
    366  6017		       84 86		      STY	GAME_ROWNUM
    367  6019		       84 a7		      STY	GAME_MODE
    368  601b		       84 96		      STY	DISK_LEVEL_LOC	; GAME_ROWNUM = DISK_LEVEL_LOC = GAME_MODE = 0
    369  601d		       a9 20		      LDA	#$20
    370  601f		       85 1f		      STA	HGR_PAGE
    371  6021		       85 87		      STA	DRAW_PAGE	; HGR_PAGE = DRAW_PAGE = 0x20
    372  6023
    373  6023				   .draw_splash_screen_row
    374  6023		       20 31 7a 	      JSR	ROW_TO_ADDR	; ROW_ADDR = ROW_TO_ADDR(Y)
    375  6026		       a0 00		      LDY	#$00
    376  6028
    377  6028				   .loop
    378  6028		       ee 31 60 	      INC	.rd_table+1
    379  602b		       d0 03		      BNE	.rd_table
    380  602d		       ee 32 60 	      INC	.rd_table+2	; RD_TABLE++
    381  6030
    382  6030				   .rd_table
    383  6030		       ad 84 1a 	      LDA	$1A84	; A <- *RD_TABLE ($1A84 is just a dummy value)
    384  6033		       f0 0a		      BEQ	.end_of_row	; if A == 0: break
    385  6035		       10 05		      BPL	.is_row_offset	; if A > 0: A -> Y, .loop
    386  6037		       91 0c		      STA	(ROW_ADDR),Y	; *(ROW_ADDR+Y) = A
    387  6039
    388  6039		       c8		      INY		; Y++
    389  603a		       10 ec		      BPL	.loop	; While Y < 0x80 (really while not 00)
    390  603c
    391  603c				   .is_row_offset
    392  603c		       a8		      TAY
    393  603d		       10 e9		      BPL	.loop	; Unconditional jump
    394  603f
    395  603f				   .end_of_row
    396  603f		       e6 86		      INC	GAME_ROWNUM
    397  6041		       a4 86		      LDY	GAME_ROWNUM
    398  6043		       c0 c0		      CPY	#192
    399  6045		       90 dc		      BCC	.draw_splash_screen_row
    400  6047
    401  6047
    402  6047		       8d 54 c0 	      STA	TXTPAGE1
    403  604a		       8d 57 c0 	      STA	HIRES
    404  604d		       8d 52 c0 	      STA	MIXCLR
    405  6050		       8d 50 c0 	      STA	TXTCLR
    406  6053		       4c 8e 61 	      JMP	LONG_DELAY
    407  6056
    408  6056					      ORG	$6056
    409  6056
    410  6056				   INIT_GAME_DATA
    411  6056		       a9 00		      LDA	#0
    412  6058		       85 8e		      STA	SCORE
    413  605a		       85 8f		      STA	SCORE+1
    414  605c		       85 90		      STA	SCORE+2
    415  605e		       85 91		      STA	SCORE+3
    416  6060		       85 97		      STA	GUARD_PATTERN_OFFSET
    417  6062		       85 a5		      STA	WIPE_MODE	; WIPE_MODE = SCORE = $97 = 0
    418  6064		       85 53		      STA	$53
    419  6066		       85 ab		      STA	$AB
    420  6068		       85 a8		      STA	$A8	; $53 = $AB = $A8 = 0
    421  606a		       a9 9b		      LDA	#$9B	; 155
    422  606c		       85 a9		      STA	$A9	; $A9 = 155
    423  606e		       a9 05		      LDA	#5
    424  6070		       85 98		      STA	LIVES	; LIVES = 5
    425  6072		       a5 a7		      LDA	GAME_MODE
    426  6074		       4a		      LSR
    427  6075							; if GAME_MODE was 0 or 1 (i.e. not displaying high score screen or splash screen),
    428  6075							; play the game.
    429  6075		       f0 22		      BEQ	.put_status_and_start_game
    430  6077
    431  6077							; We were displaying the high score screen or splash screen
    432  6077		       a9 01		      LDA	#1
    433  6079		       20 59 63 	      JSR	ACCESS_HI_SCORE_DATA_FROM_DISK	; Read hi score data
    434  607c		       c9 00		      CMP	#$00
    435  607e		       d0 06		      BNE	.set_rwts_target
    436  6080		       20 06 81 	      JSR	BAD_DATA_DISK
    437  6083		       4c 08 60 	      JMP	RESET_GAME
    438  6086
    439  6086				   .set_rwts_target
    440  6086		       ad ff 1f 	      LDA	$1FFF
    441  6089		       d0 06		      BNE	.use_dos_target
    442  608b		       a5 36		      LDA	INDIRECT_TARGET
    443  608d		       a6 37		      LDX	INDIRECT_TARGET+1
    444  608f		       d0 04		      BNE	.store_rwts_addr
    445  6091
    446  6091				   .use_dos_target
    447  6091		       a5 38		      LDA	DISABLE_INTS_CALL_RWTS_PTR
    448  6093		       a6 39		      LDX	DISABLE_INTS_CALL_RWTS_PTR+1
    449  6095
    450  6095				   .store_rwts_addr
    451  6095		       85 24		      STA	RWTS_ADDR
    452  6097		       86 25		      STX	RWTS_ADDR+1
    453  6099
    454  6099				   .put_status_and_start_game
    455  6099		       20 ad 79 	      JSR	PUT_STATUS
    456  609c		       8d 54 c0 	      STA	TXTPAGE1
    457  609f
    458  609f					      ORG	$609F
    459  609f
    460  609f				   .start_game
    461  609f		       a2 01		      LDX	#$01
    462  60a1		       20 38 62 	      JSR	LOAD_LEVEL
    463  60a4		       a9 00		      LDA	#$00
    464  60a6		       85 9e		      STA	KEY_COMMAND
    465  60a8		       85 9f		      STA	KEY_COMMAND_LR
    466  60aa		       a5 a7		      LDA	GAME_MODE
    467  60ac		       4a		      LSR
    468  60ad							; if GAME_MODE was 0 or 1 (i.e. not displaying high score screen
    469  60ad							; or splash screen), play the game.
    470  60ad		       f0 10		      BEQ	.play_game
    471  60af
    472  60af							; When GAME_MODE is 2:
    473  60af		       20 9f 86 	      JSR	WAIT_KEY
    474  60b2		       a5 00		      LDA	PLAYER_COL
    475  60b4		       85 85		      STA	GAME_COLNUM
    476  60b6		       a5 01		      LDA	PLAYER_ROW
    477  60b8		       85 86		      STA	GAME_ROWNUM
    478  60ba		       a9 09		      LDA	#SPRITE_PLAYER
    479  60bc		       20 00 87 	      JSR	WAIT_FOR_KEY_WITH_CURSOR_PAGE_1
    480  60bf
    481  60bf				   .play_game
    482  60bf		       a2 00		      LDX	#$00
    483  60c1		       86 9c		      STX	DIG_DIRECTION
    484  60c3		       86 54		      STX	NOTE_INDEX
    485  60c5
    486  60c5		       a5 97		      LDA	GUARD_PATTERN_OFFSET
    487  60c7		       18		      CLC
    488  60c8		       65 8d		      ADC	GUARD_COUNT	; GUARD_COUNT + $97 can't be greater than 8.
    489  60ca		       a8		      TAY
    490  60cb		       be 14 62 	      LDX	TIMES_3_TABLE,Y	; X = 3 * Y (goes up to Y=8)
    491  60ce		       bd a7 6c 	      LDA	GUARD_PATTERNS_LIST,X
    492  60d1		       85 60		      STA	GUARD_PATTERNS
    493  60d3		       bd a8 6c 	      LDA	GUARD_PATTERNS_LIST+1,X
    494  60d6		       85 61		      STA	GUARD_PATTERNS+1
    495  60d8		       bd a9 6c 	      LDA	GUARD_PATTERNS_LIST+2,X
    496  60db		       85 62		      STA	GUARD_PATTERNS+2
    497  60dd
    498  60dd		       a4 97		      LDY	GUARD_PATTERN_OFFSET
    499  60df		       b9 1d 62 	      LDA	$621D,Y
    500  60e2		       85 5f		      STA	GUARD_GOLD_TIMER_START_VALUE
    501  60e4
    502  60e4				   .game_loop
    503  60e4		       20 bd 64 	      JSR	MOVE_PLAYER
    504  60e7		       a5 9a		      LDA	ALIVE
    505  60e9		       f0 54		      BEQ	.died
    506  60eb
    507  60eb		       20 11 88 	      JSR	PLAY_SOUND
    508  60ee
    509  60ee		       a5 93		      LDA	GOLD_COUNT
    510  60f0		       d0 03		      BNE	.check_player_reached_top
    511  60f2		       20 31 86 	      JSR	ENABLE_NEXT_LEVEL_LADDERS
    512  60f5
    513  60f5				   .check_player_reached_top
    514  60f5		       a5 01		      LDA	PLAYER_ROW
    515  60f7		       d0 0e		      BNE	.not_at_top
    516  60f9		       a5 03		      LDA	PLAYER_Y_ADJ
    517  60fb		       c9 02		      CMP	#$02
    518  60fd		       d0 08		      BNE	.not_at_top
    519  60ff
    520  60ff							; Reached top of screen
    521  60ff		       a5 93		      LDA	GOLD_COUNT
    522  6101		       f0 17		      BEQ	.level_cleared
    523  6103		       c9 ff		      CMP	#$FF
    524  6105		       f0 13		      BEQ	.level_cleared	; level cleared if GOLD_COUNT == 0 or -1.
    525  6107
    526  6107				   .not_at_top
    527  6107		       20 f4 75 	      JSR	HANDLE_TIMERS
    528  610a		       a5 9a		      LDA	ALIVE
    529  610c		       f0 31		      BEQ	.died
    530  610e		       20 11 88 	      JSR	PLAY_SOUND
    531  6111		       20 82 6c 	      JSR	MOVE_GUARDS
    532  6114		       a5 9a		      LDA	ALIVE
    533  6116		       f0 27		      BEQ	.died
    534  6118		       d0 ca		      BNE	.game_loop
    535  611a
    536  611a				   .level_cleared
    537  611a		       e6 a6		      INC	LEVELNUM
    538  611c		       e6 96		      INC	DISK_LEVEL_LOC
    539  611e		       e6 98		      INC	LIVES
    540  6120		       d0 02		      BNE	.lives_incremented
    541  6122		       c6 98		      DEC	LIVES	; LIVES doesn't overflow.
    542  6124
    543  6124				   .lives_incremented
    544  6124							; Increment score by 1500, playing an ascending tune while doing so.
    545  6124		       a2 0f		      LDX	#$0F
    546  6126		       86 5c		      STX	SCRATCH_5C
    547  6128
    548  6128				   .loop2
    549  6128		       a0 01		      LDY	#$01
    550  612a		       a9 00		      LDA	#$00
    551  612c		       20 92 7a 	      JSR	ADD_AND_UPDATE_SCORE	; SCORE += 100
    552  612f		       20 2a 62 	      JSR	APPEND_LEVEL_CLEARED_NOTE
    553  6132		       20 2a 62 	      JSR	APPEND_LEVEL_CLEARED_NOTE
    554  6135		       20 2a 62 	      JSR	APPEND_LEVEL_CLEARED_NOTE
    555  6138		       c6 5c		      DEC	SCRATCH_5C
    556  613a		       d0 ec		      BNE	.loop2
    557  613c
    558  613c				   .start_game_
    559  613c		       4c 9f 60 	      JMP	.start_game
    560  613f
    561  613f				   .died
    562  613f		       c6 98		      DEC	LIVES
    563  6141		       20 70 7a 	      JSR	PUT_STATUS_LIVES
    564  6144		       20 e1 87 	      JSR	LOAD_SOUND_DATA
    565  6147		       02 40 02 40*	      HEX	02 40 02 40 03 50 03 50 04 60 04 60 05 70 05 70
    566  6157		       06 80 06 80*	      HEX	06 80 06 80 07 90 07 90 08 A0 08 A0 09 B0 09 B0
    567  6167		       0a c0 0a c0*	      HEX	0A C0 0A C0 0B D0 0B D0 0C E0 0C E0 0D F0 0D F0
    568  6177		       00		      HEX	00
    569  6178
    570  6178				   .play_died_tune
    571  6178		       20 11 88 	      JSR	PLAY_SOUND
    572  617b		       b0 fb		      BCS	.play_died_tune
    573  617d
    574  617d		       a5 a7		      LDA	GAME_MODE
    575  617f		       4a		      LSR
    576  6180		       f0 4e		      BEQ	.restore_enable_sound	; If GAME_MODE is 0 or 1
    577  6182
    578  6182		       a5 98		      LDA	LIVES
    579  6184		       d0 b6		      BNE	.start_game_	; We can still play.
    580  6186
    581  6186							; Game over
    582  6186		       20 c8 84 	      JSR	RECORD_HI_SCORE_DATA_TO_DISK
    583  6189		       20 1a 8b 	      JSR	SPINNING_GAME_OVER
    584  618c		       b0 68		      BCS	.key_pressed
    585  618e
    586  618e
    587  618e					      ORG	$618E
    588  618e
    589  618e				   LONG_DELAY
    590  618e		       20 9f 86 	      JSR	WAIT_KEY
    591  6191		       a2 ff		      LDX	#$FF
    592  6193		       a0 ff		      LDY	#$FF
    593  6195		       a9 03		      LDA	#$03
    594  6197		       85 86		      STA	GAME_ROWNUM
    595  6199
    596  6199							; fall through to .poll_inputs
    597  6199
    598  6199
    599  6199							; Game loop
    600  6199
    601  6199					      ORG	$6199
    602  6199
    603  6199				   .poll_inputs
    604  6199		       a5 95		      LDA	INPUT_MODE
    605  619b
    606  619b				   CHECK_FOR_BUTTON_DOWN
    607  619b		       c9 cb		      CMP	#KEYBOARD_MODE
    608  619d		       f0 0a		      BEQ	.poll_keyboard	; If keyboard mode, skip check button presses.
    609  619f		       ad 62 c0 	      LDA	BUTN1
    610  61a2		       30 5d		      BMI	.set_level_0_and_play_game
    611  61a4		       ad 61 c0 	      LDA	BUTN0
    612  61a7		       30 58		      BMI	.set_level_0_and_play_game
    613  61a9
    614  61a9							; fall through to .poll_keyboard
    615  61a9
    616  61a9					      ORG	$61A9
    617  61a9
    618  61a9				   .poll_keyboard
    619  61a9		       ad 00 c0 	      LDA	KBD
    620  61ac		       30 48		      BMI	.key_pressed
    621  61ae		       ca		      DEX
    622  61af		       d0 e8		      BNE	.poll_inputs
    623  61b1		       88		      DEY
    624  61b2		       d0 e5		      BNE	.poll_inputs
    625  61b4		       c6 86		      DEC	GAME_ROWNUM
    626  61b6		       d0 e1		      BNE	.poll_inputs
    627  61b8
    628  61b8							; fall through to .no_button_or_key_timeout
    629  61b8
    630  61b8					      ORG	$61B8
    631  61b8
    632  61b8				   .no_button_or_key_timeout
    633  61b8		       a5 a7		      LDA	GAME_MODE
    634  61ba		       d0 22		      BNE	.check_game_mode	; If GAME_MODE != 0, .check_game_mode.
    635  61bc
    636  61bc							; When GAME_MODE = 0:
    637  61bc		       a2 01		      LDX	#$01
    638  61be		       86 a7		      STX	GAME_MODE	; Set GAME_MODE = 1
    639  61c0		       86 a6		      STX	LEVELNUM
    640  61c2		       86 ac		      STX	$AC
    641  61c4		       86 9d		      STX	$9D	; LEVELNUM = $AC = $9D = 1
    642  61c6		       a6 99		      LDX	ENABLE_SOUND
    643  61c8		       8e d1 61 	      STX	.restore_enable_sound+1	; Save previous value of DNABLE_SOUND
    644  61cb		       85 99		      STA	ENABLE_SOUND
    645  61cd		       4c 56 60 	      JMP	INIT_GAME_DATA
    646  61d0
    647  61d0				   .restore_enable_sound
    648  61d0		       a9 00		      LDA	#$00	; Fixed up above
    649  61d2		       85 99		      STA	ENABLE_SOUND
    650  61d4		       ad 00 c0 	      LDA	KBD
    651  61d7		       a6 ac		      LDX	$AC
    652  61d9		       f0 1b		      BEQ	.key_pressed
    653  61db		       4c 8e 61 	      JMP	LONG_DELAY
    654  61de
    655  61de					      ORG	$61DE
    656  61de
    657  61de				   .check_game_mode
    658  61de							; For game mode 1, reset and play the game.
    659  61de							; For game mode 0, display the high score screen.
    660  61de		       c9 01		      CMP	#$01
    661  61e0		       d0 11		      BNE	.reset_game
    662  61e2		       f0 05		      BEQ	.display_hi_score_screen	; Unconditional jump
    663  61e4
    664  61e4					      ORG	$61E4
    665  61e4
    666  61e4				   .read_and_display_hi_score_screen
    667  61e4		       a9 01		      LDA	#$01
    668  61e6		       20 59 63 	      JSR	ACCESS_HI_SCORE_DATA_FROM_DISK	; read hi score table
    669  61e9
    670  61e9							; fallthrough to .display_hi_score_screen
    671  61e9
    672  61e9					      ORG	$61E9
    673  61e9
    674  61e9				   .display_hi_score_screen
    675  61e9		       20 6b 78 	      JSR	HI_SCORE_SCREEN
    676  61ec		       a9 02		      LDA	#$02
    677  61ee		       85 a7		      STA	GAME_MODE	; GAME_MODE = 2
    678  61f0		       4c 8e 61 	      JMP	LONG_DELAY
    679  61f3
    680  61f3					      ORG	$61F3
    681  61f3
    682  61f3				   .reset_game
    683  61f3		       4c 08 60 	      JMP	RESET_GAME
    684  61f6
    685  61f6					      ORG	$61F6
    686  61f6
    687  61f6				   .key_pressed
    688  61f6		       8d 10 c0 	      STA	KBDSTRB	; Clear keyboard strobe
    689  61f9		       c9 85		      CMP	#$85	; if ctrl-E:
    690  61fb		       f0 14		      BEQ	.start_level_editor
    691  61fd		       c9 8d		      CMP	#$8D	; if return key:
    692  61ff		       f0 e3		      BEQ	.read_and_display_hi_score_screen
    693  6201
    694  6201							; fall through to .button_pressed
    695  6201
    696  6201					      ORG	$6201
    697  6201
    698  6201				   .set_level_0_and_play_game
    699  6201		       a2 00		      LDX	#$00
    700  6203		       86 96		      STX	DISK_LEVEL_LOC	; DISK_LEVEL_LOC = 0
    701  6205		       e8		      INX
    702  6206		       86 a6		      STX	LEVELNUM	; LEVELNUM = 1
    703  6208		       86 9d		      STX	$9D
    704  620a		       a9 02		      LDA	#$02
    705  620c		       85 a7		      STA	GAME_MODE
    706  620e		       4c 56 60 	      JMP	INIT_GAME_DATA
    707  6211
    708  6211					      ORG	$6211
    709  6211
    710  6211				   .start_level_editor
    711  6211		       4c 84 7b 	      JMP	LEVEL_EDITOR
    712  6214
    713  6214					      ORG	$6214
    714  6214				   TIMES_3_TABLE
    715  6214		       00 03 06 09*	      HEX	00 03 06 09 0C 0F 12 15 18
    716  621d					      ORG	$621D
    717  621d				   GUARD_GOLD_TIMER_START_VALUES
    718  621d		       26 26 2e 44*	      HEX	26 26 2E 44 47 49 4A 4B 4C 4D 4E 4F 50
    719  622a					      ORG	$622A
    720  622a				   APPEND_LEVEL_CLEARED_NOTE
    721  622a					      SUBROUTINE
    722  622a
    723  622a		       a5 5c		      LDA	SCRATCH_5C
    724  622c		       0a		      ASL
    725  622d		       0a		      ASL
    726  622e		       0a		      ASL
    727  622f		       0a		      ASL		; pitch = SCRATCH_5C * 16
    728  6230		       a2 06		      LDX	#$06	; duration
    729  6232		       20 d5 87 	      JSR	APPEND_NOTE
    730  6235		       4c 11 88 	      JMP	PLAY_SOUND
    731  6238
    732  6238
    733  6238							; Joystick routines
    734  6238
    735  6238					      ORG	$6238
    736  6238				   LOAD_LEVEL
    737  6238					      SUBROUTINE
    738  6238							; Enter routine with X set to whether the level should be
    739  6238							; loaded verbatim or not.
    740  6238
    741  6238		       86 a2		      STX	VERBATIM
    742  623a
    743  623a		       a2 ff		      LDX	#$FF
    744  623c		       86 00		      STX	PLAYER_COL
    745  623e		       e8		      INX
    746  623f		       86 a3		      STX	LADDER_COUNT
    747  6241		       86 93		      STX	GOLD_COUNT
    748  6243		       86 8d		      STX	GUARD_COUNT
    749  6245		       86 19		      STX	GUARD_NUM
    750  6247		       86 a0		      STX	DIG_ANIM_STATE
    751  6249		       86 92		      STX	LEVEL_DATA_INDEX
    752  624b		       86 1a		      STX	TMP
    753  624d		       86 86		      STX	GAME_ROWNUM
    754  624f		       8a		      TXA
    755  6250
    756  6250		       a2 1e		      LDX	#30
    757  6252				   .loop1
    758  6252		       9d e0 0c 	      STA	BRICK_FILL_TIMERS,X
    759  6255		       ca		      DEX
    760  6256		       10 fa		      BPL	.loop1
    761  6258
    762  6258		       a2 05		      LDX	#$05
    763  625a				   .loop2
    764  625a		       9d 98 0c 	      STA	GUARD_RESURRECTION_TIMERS,X
    765  625d		       ca		      DEX
    766  625e		       10 fa		      BPL	.loop2
    767  6260
    768  6260
    769  6260		       a9 01		      LDA	#$01
    770  6262		       85 9a		      STA	ALIVE	; Set player live
    771  6264							; A happens to also be DISK_ACCESS_READ.
    772  6264		       20 0e 63 	      JSR	ACCESS_COMPRESSED_LEVEL_DATA
    773  6267
    774  6267		       a4 86		      LDY	GAME_ROWNUM
    775  6269				   .row_loop
    776  6269		       b9 05 1c 	      LDA	CURR_LEVEL_ROW_SPRITES_PTR_OFFSETS,Y
    777  626c		       85 06		      STA	PTR1
    778  626e		       85 08		      STA	PTR2
    779  6270		       b9 15 1c 	      LDA	CURR_LEVEL_ROW_SPRITES_PTR_PAGES,Y
    780  6273		       85 07		      STA	PTR1+1
    781  6275		       b9 25 1c 	      LDA	CURR_LEVEL_ROW_SPRITES_PTR_PAGES2,Y
    782  6278		       85 09		      STA	PTR2+1
    783  627a
    784  627a		       a9 00		      LDA	#$00
    785  627c		       85 85		      STA	GAME_COLNUM
    786  627e
    787  627e				   .col_loop
    788  627e		       a5 1a		      LDA	TMP	; odd/even counter
    789  6280		       4a		      LSR
    790  6281		       a4 92		      LDY	LEVEL_DATA_INDEX
    791  6283		       b9 00 0d 	      LDA	DISK_BUFFER,Y
    792  6286		       b0 04		      BCS	.628c	; odd?
    793  6288		       29 0f		      AND	#$0F
    794  628a		       10 06		      BPL	.6292	; unconditional jump
    795  628c				   .628c
    796  628c
    797  628c		       4a		      LSR
    798  628d		       4a		      LSR
    799  628e		       4a		      LSR
    800  628f		       4a		      LSR
    801  6290		       e6 92		      INC	LEVEL_DATA_INDEX
    802  6292
    803  6292				   .6292
    804  6292		       e6 1a		      INC	TMP
    805  6294
    806  6294		       a4 85		      LDY	GAME_COLNUM
    807  6296		       c9 0a		      CMP	#10
    808  6298		       90 02		      BCC	.629c
    809  629a		       a9 00		      LDA	#SPRITE_EMPTY	; sprite >= 10 -> sprite 0
    810  629c				   .629c
    811  629c
    812  629c		       91 06		      STA	(PTR1),Y
    813  629e		       91 08		      STA	(PTR2),Y
    814  62a0
    815  62a0		       e6 85		      INC	GAME_COLNUM
    816  62a2		       a5 85		      LDA	GAME_COLNUM
    817  62a4		       c9 1c		      CMP	#28
    818  62a6		       90 d6		      BCC	.col_loop	; loop while GAME_COLNUM < 28
    819  62a8
    820  62a8		       e6 86		      INC	GAME_ROWNUM
    821  62aa		       a4 86		      LDY	GAME_ROWNUM
    822  62ac		       c0 10		      CPY	#16
    823  62ae		       90 b9		      BCC	.row_loop	; loop while GAME_ROWNUM < 16
    824  62b0
    825  62b0
    826  62b0		       20 b3 63 	      JSR	DRAW_LEVEL_PAGE2
    827  62b3		       90 0e		      BCC	.end	; No error
    828  62b5
    829  62b5		       a5 96		      LDA	DISK_LEVEL_LOC
    830  62b7		       f0 0b		      BEQ	.reset_game
    831  62b9
    832  62b9		       a2 00		      LDX	#$00
    833  62bb		       86 96		      STX	DISK_LEVEL_LOC
    834  62bd		       e6 97		      INC	GUARD_PATTERN_OFFSET
    835  62bf		       ca		      DEX
    836  62c0		       4c 38 62 	      JMP	LOAD_LEVEL
    837  62c3
    838  62c3
    839  62c3				   .end
    840  62c3		       60		      RTS
    841  62c4
    842  62c4				   .reset_game
    843  62c4		       4c 08 60 	      JMP	RESET_GAME
    844  62c7
    845  62c7
    846  62c7
    847  62c7							; Sound routines
    848  62c7
    849  62c7					      ORG	$62C7
    850  62c7				   COMPRESS_AND_SAVE_LEVEL_DATA
    851  62c7					      SUBROUTINE
    852  62c7
    853  62c7		       a9 00		      LDA	#$00
    854  62c9		       85 92		      STA	LEVEL_DATA_INDEX
    855  62cb		       85 1a		      STA	TMP
    856  62cd		       85 86		      STA	GAME_ROWNUM
    857  62cf
    858  62cf				   .loop
    859  62cf		       a4 86		      LDY	GAME_ROWNUM
    860  62d1		       b9 05 1c 	      LDA	CURR_LEVEL_ROW_SPRITES_PTR_OFFSETS,Y
    861  62d4		       85 06		      STA	PTR1
    862  62d6		       b9 15 1c 	      LDA	CURR_LEVEL_ROW_SPRITES_PTR_PAGES,Y
    863  62d9		       85 07		      STA	PTR1+1
    864  62db
    865  62db		       a0 00		      LDY	#$00
    866  62dd		       84 85		      STY	GAME_COLNUM
    867  62df
    868  62df				   .loop2
    869  62df		       a5 1a		      LDA	TMP
    870  62e1		       4a		      LSR
    871  62e2		       b1 06		      LDA	(PTR1),Y
    872  62e4		       b0 04		      BCS	.shift_left
    873  62e6
    874  62e6		       85 1e		      STA	SPRITE_NUM
    875  62e8		       10 0d		      BPL	.next
    876  62ea
    877  62ea				   .shift_left
    878  62ea		       0a		      ASL
    879  62eb		       0a		      ASL
    880  62ec		       0a		      ASL
    881  62ed		       0a		      ASL
    882  62ee		       05 1e		      ORA	SPRITE_NUM
    883  62f0		       a4 92		      LDY	LEVEL_DATA_INDEX
    884  62f2		       99 00 0d 	      STA	DISK_BUFFER,Y
    885  62f5		       e6 92		      INC	LEVEL_DATA_INDEX
    886  62f7
    887  62f7				   .next
    888  62f7		       e6 1a		      INC	TMP
    889  62f9		       e6 85		      INC	GAME_COLNUM
    890  62fb		       a4 85		      LDY	GAME_COLNUM
    891  62fd		       c0 1c		      CPY	#MAX_GAME_COL+1
    892  62ff		       90 de		      BCC	.loop2
    893  6301
    894  6301		       e6 86		      INC	GAME_ROWNUM
    895  6303		       a5 86		      LDA	GAME_ROWNUM
    896  6305		       c9 10		      CMP	#MAX_GAME_ROW+1
    897  6307		       90 c6		      BCC	.loop
    898  6309
    899  6309		       a9 02		      LDA	#DISK_ACCESS_WRITE
    900  630b		       4c 0e 63 	      JMP	ACCESS_COMPRESSED_LEVEL_DATA	; tailcall
    901  630e					      ORG	$630E
    902  630e				   ACCESS_COMPRESSED_LEVEL_DATA
    903  630e					      SUBROUTINE
    904  630e							; Enter routine with A set to command: 1 = read, 2 = write, 4 = format
    905  630e
    906  630e		       8d f4 b7 	      STA	IOB_COMMAND_CODE
    907  6311		       a5 a7		      LDA	GAME_MODE
    908  6313		       4a		      LSR
    909  6314							; If GAME_MODE is 0 or 1, copy level data from image
    910  6314		       f0 2f		      BEQ	.copy_level_data_from_image
    911  6316
    912  6316							; Otherwise, read/write/format level on disk
    913  6316		       a5 96		      LDA	DISK_LEVEL_LOC
    914  6318		       4a		      LSR
    915  6319		       4a		      LSR
    916  631a		       4a		      LSR
    917  631b		       4a		      LSR
    918  631c		       18		      CLC
    919  631d		       69 03		      ADC	#$03
    920  631f		       8d ec b7 	      STA	IOB_TRACK_NUMBER	; track 3 + (DISK_LEVEL_LOC >> 4)
    921  6322		       a5 96		      LDA	DISK_LEVEL_LOC
    922  6324		       29 0f		      AND	#$0F
    923  6326		       8d ed b7 	      STA	IOB_SECTOR_NUMBER	; sector DISK_LEVEL_LOC & 0x0F
    924  6329		       a9 00		      LDA	#<DISK_BUFFER
    925  632b		       8d f0 b7 	      STA	IOB_READ_WRITE_BUFFER_PTR
    926  632e		       a9 0d		      LDA	#>DISK_BUFFER
    927  6330		       8d f1 b7 	      STA	IOB_READ_WRITE_BUFFER_PTR+1	; IOB_READ_WRITE_BUFFER_PTR = 0D00
    928  6333		       a9 00		      LDA	#$00
    929  6335		       8d eb b7 	      STA	IOB_VOLUME_NUMBER_EXPECTED	; any volume
    930  6338
    931  6338				   ACCESS_DISK_OR_RESET_GAME
    932  6338		       a0 e8		      LDY	#<DOS_IOB
    933  633a		       a9 b7		      LDA	#>DOS_IOB
    934  633c		       20 23 00 	      JSR	JMP_RWTS
    935  633f		       90 03		      BCC	.end
    936  6341		       4c 08 60 	      JMP	RESET_GAME	; On error
    937  6344
    938  6344				   .end
    939  6344		       60		      RTS
    940  6345
    941  6345				   .copy_level_data_from_image
    942  6345		       a5 a6		      LDA	LEVELNUM	; 1-based
    943  6347		       18		      CLC
    944  6348		       69 9e		      ADC	#$9E
    945  634a		       85 0d		      STA	ROW_ADDR+1
    946  634c		       a0 00		      LDY	#$00
    947  634e		       84 0c		      STY	ROW_ADDR	; ROW_ADDR <- 9E00 + LEVELNUM * 0x100
    948  6350
    949  6350				   .copyloop
    950  6350		       b1 0c		      LDA	(ROW_ADDR),Y
    951  6352		       99 00 0d 	      STA	DISK_BUFFER,Y
    952  6355		       c8		      INY
    953  6356		       d0 f8		      BNE	.copyloop
    954  6358		       60		      RTS
    955  6359
    956  6359
    957  6359
    958  6359					      ORG	$6359
    959  6359				   ACCESS_HI_SCORE_DATA_FROM_DISK
    960  6359					      SUBROUTINE
    961  6359
    962  6359		       8d f4 b7 	      STA	IOB_COMMAND_CODE
    963  635c		       a9 0c		      LDA	#$0C
    964  635e		       8d ec b7 	      STA	IOB_TRACK_NUMBER
    965  6361		       a9 0f		      LDA	#$0F
    966  6363		       8d ed b7 	      STA	IOB_SECTOR_NUMBER
    967  6366		       a9 00		      LDA	#<HI_SCORE_DATA
    968  6368		       8d f0 b7 	      STA	IOB_READ_WRITE_BUFFER_PTR
    969  636b		       a9 1f		      LDA	#>HI_SCORE_DATA
    970  636d		       8d f1 b7 	      STA	IOB_READ_WRITE_BUFFER_PTR+1
    971  6370		       a9 00		      LDA	#$00
    972  6372		       8d eb b7 	      STA	IOB_VOLUME_NUMBER_EXPECTED
    973  6375		       a0 e8		      LDY	#<DOS_IOB
    974  6377		       a9 b7		      LDA	#>DOS_IOB
    975  6379		       20 a5 63 	      JSR	INDIRECT_RWTS
    976  637c		       90 03		      BCC	.no_error
    977  637e		       4c 08 60 	      JMP	RESET_GAME
    978  6381
    979  6381				   .no_error
    980  6381		       a0 0a		      LDY	#$0A
    981  6383		       a9 00		      LDA	#$00
    982  6385		       85 50		      STA	MASK0	; temp storage
    983  6387
    984  6387				   .loop
    985  6387		       b9 f4 1f 	      LDA	HI_SCORE_DATA+244,Y
    986  638a		       59 a8 63 	      EOR	HI_SCORE_DATA_MARKER,Y
    987  638d		       05 50		      ORA	MASK0
    988  638f		       85 50		      STA	MASK0
    989  6391		       88		      DEY
    990  6392		       10 f3		      BPL	.loop
    991  6394
    992  6394		       a5 50		      LDA	MASK0
    993  6396		       f0 03		      BEQ	.all_zero_data
    994  6398
    995  6398		       a9 00		      LDA	#$00
    996  639a		       60		      RTS
    997  639b
    998  639b				   .all_zero_data
    999  639b		       a9 01		      LDA	#$01
   1000  639d		       ae ff 1f 	      LDX	$1FFF
   1001  63a0		       d0 02		      BNE	.end
   1002  63a2		       a9 ff		      LDA	#$FF
   1003  63a4
   1004  63a4				   .end
   1005  63a4		       60		      RTS
   1006  63a5
   1007  63a5					      ORG	$63A5
   1008  63a5				   INDIRECT_RWTS
   1009  63a5					      SUBROUTINE
   1010  63a5		       6c 36 00 	      JMP	(INDIRECT_TARGET)
   1011  63a8
   1012  63a8					      ORG	$63A8
   1013  63a8				   HI_SCORE_DATA_MARKER
   1014  63a8							; Spells out "LODE RUNNER".
   1015  63a8		       cc cf c4 c5*	      HEX	CC CF C4 C5 A0 D2 D5 CE CE C5 D2
   1016  63b3					      ORG	$63B3
   1017  63b3				   DRAW_LEVEL_PAGE2
   1018  63b3					      SUBROUTINE
   1019  63b3							; Returns carry set if there was no player sprite in the level,
   1020  63b3							; or carry clear if there was.
   1021  63b3
   1022  63b3		       a0 0f		      LDY	#MAX_GAME_ROW
   1023  63b5		       84 86		      STY	GAME_ROWNUM
   1024  63b7
   1025  63b7				   .row_loop
   1026  63b7		       b9 05 1c 	      LDA	CURR_LEVEL_ROW_SPRITES_PTR_OFFSETS,Y
   1027  63ba		       85 06		      STA	PTR1
   1028  63bc		       85 08		      STA	PTR2
   1029  63be		       b9 15 1c 	      LDA	CURR_LEVEL_ROW_SPRITES_PTR_PAGES,Y
   1030  63c1		       85 07		      STA	PTR1+1
   1031  63c3		       b9 25 1c 	      LDA	CURR_LEVEL_ROW_SPRITES_PTR_PAGES2,Y
   1032  63c6		       85 09		      STA	PTR2+1
   1033  63c8
   1034  63c8		       a0 1b		      LDY	#MAX_GAME_COL
   1035  63ca		       84 85		      STY	GAME_COLNUM
   1036  63cc
   1037  63cc				   .col_loop
   1038  63cc		       b1 06		      LDA	(PTR1),Y
   1039  63ce		       a6 a2		      LDX	VERBATIM
   1040  63d0		       f0 1c		      BEQ	.draw_sprite1	; This will then unconditionally jump to
   1041  63d2							; .draw_sprite2. We have to do that because of
   1042  63d2							; relative jump amount limitations.
   1043  63d2		       c9 06		      CMP	#SPRITE_INVISIBLE_LADDER
   1044  63d4		       d0 1a		      BNE	.check_for_gold
   1045  63d6
   1046  63d6		       a6 a3		      LDX	LADDER_COUNT
   1047  63d8		       e0 2d		      CPX	#45
   1048  63da		       b0 0c		      BCS	.remove_sprite
   1049  63dc
   1050  63dc		       e6 a3		      INC	LADDER_COUNT
   1051  63de		       e8		      INX
   1052  63df		       a5 86		      LDA	GAME_ROWNUM
   1053  63e1		       9d 30 0c 	      STA	LADDER_LOCS_ROW,X
   1054  63e4		       98		      TYA
   1055  63e5		       9d 00 0c 	      STA	LADDER_LOCS_COL,X
   1056  63e8
   1057  63e8				   .remove_sprite
   1058  63e8		       a9 00		      LDA	#SPRITE_EMPTY
   1059  63ea		       91 06		      STA	(PTR1),Y
   1060  63ec		       91 08		      STA	(PTR2),Y
   1061  63ee
   1062  63ee				   .draw_sprite1
   1063  63ee		       f0 60		      BEQ	.draw_sprite	; Unconditional jump.
   1064  63f0				   .check_for_gold
   1065  63f0		       c9 07		      CMP	#SPRITE_GOLD
   1066  63f2		       d0 04		      BNE	.check_for_guard
   1067  63f4
   1068  63f4		       e6 93		      INC	GOLD_COUNT
   1069  63f6		       d0 58		      BNE	.draw_sprite	; This leads to a situation where if we wrap
   1070  63f8							; GOLD_COUNT around back to 0 (so 256 boxes)
   1071  63f8							; we end up falling through, which eventually
   1072  63f8							; just draws the sprite anyway. So this is kind
   1073  63f8							; of unconditional.
   1074  63f8
   1075  63f8				   .check_for_guard
   1076  63f8		       c9 08		      CMP	#SPRITE_GUARD
   1077  63fa		       d0 2e		      BNE	.check_for_player
   1078  63fc
   1079  63fc		       a6 8d		      LDX	GUARD_COUNT
   1080  63fe		       e0 05		      CPX	#5
   1081  6400		       b0 e6		      BCS	.remove_sprite	; If GUARD_COUNT >= 5, remove sprite.
   1082  6402
   1083  6402		       e6 8d		      INC	GUARD_COUNT
   1084  6404		       e8		      INX
   1085  6405		       98		      TYA
   1086  6406		       9d 60 0c 	      STA	GUARD_LOCS_COL,X
   1087  6409		       a5 86		      LDA	GAME_ROWNUM
   1088  640b		       9d 68 0c 	      STA	GUARD_LOCS_ROW,X
   1089  640e		       a9 00		      LDA	#$00
   1090  6410		       9d 70 0c 	      STA	GUARD_GOLD_TIMERS,X
   1091  6413		       9d 88 0c 	      STA	GUARD_ANIM_STATES,X
   1092  6416		       a9 02		      LDA	#$02
   1093  6418		       9d 78 0c 	      STA	GUARD_X_ADJS,X
   1094  641b		       9d 80 0c 	      STA	GUARD_Y_ADJS,X
   1095  641e
   1096  641e		       a9 00		      LDA	#SPRITE_EMPTY
   1097  6420		       91 08		      STA	(PTR2),Y
   1098  6422		       a9 08		      LDA	#SPRITE_GUARD
   1099  6424		       d0 2a		      BNE	.draw_sprite	; Unconditional jump.
   1100  6426
   1101  6426				   .next_row
   1102  6426		       10 8f		      BPL	.row_loop
   1103  6428				   .next_col
   1104  6428		       10 a2		      BPL	.col_loop
   1105  642a				   .check_for_player
   1106  642a		       c9 09		      CMP	#SPRITE_PLAYER
   1107  642c		       d0 1c		      BNE	.check_for_t_thing
   1108  642e
   1109  642e		       a6 00		      LDX	PLAYER_COL
   1110  6430		       10 b6		      BPL	.remove_sprite	; If PLAYER_COL > 0, remove sprite.
   1111  6432
   1112  6432		       84 00		      STY	PLAYER_COL
   1113  6434		       a6 86		      LDX	GAME_ROWNUM
   1114  6436		       86 01		      STX	PLAYER_ROW
   1115  6438		       a2 02		      LDX	#$02
   1116  643a		       86 02		      STX	PLAYER_X_ADJ
   1117  643c		       86 03		      STX	PLAYER_Y_ADJ	; Set Player X and Y movement to 0.
   1118  643e		       a2 08		      LDX	#$08
   1119  6440		       86 04		      STX	PLAYER_ANIM_STATE	; Corresponds to sprite 9 (see SPRITE_ANIM_SEQS)
   1120  6442
   1121  6442		       a9 00		      LDA	#SPRITE_EMPTY
   1122  6444		       91 08		      STA	(PTR2),Y
   1123  6446		       a9 09		      LDA	#SPRITE_PLAYER
   1124  6448		       d0 06		      BNE	.draw_sprite	; Unconditional jump.
   1125  644a				   .check_for_t_thing
   1126  644a		       c9 05		      CMP	#SPRITE_TRAP
   1127  644c		       d0 02		      BNE	.draw_sprite
   1128  644e		       a9 01		      LDA	#SPRITE_BRICK
   1129  6450
   1130  6450							; fallthrough to .draw_sprite
   1131  6450				   .draw_sprite
   1132  6450		       20 b0 82 	      JSR	DRAW_SPRITE_PAGE2
   1133  6453
   1134  6453		       c6 85		      DEC	GAME_COLNUM
   1135  6455		       a4 85		      LDY	GAME_COLNUM
   1136  6457		       10 cf		      BPL	.next_col	; Jumps to .col_loop
   1137  6459
   1138  6459		       c6 86		      DEC	GAME_ROWNUM
   1139  645b		       a4 86		      LDY	GAME_ROWNUM
   1140  645d		       10 c7		      BPL	.next_row	; Jumps to .row_loop
   1141  645f		       a5 a2		      LDA	VERBATIM
   1142  6461		       f0 06		      BEQ	.copy_page2_to_page1
   1143  6463
   1144  6463		       a5 00		      LDA	PLAYER_COL
   1145  6465		       10 24		      BPL	.reveal_screen
   1146  6467
   1147  6467		       38		      SEC		; Oops, no player! Return error.
   1148  6468		       60		      RTS
   1149  6469				   .copy_page2_to_page1
   1150  6469		       a9 20		      LDA	#$20
   1151  646b		       85 0f		      STA	ROW_ADDR2+1
   1152  646d		       a9 40		      LDA	#$40
   1153  646f		       85 0d		      STA	ROW_ADDR+1
   1154  6471		       a9 00		      LDA	#$00
   1155  6473		       85 0e		      STA	ROW_ADDR2
   1156  6475		       85 0c		      STA	ROW_ADDR
   1157  6477		       a8		      TAY
   1158  6478
   1159  6478				   .copy_loop
   1160  6478		       b1 0c		      LDA	(ROW_ADDR),Y
   1161  647a		       91 0e		      STA	(ROW_ADDR2),Y
   1162  647c		       c8		      INY
   1163  647d		       d0 f9		      BNE	.copy_loop
   1164  647f
   1165  647f		       e6 0f		      INC	ROW_ADDR2+1
   1166  6481		       e6 0d		      INC	ROW_ADDR+1
   1167  6483		       a6 0d		      LDX	ROW_ADDR+1
   1168  6485		       e0 60		      CPX	#$60
   1169  6487		       90 ef		      BCC	.copy_loop
   1170  6489
   1171  6489		       18		      CLC
   1172  648a		       60		      RTS
   1173  648b				   .reveal_screen
   1174  648b		       20 a2 88 	      JSR	IRIS_WIPE
   1175  648e
   1176  648e		       a0 0f		      LDY	#MAX_GAME_ROW
   1177  6490		       84 86		      STY	GAME_ROWNUM
   1178  6492
   1179  6492				   .row_loop2
   1180  6492		       b9 05 1c 	      LDA	CURR_LEVEL_ROW_SPRITES_PTR_OFFSETS,Y
   1181  6495		       85 06		      STA	PTR1
   1182  6497		       b9 15 1c 	      LDA	CURR_LEVEL_ROW_SPRITES_PTR_PAGES,Y
   1183  649a		       85 07		      STA	PTR1+1
   1184  649c
   1185  649c		       a0 1b		      LDY	#MAX_GAME_COL
   1186  649e		       84 85		      STY	GAME_COLNUM
   1187  64a0
   1188  64a0				   .col_loop2
   1189  64a0		       b1 06		      LDA	(PTR1),Y
   1190  64a2		       c9 09		      CMP	#SPRITE_PLAYER
   1191  64a4		       f0 04		      BEQ	.remove
   1192  64a6		       c9 08		      CMP	#SPRITE_GUARD
   1193  64a8		       d0 05		      BNE	.next
   1194  64aa
   1195  64aa				   .remove
   1196  64aa		       a9 00		      LDA	#SPRITE_EMPTY
   1197  64ac		       20 b0 82 	      JSR	DRAW_SPRITE_PAGE2
   1198  64af
   1199  64af				   .next
   1200  64af		       c6 85		      DEC	GAME_COLNUM
   1201  64b1		       a4 85		      LDY	GAME_COLNUM
   1202  64b3		       10 eb		      BPL	.col_loop2
   1203  64b5
   1204  64b5		       c6 86		      DEC	GAME_ROWNUM
   1205  64b7		       a4 86		      LDY	GAME_ROWNUM
   1206  64b9		       10 d7		      BPL	.row_loop2
   1207  64bb
   1208  64bb		       18		      CLC
   1209  64bc		       60		      RTS
   1210  64bd
   1211  64bd					      ORG	$64BD
   1212  64bd				   MOVE_PLAYER
   1213  64bd					      SUBROUTINE
   1214  64bd
   1215  64bd		       a9 01		      LDA	#$01
   1216  64bf		       85 94		      STA	DIDNT_PICK_UP_GOLD	; Reset DIDNT_PICK_UP_GOLD
   1217  64c1
   1218  64c1							; If we're digging, see if we can keep digging.
   1219  64c1		       a5 9c		      LDA	DIG_DIRECTION
   1220  64c3		       f0 08		      BEQ	.not_digging
   1221  64c5		       10 03		      BPL	.digging_right
   1222  64c7		       4c e7 67 	      JMP	TRY_DIGGING_LEFT_check_can_dig_left
   1223  64ca
   1224  64ca				   .digging_right
   1225  64ca		       4c ad 68 	      JMP	TRY_DIGGING_RIGHT_check_can_dig_right
   1226  64cd
   1227  64cd				   .not_digging
   1228  64cd		       a4 01		      LDY	PLAYER_ROW
   1229  64cf		       b9 05 1c 	      LDA	CURR_LEVEL_ROW_SPRITES_PTR_OFFSETS,Y
   1230  64d2		       85 08		      STA	PTR2
   1231  64d4		       b9 25 1c 	      LDA	CURR_LEVEL_ROW_SPRITES_PTR_PAGES2,Y
   1232  64d7		       85 09		      STA	PTR2+1
   1233  64d9
   1234  64d9		       a4 00		      LDY	PLAYER_COL
   1235  64db		       b1 08		      LDA	(PTR2),Y
   1236  64dd		       c9 03		      CMP	#SPRITE_LADDER
   1237  64df		       f0 41		      BEQ	.check_for_keyboard_input_	; ladder at background location?
   1238  64e1		       c9 04		      CMP	#SPRITE_ROPE
   1239  64e3		       d0 06		      BNE	.check_if_player_should_fall	; rope at background location?
   1240  64e5		       a5 03		      LDA	PLAYER_Y_ADJ
   1241  64e7		       c9 02		      CMP	#$02
   1242  64e9		       f0 37		      BEQ	.check_for_keyboard_input_	; player at exact sprite row?
   1243  64eb
   1244  64eb							; player is not on exact sprite row, fallthrough.
   1245  64eb
   1246  64eb				   .check_if_player_should_fall
   1247  64eb		       a5 03		      LDA	PLAYER_Y_ADJ
   1248  64ed		       c9 02		      CMP	#$02
   1249  64ef		       90 34		      BCC	.make_player_fall	; player slightly above sprite row?
   1250  64f1
   1251  64f1		       a4 01		      LDY	PLAYER_ROW
   1252  64f3		       c0 0f		      CPY	#MAX_GAME_ROW
   1253  64f5		       f0 2b		      BEQ	.check_for_keyboard_input_	; player exactly sprite row 15?
   1254  64f7
   1255  64f7							; Check the sprite at the player location
   1256  64f7		       b9 06 1c 	      LDA	CURR_LEVEL_ROW_SPRITES_PTR_OFFSETS+1,Y
   1257  64fa		       85 06		      STA	PTR1
   1258  64fc		       85 08		      STA	PTR2
   1259  64fe		       b9 16 1c 	      LDA	CURR_LEVEL_ROW_SPRITES_PTR_PAGES+1,Y
   1260  6501		       85 07		      STA	PTR1+1
   1261  6503		       b9 26 1c 	      LDA	CURR_LEVEL_ROW_SPRITES_PTR_PAGES2+1,Y
   1262  6506		       85 09		      STA	PTR2+1
   1263  6508
   1264  6508
   1265  6508		       a4 00		      LDY	PLAYER_COL
   1266  650a		       b1 06		      LDA	(PTR1),Y
   1267  650c		       c9 00		      CMP	#SPRITE_EMPTY
   1268  650e		       f0 15		      BEQ	.make_player_fall
   1269  6510		       c9 08		      CMP	#SPRITE_GUARD
   1270  6512		       f0 0e		      BEQ	.check_for_keyboard_input_
   1271  6514		       b1 08		      LDA	(PTR2),Y
   1272  6516		       c9 01		      CMP	#SPRITE_BRICK
   1273  6518		       f0 08		      BEQ	.check_for_keyboard_input_
   1274  651a		       c9 02		      CMP	#SPRITE_STONE
   1275  651c		       f0 04		      BEQ	.check_for_keyboard_input_
   1276  651e		       c9 03		      CMP	#SPRITE_LADDER
   1277  6520		       d0 03		      BNE	.make_player_fall
   1278  6522
   1279  6522				   .check_for_keyboard_input_
   1280  6522		       4c 84 65 	      JMP	.check_for_keyboard_input
   1281  6525
   1282  6525				   .make_player_fall
   1283  6525		       a9 00		      LDA	#$00
   1284  6527		       85 9b		      STA	$9B	; $9B = 0
   1285  6529		       20 85 6b 	      JSR	GET_SPRITE_AND_SCREEN_COORD_AT_PLAYER
   1286  652c		       20 36 83 	      JSR	ERASE_SPRITE_AT_PIXEL_COORDS
   1287  652f
   1288  652f		       a9 07		      LDA	#$07	; Next anim state: player falling, facing left
   1289  6531		       a6 05		      LDX	PLAYER_FACING_DIRECTION
   1290  6533		       30 02		      BMI	.player_facing_left
   1291  6535		       a9 0f		      LDA	#$0F	; Next anim state: player falling, facing right
   1292  6537				   .player_facing_left
   1293  6537		       85 04		      STA	PLAYER_ANIM_STATE
   1294  6539
   1295  6539		       20 13 6c 	      JSR	NUDGE_PLAYER_TOWARDS_EXACT_COLUMN
   1296  653c
   1297  653c		       e6 03		      INC	PLAYER_Y_ADJ	; Move down one
   1298  653e		       a5 03		      LDA	PLAYER_Y_ADJ
   1299  6540		       c9 05		      CMP	#$05
   1300  6542		       b0 06		      BCS	.adjustment_overflow
   1301  6544
   1302  6544		       20 9d 6b 	      JSR	CHECK_FOR_GOLD_PICKED_UP_BY_PLAYER
   1303  6547		       4c 02 6c 	      JMP	DRAW_PLAYER	; tailcall
   1304  654a
   1305  654a				   .adjustment_overflow
   1306  654a		       a9 00		      LDA	#$00
   1307  654c		       85 03		      STA	PLAYER_Y_ADJ	; Set vertical adjust to -2
   1308  654e
   1309  654e		       a4 01		      LDY	PLAYER_ROW
   1310  6550		       b9 05 1c 	      LDA	CURR_LEVEL_ROW_SPRITES_PTR_OFFSETS,Y
   1311  6553		       85 06		      STA	PTR1
   1312  6555		       85 08		      STA	PTR2
   1313  6557		       b9 15 1c 	      LDA	CURR_LEVEL_ROW_SPRITES_PTR_PAGES,Y
   1314  655a		       85 07		      STA	PTR1+1
   1315  655c		       b9 25 1c 	      LDA	CURR_LEVEL_ROW_SPRITES_PTR_PAGES2,Y
   1316  655f		       85 09		      STA	PTR2+1
   1317  6561
   1318  6561		       a4 00		      LDY	PLAYER_COL
   1319  6563		       b1 08		      LDA	(PTR2),Y
   1320  6565		       c9 01		      CMP	#SPRITE_BRICK
   1321  6567		       d0 02		      BNE	.set_on_level
   1322  6569		       a9 00		      LDA	#SPRITE_EMPTY
   1323  656b				   .set_on_level
   1324  656b		       91 06		      STA	(PTR1),Y
   1325  656d		       e6 01		      INC	PLAYER_ROW	; Move down
   1326  656f		       a4 01		      LDY	PLAYER_ROW
   1327  6571		       b9 05 1c 	      LDA	CURR_LEVEL_ROW_SPRITES_PTR_OFFSETS,Y
   1328  6574		       85 06		      STA	PTR1
   1329  6576		       b9 15 1c 	      LDA	CURR_LEVEL_ROW_SPRITES_PTR_PAGES,Y
   1330  6579		       85 07		      STA	PTR1+1
   1331  657b
   1332  657b
   1333  657b		       a4 00		      LDY	PLAYER_COL
   1334  657d		       a9 09		      LDA	#SPRITE_PLAYER
   1335  657f		       91 06		      STA	(PTR1),Y
   1336  6581		       4c 02 6c 	      JMP	DRAW_PLAYER	; tailcall
   1337  6584
   1338  6584				   .check_for_keyboard_input
   1339  6584		       a5 9b		      LDA	$9B
   1340  6586		       d0 07		      BNE	.check_for_key	; $9B doesn't play note
   1341  6588		       a9 64		      LDA	#$64
   1342  658a		       a2 08		      LDX	#$08
   1343  658c		       20 ba 87 	      JSR	PLAY_NOTE	; play note, pitch 0x64, duration 8.
   1344  658f
   1345  658f				   .check_for_key
   1346  658f		       a9 20		      LDA	#$20
   1347  6591		       85 a4		      STA	$A4
   1348  6593		       85 9b		      STA	$9B
   1349  6595		       20 12 6a 	      JSR	CHECK_FOR_INPUT
   1350  6598		       a5 9e		      LDA	KEY_COMMAND
   1351  659a		       c9 c9		      CMP	#$C9	; 'I'
   1352  659c		       d0 06		      BNE	.check_for_K
   1353  659e		       20 bd 66 	      JSR	TRY_MOVING_UP
   1354  65a1		       b0 1f		      BCS	.check_for_J	; couldn't move up
   1355  65a3		       60		      RTS
   1356  65a4
   1357  65a4				   .check_for_K
   1358  65a4		       c9 cb		      CMP	#$CB	; 'K'
   1359  65a6		       d0 06		      BNE	.check_for_U
   1360  65a8		       20 66 67 	      JSR	TRY_MOVING_DOWN
   1361  65ab		       b0 15		      BCS	.check_for_J
   1362  65ad		       60		      RTS
   1363  65ae
   1364  65ae				   .check_for_U
   1365  65ae		       c9 d5		      CMP	#$D5	; 'U'
   1366  65b0		       d0 06		      BNE	.check_for_O
   1367  65b2		       20 db 67 	      JSR	TRY_DIGGING_LEFT
   1368  65b5		       b0 0b		      BCS	.check_for_J
   1369  65b7		       60		      RTS
   1370  65b8
   1371  65b8				   .check_for_O
   1372  65b8		       c9 cf		      CMP	#$CF	; 'O'
   1373  65ba		       d0 06		      BNE	.check_for_J
   1374  65bc		       20 a1 68 	      JSR	TRY_DIGGING_RIGHT
   1375  65bf		       b0 01		      BCS	.check_for_J
   1376  65c1		       60		      RTS
   1377  65c2
   1378  65c2				   .check_for_J
   1379  65c2		       a5 9f		      LDA	KEY_COMMAND_LR
   1380  65c4		       c9 ca		      CMP	#$CA	; 'J'
   1381  65c6		       d0 03		      BNE	.check_for_L
   1382  65c8		       4c d3 65 	      JMP	TRY_MOVING_LEFT
   1383  65cb
   1384  65cb				   .check_for_L
   1385  65cb		       c9 cc		      CMP	#$CC	; 'L'
   1386  65cd		       d0 03		      BNE	.end
   1387  65cf		       4c 45 66 	      JMP	TRY_MOVING_RIGHT
   1388  65d2
   1389  65d2				   .end
   1390  65d2		       60		      RTS
   1391  65d3
   1392  65d3					      ORG	$65D3
   1393  65d3				   TRY_MOVING_LEFT
   1394  65d3					      SUBROUTINE
   1395  65d3
   1396  65d3		       a4 01		      LDY	PLAYER_ROW
   1397  65d5		       b9 05 1c 	      LDA	CURR_LEVEL_ROW_SPRITES_PTR_OFFSETS,Y
   1398  65d8		       85 06		      STA	PTR1
   1399  65da		       85 08		      STA	PTR2
   1400  65dc		       b9 15 1c 	      LDA	CURR_LEVEL_ROW_SPRITES_PTR_PAGES,Y
   1401  65df		       85 07		      STA	PTR1+1
   1402  65e1		       b9 25 1c 	      LDA	CURR_LEVEL_ROW_SPRITES_PTR_PAGES2,Y
   1403  65e4		       85 09		      STA	PTR2+1
   1404  65e6
   1405  65e6		       a6 02		      LDX	PLAYER_X_ADJ
   1406  65e8		       e0 03		      CPX	#$03
   1407  65ea		       b0 14		      BCS	.move_player_left	; player slightly right, so can move left.
   1408  65ec
   1409  65ec		       a4 00		      LDY	PLAYER_COL
   1410  65ee		       f0 0f		      BEQ	.cannot_move	; col == 0, so cannot move.
   1411  65f0
   1412  65f0		       88		      DEY
   1413  65f1		       b1 06		      LDA	(PTR1),Y
   1414  65f3		       c9 02		      CMP	#SPRITE_STONE
   1415  65f5		       f0 08		      BEQ	.cannot_move
   1416  65f7		       c9 01		      CMP	#SPRITE_BRICK
   1417  65f9		       f0 04		      BEQ	.cannot_move
   1418  65fb		       c9 05		      CMP	#SPRITE_TRAP
   1419  65fd		       d0 01		      BNE	.move_player_left	; brick, stone, or trap to left, so cannot move.
   1420  65ff
   1421  65ff				   .cannot_move
   1422  65ff		       60		      RTS
   1423  6600
   1424  6600				   .move_player_left
   1425  6600		       20 85 6b 	      JSR	GET_SPRITE_AND_SCREEN_COORD_AT_PLAYER
   1426  6603		       20 36 83 	      JSR	ERASE_SPRITE_AT_PIXEL_COORDS
   1427  6606		       a9 ff		      LDA	#$FF
   1428  6608		       85 05		      STA	PLAYER_FACING_DIRECTION	; face left
   1429  660a		       20 26 6c 	      JSR	NUDGE_PLAYER_TOWARDS_EXACT_ROW
   1430  660d		       c6 02		      DEC	PLAYER_X_ADJ
   1431  660f		       10 19		      BPL	.check_for_gold
   1432  6611
   1433  6611							; adjustment overflow
   1434  6611		       a4 00		      LDY	PLAYER_COL
   1435  6613		       b1 08		      LDA	(PTR2),Y
   1436  6615		       c9 01		      CMP	#SPRITE_BRICK
   1437  6617		       d0 02		      BNE	.set_on_level
   1438  6619		       a9 00		      LDA	#SPRITE_EMPTY
   1439  661b				   .set_on_level
   1440  661b		       91 06		      STA	(PTR1),Y
   1441  661d
   1442  661d		       c6 00		      DEC	PLAYER_COL
   1443  661f		       88		      DEY
   1444  6620		       a9 09		      LDA	#SPRITE_PLAYER
   1445  6622		       91 06		      STA	(PTR1),Y	; Write player sprite to active page.
   1446  6624		       a9 04		      LDA	#$04
   1447  6626		       85 02		      STA	PLAYER_X_ADJ	; Set adjustment to +2
   1448  6628		       d0 03		      BNE	.inc_anim_state	; Unconditional
   1449  662a
   1450  662a				   .check_for_gold
   1451  662a		       20 9d 6b 	      JSR	CHECK_FOR_GOLD_PICKED_UP_BY_PLAYER
   1452  662d
   1453  662d				   .inc_anim_state
   1454  662d		       a4 00		      LDY	PLAYER_COL
   1455  662f		       b1 08		      LDA	(PTR2),Y
   1456  6631		       c9 04		      CMP	#SPRITE_ROPE
   1457  6633		       f0 06		      BEQ	.anim_state_monkeying
   1458  6635
   1459  6635		       a9 00		      LDA	#$00
   1460  6637		       a2 02		      LDX	#$02
   1461  6639		       d0 04		      BNE	.done	; Unconditional
   1462  663b
   1463  663b				   .anim_state_monkeying
   1464  663b		       a9 03		      LDA	#$03
   1465  663d		       a2 05		      LDX	#$05
   1466  663f
   1467  663f				   .done
   1468  663f		       20 f4 6b 	      JSR	INC_ANIM_STATE
   1469  6642		       4c 02 6c 	      JMP	DRAW_PLAYER
   1470  6645
   1471  6645					      ORG	$6645
   1472  6645				   TRY_MOVING_RIGHT
   1473  6645					      SUBROUTINE
   1474  6645
   1475  6645		       a4 01		      LDY	PLAYER_ROW
   1476  6647		       b9 05 1c 	      LDA	CURR_LEVEL_ROW_SPRITES_PTR_OFFSETS,Y
   1477  664a		       85 06		      STA	PTR1
   1478  664c		       85 08		      STA	PTR2
   1479  664e		       b9 15 1c 	      LDA	CURR_LEVEL_ROW_SPRITES_PTR_PAGES,Y
   1480  6651		       85 07		      STA	PTR1+1
   1481  6653		       b9 25 1c 	      LDA	CURR_LEVEL_ROW_SPRITES_PTR_PAGES2,Y
   1482  6656		       85 09		      STA	PTR2+1
   1483  6658
   1484  6658		       a6 02		      LDX	PLAYER_X_ADJ
   1485  665a		       e0 02		      CPX	#$02
   1486  665c		       90 16		      BCC	.move_player_right	; player slightly left, so can move right.
   1487  665e
   1488  665e		       a4 00		      LDY	PLAYER_COL
   1489  6660		       c0 1b		      CPY	#MAX_GAME_COL
   1490  6662		       f0 0f		      BEQ	.cannot_move	; col == 27, so cannot move.
   1491  6664
   1492  6664		       c8		      INY
   1493  6665		       b1 06		      LDA	(PTR1),Y
   1494  6667		       c9 02		      CMP	#SPRITE_STONE
   1495  6669		       f0 08		      BEQ	.cannot_move
   1496  666b		       c9 01		      CMP	#SPRITE_BRICK
   1497  666d		       f0 04		      BEQ	.cannot_move
   1498  666f		       c9 05		      CMP	#SPRITE_TRAP
   1499  6671		       d0 01		      BNE	.move_player_right	; brick, stone, or trap to right, so cannot move.
   1500  6673
   1501  6673				   .cannot_move
   1502  6673		       60		      RTS
   1503  6674
   1504  6674				   .move_player_right
   1505  6674		       20 85 6b 	      JSR	GET_SPRITE_AND_SCREEN_COORD_AT_PLAYER
   1506  6677		       20 36 83 	      JSR	ERASE_SPRITE_AT_PIXEL_COORDS
   1507  667a		       a9 01		      LDA	#$01
   1508  667c		       85 05		      STA	PLAYER_FACING_DIRECTION	; face right
   1509  667e		       20 26 6c 	      JSR	NUDGE_PLAYER_TOWARDS_EXACT_ROW
   1510  6681		       e6 02		      INC	PLAYER_X_ADJ
   1511  6683		       a5 02		      LDA	PLAYER_X_ADJ
   1512  6685		       c9 05		      CMP	#$05
   1513  6687		       90 19		      BCC	.check_for_gold
   1514  6689
   1515  6689							; adjustment overflow
   1516  6689		       a4 00		      LDY	PLAYER_COL
   1517  668b		       b1 08		      LDA	(PTR2),Y
   1518  668d		       c9 01		      CMP	#SPRITE_BRICK
   1519  668f		       d0 02		      BNE	.set_on_level
   1520  6691		       a9 00		      LDA	#SPRITE_EMPTY
   1521  6693				   .set_on_level
   1522  6693		       91 06		      STA	(PTR1),Y
   1523  6695
   1524  6695		       e6 00		      INC	PLAYER_COL
   1525  6697		       c8		      INY
   1526  6698		       a9 09		      LDA	#SPRITE_PLAYER
   1527  669a		       91 06		      STA	(PTR1),Y	; Write player sprite to active page.
   1528  669c		       a9 00		      LDA	#$00
   1529  669e		       85 02		      STA	PLAYER_X_ADJ	; Set adjustment to -2
   1530  66a0		       f0 03		      BEQ	.inc_anim_state	; Unconditional
   1531  66a2
   1532  66a2				   .check_for_gold
   1533  66a2		       20 9d 6b 	      JSR	CHECK_FOR_GOLD_PICKED_UP_BY_PLAYER
   1534  66a5
   1535  66a5				   .inc_anim_state
   1536  66a5		       a4 00		      LDY	PLAYER_COL
   1537  66a7		       b1 08		      LDA	(PTR2),Y
   1538  66a9		       c9 04		      CMP	#SPRITE_ROPE
   1539  66ab		       f0 06		      BEQ	.anim_state_monkeying
   1540  66ad
   1541  66ad		       a9 08		      LDA	#$08
   1542  66af		       a2 0a		      LDX	#$0A
   1543  66b1		       d0 04		      BNE	.done	; Unconditional
   1544  66b3
   1545  66b3				   .anim_state_monkeying
   1546  66b3		       a9 0b		      LDA	#$0B
   1547  66b5		       a2 0d		      LDX	#$0D
   1548  66b7
   1549  66b7				   .done
   1550  66b7		       20 f4 6b 	      JSR	INC_ANIM_STATE
   1551  66ba		       4c 02 6c 	      JMP	DRAW_PLAYER
   1552  66bd
   1553  66bd					      ORG	$66BD
   1554  66bd				   TRY_MOVING_UP
   1555  66bd					      SUBROUTINE
   1556  66bd
   1557  66bd		       a4 01		      LDY	PLAYER_ROW
   1558  66bf		       b9 05 1c 	      LDA	CURR_LEVEL_ROW_SPRITES_PTR_OFFSETS,Y
   1559  66c2		       85 08		      STA	PTR2
   1560  66c4		       b9 25 1c 	      LDA	CURR_LEVEL_ROW_SPRITES_PTR_PAGES2,Y
   1561  66c7		       85 09		      STA	PTR2+1
   1562  66c9
   1563  66c9		       a4 00		      LDY	PLAYER_COL
   1564  66cb		       b1 08		      LDA	(PTR2),Y
   1565  66cd
   1566  66cd		       c9 03		      CMP	#SPRITE_LADDER
   1567  66cf		       f0 1c		      BEQ	.ladder_here
   1568  66d1
   1569  66d1		       a4 03		      LDY	PLAYER_Y_ADJ
   1570  66d3		       c0 03		      CPY	#$03
   1571  66d5		       90 14		      BCC	.cannot_move	; if PLAYER_Y_ADJ <= 2
   1572  66d7
   1573  66d7							; and if there's no ladder below, you can't move up.
   1574  66d7		       a4 01		      LDY	PLAYER_ROW
   1575  66d9		       b9 06 1c 	      LDA	CURR_LEVEL_ROW_SPRITES_PTR_OFFSETS+1,Y
   1576  66dc		       85 08		      STA	PTR2
   1577  66de		       b9 26 1c 	      LDA	CURR_LEVEL_ROW_SPRITES_PTR_PAGES2+1,Y
   1578  66e1		       85 09		      STA	PTR2+1
   1579  66e3
   1580  66e3		       a4 00		      LDY	PLAYER_COL
   1581  66e5		       b1 08		      LDA	(PTR2),Y
   1582  66e7
   1583  66e7		       c9 03		      CMP	#SPRITE_LADDER
   1584  66e9		       f0 26		      BEQ	.move_player_up
   1585  66eb
   1586  66eb				   .cannot_move
   1587  66eb		       38		      SEC
   1588  66ec		       60		      RTS
   1589  66ed
   1590  66ed				   .ladder_here
   1591  66ed		       a4 03		      LDY	PLAYER_Y_ADJ
   1592  66ef		       c0 03		      CPY	#$03
   1593  66f1		       b0 1e		      BCS	.move_player_up	; if PLAYER_Y_ADJ > 2
   1594  66f3
   1595  66f3							; If you're at the top, you can't move up even if there's a ladder.
   1596  66f3		       a4 01		      LDY	PLAYER_ROW
   1597  66f5		       f0 f4		      BEQ	.cannot_move	; if PLAYER_ROW == 0, set carry and return
   1598  66f7
   1599  66f7							; You can't move up if there's a brick, stone, or trap above.
   1600  66f7		       b9 04 1c 	      LDA	CURR_LEVEL_ROW_SPRITES_PTR_OFFSETS-1,Y
   1601  66fa		       85 06		      STA	PTR1
   1602  66fc		       b9 14 1c 	      LDA	CURR_LEVEL_ROW_SPRITES_PTR_PAGES-1,Y
   1603  66ff		       85 07		      STA	PTR1+1
   1604  6701		       a4 00		      LDY	PLAYER_COL
   1605  6703		       b1 06		      LDA	(PTR1),Y	; Get the sprite on the row above.
   1606  6705
   1607  6705		       c9 01		      CMP	#SPRITE_BRICK
   1608  6707		       f0 e2		      BEQ	.cannot_move
   1609  6709		       c9 02		      CMP	#SPRITE_STONE
   1610  670b		       f0 de		      BEQ	.cannot_move
   1611  670d		       c9 05		      CMP	#SPRITE_TRAP
   1612  670f		       f0 da		      BEQ	.cannot_move	; If brick, stone, or trap, set carry and return
   1613  6711
   1614  6711				   .move_player_up
   1615  6711		       20 85 6b 	      JSR	GET_SPRITE_AND_SCREEN_COORD_AT_PLAYER
   1616  6714		       20 36 83 	      JSR	ERASE_SPRITE_AT_PIXEL_COORDS
   1617  6717		       a4 01		      LDY	PLAYER_ROW
   1618  6719		       b9 05 1c 	      LDA	CURR_LEVEL_ROW_SPRITES_PTR_OFFSETS,Y
   1619  671c		       85 06		      STA	PTR1
   1620  671e		       85 08		      STA	PTR2
   1621  6720		       b9 15 1c 	      LDA	CURR_LEVEL_ROW_SPRITES_PTR_PAGES,Y
   1622  6723		       85 07		      STA	PTR1+1
   1623  6725		       b9 25 1c 	      LDA	CURR_LEVEL_ROW_SPRITES_PTR_PAGES2,Y
   1624  6728		       85 09		      STA	PTR2+1
   1625  672a
   1626  672a		       20 13 6c 	      JSR	NUDGE_PLAYER_TOWARDS_EXACT_COLUMN
   1627  672d		       c6 03		      DEC	PLAYER_Y_ADJ	; Move player up
   1628  672f		       10 26		      BPL	TRY_MOVING_UP_check_for_gold
   1629  6731
   1630  6731							; PLAYER_Y_ADJ rolled over.
   1631  6731
   1632  6731							; Restore the sprite at the player's former location:
   1633  6731							; If background page at player location is brick, put an empty at the
   1634  6731							; (previous) player location on active page, otherwise copy the background
   1635  6731							; sprite to the active page.
   1636  6731		       a4 00		      LDY	PLAYER_COL
   1637  6733		       b1 08		      LDA	(PTR2),Y
   1638  6735		       c9 01		      CMP	#SPRITE_BRICK
   1639  6737		       d0 02		      BNE	.set_on_real_page
   1640  6739		       a9 00		      LDA	#SPRITE_EMPTY
   1641  673b				   .set_on_real_page
   1642  673b		       91 06		      STA	(PTR1),Y
   1643  673d
   1644  673d		       c6 01		      DEC	PLAYER_ROW	; Move player up
   1645  673f		       a4 01		      LDY	PLAYER_ROW
   1646  6741		       b9 05 1c 	      LDA	CURR_LEVEL_ROW_SPRITES_PTR_OFFSETS,Y
   1647  6744		       85 06		      STA	PTR1
   1648  6746		       b9 15 1c 	      LDA	CURR_LEVEL_ROW_SPRITES_PTR_PAGES,Y
   1649  6749		       85 07		      STA	PTR1+1
   1650  674b
   1651  674b		       a4 00		      LDY	PLAYER_COL
   1652  674d		       a9 09		      LDA	#SPRITE_PLAYER
   1653  674f		       91 06		      STA	(PTR1),Y	; Write player sprite to active page.
   1654  6751		       a9 04		      LDA	#$04
   1655  6753		       85 03		      STA	PLAYER_Y_ADJ	; Set adjustment to +2
   1656  6755		       d0 03		      BNE	TRY_MOVING_UP_inc_anim_state	; unconditional
   1657  6757
   1658  6757				   TRY_MOVING_UP_check_for_gold
   1659  6757		       20 9d 6b 	      JSR	CHECK_FOR_GOLD_PICKED_UP_BY_PLAYER
   1660  675a
   1661  675a				   TRY_MOVING_UP_inc_anim_state
   1662  675a		       a9 10		      LDA	#$10
   1663  675c		       a2 11		      LDX	#$11
   1664  675e		       20 f4 6b 	      JSR	INC_ANIM_STATE	; player climbing on ladder
   1665  6761		       20 02 6c 	      JSR	DRAW_PLAYER
   1666  6764		       18		      CLC
   1667  6765		       60		      RTS
   1668  6766
   1669  6766					      ORG	$6766
   1670  6766				   TRY_MOVING_DOWN
   1671  6766					      SUBROUTINE
   1672  6766
   1673  6766		       a4 03		      LDY	PLAYER_Y_ADJ
   1674  6768		       c0 02		      CPY	#$02
   1675  676a		       90 1e		      BCC	.move_player_down	; player slightly above, so can move down.
   1676  676c
   1677  676c		       a4 01		      LDY	PLAYER_ROW
   1678  676e		       c0 0f		      CPY	#MAX_GAME_ROW
   1679  6770		       b0 16		      BCS	.cannot_move	; player on row >= 15, so cannot move.
   1680  6772
   1681  6772		       b9 06 1c 	      LDA	CURR_LEVEL_ROW_SPRITES_PTR_OFFSETS+1,Y
   1682  6775		       85 06		      STA	PTR1
   1683  6777		       b9 16 1c 	      LDA	CURR_LEVEL_ROW_SPRITES_PTR_PAGES+1,Y
   1684  677a		       85 07		      STA	PTR1+1
   1685  677c
   1686  677c		       a4 00		      LDY	PLAYER_COL
   1687  677e		       b1 06		      LDA	(PTR1),Y
   1688  6780		       c9 02		      CMP	#SPRITE_STONE
   1689  6782		       f0 04		      BEQ	.cannot_move
   1690  6784		       c9 01		      CMP	#SPRITE_BRICK
   1691  6786		       d0 02		      BNE	.move_player_down	; Row below is stone or brick, so cannot move.
   1692  6788
   1693  6788				   .cannot_move
   1694  6788		       38		      SEC
   1695  6789		       60		      RTS
   1696  678a
   1697  678a				   .move_player_down
   1698  678a		       20 85 6b 	      JSR	GET_SPRITE_AND_SCREEN_COORD_AT_PLAYER
   1699  678d		       20 36 83 	      JSR	ERASE_SPRITE_AT_PIXEL_COORDS
   1700  6790		       a4 01		      LDY	PLAYER_ROW
   1701  6792		       b9 05 1c 	      LDA	CURR_LEVEL_ROW_SPRITES_PTR_OFFSETS,Y
   1702  6795		       85 06		      STA	PTR1
   1703  6797		       85 08		      STA	PTR2
   1704  6799		       b9 15 1c 	      LDA	CURR_LEVEL_ROW_SPRITES_PTR_PAGES,Y
   1705  679c		       85 07		      STA	PTR1+1
   1706  679e		       b9 25 1c 	      LDA	CURR_LEVEL_ROW_SPRITES_PTR_PAGES2,Y
   1707  67a1		       85 09		      STA	PTR2+1
   1708  67a3
   1709  67a3		       20 13 6c 	      JSR	NUDGE_PLAYER_TOWARDS_EXACT_COLUMN
   1710  67a6		       e6 03		      INC	PLAYER_Y_ADJ	; Move player down
   1711  67a8		       a5 03		      LDA	PLAYER_Y_ADJ
   1712  67aa		       c9 05		      CMP	#$05
   1713  67ac		       90 27		      BCC	.check_for_gold_
   1714  67ae
   1715  67ae							; adjustment overflow
   1716  67ae		       a4 00		      LDY	PLAYER_COL
   1717  67b0		       b1 08		      LDA	(PTR2),Y
   1718  67b2		       c9 01		      CMP	#SPRITE_BRICK
   1719  67b4		       d0 02		      BNE	.set_on_real_page
   1720  67b6		       a9 00		      LDA	#SPRITE_EMPTY
   1721  67b8				   .set_on_real_page
   1722  67b8		       91 06		      STA	(PTR1),Y
   1723  67ba
   1724  67ba		       e6 01		      INC	PLAYER_ROW
   1725  67bc		       a4 01		      LDY	PLAYER_ROW
   1726  67be		       b9 05 1c 	      LDA	CURR_LEVEL_ROW_SPRITES_PTR_OFFSETS,Y
   1727  67c1		       85 06		      STA	PTR1
   1728  67c3		       b9 15 1c 	      LDA	CURR_LEVEL_ROW_SPRITES_PTR_PAGES,Y
   1729  67c6		       85 07		      STA	PTR1+1
   1730  67c8
   1731  67c8		       a4 00		      LDY	PLAYER_COL
   1732  67ca		       a9 09		      LDA	#SPRITE_PLAYER
   1733  67cc		       91 06		      STA	(PTR1),Y	; Write player sprite to active page.
   1734  67ce		       a9 00		      LDA	#SPRITE_EMPTY
   1735  67d0		       85 03		      STA	PLAYER_Y_ADJ	; Set adjustment to -2
   1736  67d2		       4c 5a 67 	      JMP	TRY_MOVING_UP_inc_anim_state
   1737  67d5
   1738  67d5				   .check_for_gold_
   1739  67d5		       4c 57 67 	      JMP	TRY_MOVING_UP_check_for_gold
   1740  67d8
   1741  67d8					      ORG	$67D8
   1742  67d8					      SUBROUTINE
   1743  67d8
   1744  67d8				   .cannot_dig_
   1745  67d8		       4c 92 68 	      JMP	.stop_digging
   1746  67db
   1747  67db				   TRY_DIGGING_LEFT
   1748  67db		       a9 ff		      LDA	#$FF
   1749  67dd		       85 9c		      STA	DIG_DIRECTION
   1750  67df		       85 9e		      STA	KEY_COMMAND
   1751  67e1		       85 9f		      STA	KEY_COMMAND_LR	; DIG_DIRECTION = KEY_COMMANDs = 0xFF
   1752  67e3		       a9 00		      LDA	#$00
   1753  67e5		       85 a0		      STA	DIG_ANIM_STATE	; DIG_ANIM_STATE = 0
   1754  67e7
   1755  67e7				   TRY_DIGGING_LEFT_check_can_dig_left
   1756  67e7		       a4 01		      LDY	PLAYER_ROW
   1757  67e9		       c0 0f		      CPY	#MAX_GAME_ROW
   1758  67eb		       b0 eb		      BCS	.cannot_dig_	; row >= 15, so cannot dig.
   1759  67ed
   1760  67ed		       c8		      INY
   1761  67ee		       20 4b 88 	      JSR	GET_PTRS_TO_CURR_LEVEL_SPRITE_DATA
   1762  67f1		       a4 00		      LDY	PLAYER_COL
   1763  67f3		       f0 e3		      BEQ	.cannot_dig_	; col == 0, so cannot dig left.
   1764  67f5
   1765  67f5		       88		      DEY
   1766  67f6		       b1 06		      LDA	(PTR1),Y
   1767  67f8		       c9 01		      CMP	#SPRITE_BRICK
   1768  67fa		       d0 dc		      BNE	.cannot_dig_	; no brick below and to the left, so cannot dig left.
   1769  67fc
   1770  67fc		       a4 01		      LDY	PLAYER_ROW
   1771  67fe		       20 4b 88 	      JSR	GET_PTRS_TO_CURR_LEVEL_SPRITE_DATA
   1772  6801		       a4 00		      LDY	PLAYER_COL
   1773  6803		       88		      DEY
   1774  6804		       b1 06		      LDA	(PTR1),Y
   1775  6806		       c9 00		      CMP	#SPRITE_EMPTY
   1776  6808		       d0 64		      BNE	.not_empty_to_left	; not empty to the left, so maybe cannot dig left.
   1777  680a
   1778  680a							; Can dig!
   1779  680a		       20 85 6b 	      JSR	GET_SPRITE_AND_SCREEN_COORD_AT_PLAYER
   1780  680d		       20 36 83 	      JSR	ERASE_SPRITE_AT_PIXEL_COORDS
   1781  6810		       20 13 6c 	      JSR	NUDGE_PLAYER_TOWARDS_EXACT_COLUMN
   1782  6813		       20 26 6c 	      JSR	NUDGE_PLAYER_TOWARDS_EXACT_ROW
   1783  6816		       a4 a0		      LDY	DIG_ANIM_STATE
   1784  6818		       b9 9e 69 	      LDA	DIG_NOTE_PITCHES,Y
   1785  681b		       be ab 69 	      LDX	DIG_NOTE_DURATIONS,Y
   1786  681e		       20 d5 87 	      JSR	APPEND_NOTE
   1787  6821
   1788  6821		       a6 a0		      LDX	DIG_ANIM_STATE
   1789  6823		       a9 00		      LDA	#$00	; running left
   1790  6825		       e0 06		      CPX	#$06
   1791  6827		       b0 02		      BCS	.note_0	; DIG_ANIM_STATE >= 6
   1792  6829		       a9 06		      LDA	#$06	; digging left
   1793  682b				   .note_0
   1794  682b		       85 04		      STA	PLAYER_ANIM_STATE
   1795  682d		       20 02 6c 	      JSR	DRAW_PLAYER
   1796  6830
   1797  6830		       a6 a0		      LDX	DIG_ANIM_STATE
   1798  6832		       e0 0c		      CPX	#$0C
   1799  6834		       f0 62		      BEQ	.move_player_left
   1800  6836		       e0 00		      CPX	#$00
   1801  6838		       f0 12		      BEQ	.draw_curr_dig	; Don't have to erase previous dig debris sprite
   1802  683a
   1803  683a							; Erase the previous dig debris sprite
   1804  683a		       bd 79 69 	      LDA	DIG_DEBRIS_LEFT_SPRITES-1,X
   1805  683d		       48		      PHA
   1806  683e		       a6 00		      LDX	PLAYER_COL
   1807  6840		       ca		      DEX
   1808  6841		       a4 01		      LDY	PLAYER_ROW
   1809  6843		       20 5d 88 	      JSR	GET_SCREEN_COORDS_FOR
   1810  6846		       68		      PLA
   1811  6847		       20 36 83 	      JSR	ERASE_SPRITE_AT_PIXEL_COORDS
   1812  684a
   1813  684a		       a6 a0		      LDX	DIG_ANIM_STATE
   1814  684c				   .draw_curr_dig
   1815  684c		       bd 7a 69 	      LDA	DIG_DEBRIS_LEFT_SPRITES,X
   1816  684f		       48		      PHA
   1817  6850		       a6 00		      LDX	PLAYER_COL
   1818  6852		       ca		      DEX
   1819  6853		       86 85		      STX	GAME_COLNUM
   1820  6855		       a4 01		      LDY	PLAYER_ROW
   1821  6857		       84 86		      STY	GAME_ROWNUM
   1822  6859		       20 5d 88 	      JSR	GET_SCREEN_COORDS_FOR
   1823  685c		       68		      PLA
   1824  685d		       20 a7 83 	      JSR	DRAW_SPRITE_AT_PIXEL_COORDS	; Draw current dig debris sprite above dig site
   1825  6860
   1826  6860		       a6 a0		      LDX	DIG_ANIM_STATE
   1827  6862		       bd 92 69 	      LDA	DIG_BRICK_SPRITES,X
   1828  6865		       e6 86		      INC	GAME_ROWNUM
   1829  6867		       20 aa 82 	      JSR	DRAW_SPRITE_PAGE1	; Draw dig brick sprite at dig site
   1830  686a
   1831  686a		       e6 a0		      INC	DIG_ANIM_STATE
   1832  686c		       18		      CLC
   1833  686d		       60		      RTS
   1834  686e
   1835  686e				   .not_empty_to_left
   1836  686e		       a4 01		      LDY	PLAYER_ROW
   1837  6870		       c8		      INY
   1838  6871		       84 86		      STY	GAME_ROWNUM
   1839  6873		       a4 00		      LDY	PLAYER_COL
   1840  6875		       88		      DEY
   1841  6876		       84 85		      STY	GAME_COLNUM
   1842  6878		       a9 01		      LDA	#SPRITE_BRICK
   1843  687a		       20 aa 82 	      JSR	DRAW_SPRITE_PAGE1	; Draw brick below and to the left of player
   1844  687d
   1845  687d		       a6 a0		      LDX	DIG_ANIM_STATE
   1846  687f		       f0 11		      BEQ	.stop_digging
   1847  6881
   1848  6881							; Erase previous dig debris sprite
   1849  6881		       ca		      DEX
   1850  6882		       bd 7a 69 	      LDA	DIG_DEBRIS_LEFT_SPRITES,X
   1851  6885		       48		      PHA
   1852  6886		       a4 01		      LDY	PLAYER_ROW
   1853  6888		       a6 00		      LDX	PLAYER_COL
   1854  688a		       ca		      DEX
   1855  688b		       20 5d 88 	      JSR	GET_SCREEN_COORDS_FOR
   1856  688e		       68		      PLA
   1857  688f		       20 36 83 	      JSR	ERASE_SPRITE_AT_PIXEL_COORDS
   1858  6892
   1859  6892				   .stop_digging
   1860  6892		       a9 00		      LDA	#$00
   1861  6894		       85 9c		      STA	DIG_DIRECTION
   1862  6896		       38		      SEC
   1863  6897		       60		      RTS
   1864  6898
   1865  6898				   .move_player_left
   1866  6898		       a6 00		      LDX	PLAYER_COL
   1867  689a		       ca		      DEX
   1868  689b		       4c 39 6c 	      JMP	DROP_PLAYER_IN_HOLE
   1869  689e
   1870  689e					      ORG	$689E
   1871  689e					      SUBROUTINE
   1872  689e
   1873  689e				   .cannot_dig_
   1874  689e		       4c 5c 69 	      JMP	.stop_digging
   1875  68a1
   1876  68a1				   TRY_DIGGING_RIGHT
   1877  68a1		       a9 01		      LDA	#$01
   1878  68a3		       85 9c		      STA	DIG_DIRECTION
   1879  68a5		       85 9e		      STA	KEY_COMMAND
   1880  68a7		       85 9f		      STA	KEY_COMMAND_LR	; DIG_DIRECTION = KEY_COMMANDs = 0x01
   1881  68a9		       a9 0c		      LDA	#$0C
   1882  68ab		       85 a0		      STA	DIG_ANIM_STATE	; DIG_ANIM_STATE = 0x0C
   1883  68ad
   1884  68ad				   TRY_DIGGING_RIGHT_check_can_dig_right
   1885  68ad		       a4 01		      LDY	PLAYER_ROW
   1886  68af		       c0 0f		      CPY	#MAX_GAME_ROW
   1887  68b1		       b0 eb		      BCS	.cannot_dig_	; row >= 15, so cannot dig.
   1888  68b3
   1889  68b3		       c8		      INY
   1890  68b4		       20 4b 88 	      JSR	GET_PTRS_TO_CURR_LEVEL_SPRITE_DATA
   1891  68b7		       a4 00		      LDY	PLAYER_COL
   1892  68b9		       c0 1b		      CPY	#MAX_GAME_COL
   1893  68bb		       b0 e1		      BCS	.cannot_dig_	; col >= 27, so cannot dig right.
   1894  68bd
   1895  68bd		       c8		      INY
   1896  68be		       b1 06		      LDA	(PTR1),Y
   1897  68c0		       c9 01		      CMP	#SPRITE_BRICK
   1898  68c2		       d0 da		      BNE	.cannot_dig_	; no brick below and to the right, so cannot dig right.
   1899  68c4
   1900  68c4		       a4 01		      LDY	PLAYER_ROW
   1901  68c6		       20 4b 88 	      JSR	GET_PTRS_TO_CURR_LEVEL_SPRITE_DATA
   1902  68c9		       a4 00		      LDY	PLAYER_COL
   1903  68cb		       c8		      INY
   1904  68cc		       b1 06		      LDA	(PTR1),Y
   1905  68ce		       c9 00		      CMP	#SPRITE_EMPTY
   1906  68d0		       d0 64		      BNE	.not_empty_to_right	; not empty to the right, so maybe cannot dig right.
   1907  68d2
   1908  68d2							; Can dig!
   1909  68d2		       20 85 6b 	      JSR	GET_SPRITE_AND_SCREEN_COORD_AT_PLAYER
   1910  68d5		       20 36 83 	      JSR	ERASE_SPRITE_AT_PIXEL_COORDS
   1911  68d8		       20 13 6c 	      JSR	NUDGE_PLAYER_TOWARDS_EXACT_COLUMN
   1912  68db		       20 26 6c 	      JSR	NUDGE_PLAYER_TOWARDS_EXACT_ROW
   1913  68de		       a4 a0		      LDY	DIG_ANIM_STATE
   1914  68e0		       b9 92 69 	      LDA	DIG_NOTE_PITCHES-12,Y
   1915  68e3		       be 9f 69 	      LDX	DIG_NOTE_DURATIONS-12,Y
   1916  68e6		       20 d5 87 	      JSR	APPEND_NOTE
   1917  68e9
   1918  68e9		       a6 a0		      LDX	DIG_ANIM_STATE
   1919  68eb		       a9 08		      LDA	#$08	; running right
   1920  68ed		       e0 12		      CPX	#$12
   1921  68ef		       b0 02		      BCS	.note_0	; DIG_ANIM_STATE >= 0x12
   1922  68f1		       a9 0e		      LDA	#$0E	; digging right
   1923  68f3				   .note_0
   1924  68f3		       85 04		      STA	PLAYER_ANIM_STATE
   1925  68f5		       20 02 6c 	      JSR	DRAW_PLAYER
   1926  68f8
   1927  68f8		       a6 a0		      LDX	DIG_ANIM_STATE
   1928  68fa		       e0 18		      CPX	#$18
   1929  68fc		       f0 64		      BEQ	.move_player_right
   1930  68fe		       e0 0c		      CPX	#$0C
   1931  6900		       f0 12		      BEQ	.draw_curr_dig	; Don't have to erase previous dig debris sprite
   1932  6902
   1933  6902							; Erase the previous dig debris sprite
   1934  6902		       bd 79 69 	      LDA	DIG_DEBRIS_LEFT_SPRITES-1,X
   1935  6905		       48		      PHA
   1936  6906		       a6 00		      LDX	PLAYER_COL
   1937  6908		       e8		      INX
   1938  6909		       a4 01		      LDY	PLAYER_ROW
   1939  690b		       20 5d 88 	      JSR	GET_SCREEN_COORDS_FOR
   1940  690e		       68		      PLA
   1941  690f		       20 36 83 	      JSR	ERASE_SPRITE_AT_PIXEL_COORDS
   1942  6912
   1943  6912		       a6 a0		      LDX	DIG_ANIM_STATE
   1944  6914				   .draw_curr_dig
   1945  6914		       bd 7a 69 	      LDA	DIG_DEBRIS_LEFT_SPRITES,X
   1946  6917		       48		      PHA
   1947  6918		       a6 00		      LDX	PLAYER_COL
   1948  691a		       e8		      INX
   1949  691b		       86 85		      STX	GAME_COLNUM
   1950  691d		       a4 01		      LDY	PLAYER_ROW
   1951  691f		       84 86		      STY	GAME_ROWNUM
   1952  6921		       20 5d 88 	      JSR	GET_SCREEN_COORDS_FOR
   1953  6924		       68		      PLA
   1954  6925		       20 a7 83 	      JSR	DRAW_SPRITE_AT_PIXEL_COORDS	; Draw current dig debris sprite above dig site
   1955  6928
   1956  6928		       e6 86		      INC	GAME_ROWNUM
   1957  692a		       a6 a0		      LDX	DIG_ANIM_STATE
   1958  692c		       bd 86 69 	      LDA	DIG_BRICK_SPRITES-12,X
   1959  692f		       20 aa 82 	      JSR	DRAW_SPRITE_PAGE1	; Draw dig brick sprite at dig site
   1960  6932
   1961  6932		       e6 a0		      INC	DIG_ANIM_STATE
   1962  6934		       18		      CLC
   1963  6935		       60		      RTS
   1964  6936
   1965  6936				   .not_empty_to_right
   1966  6936		       a4 01		      LDY	PLAYER_ROW
   1967  6938		       c8		      INY
   1968  6939		       84 86		      STY	GAME_ROWNUM
   1969  693b		       a4 00		      LDY	PLAYER_COL
   1970  693d		       c8		      INY
   1971  693e		       84 85		      STY	GAME_COLNUM
   1972  6940		       a9 01		      LDA	#SPRITE_BRICK
   1973  6942		       20 aa 82 	      JSR	DRAW_SPRITE_PAGE1	; Draw brick below and to the right of player
   1974  6945
   1975  6945		       a6 a0		      LDX	DIG_ANIM_STATE
   1976  6947		       e0 0c		      CPX	#$0C
   1977  6949		       f0 11		      BEQ	.stop_digging
   1978  694b
   1979  694b							; Erase previous dig debris sprite
   1980  694b		       ca		      DEX
   1981  694c		       bd 7a 69 	      LDA	DIG_DEBRIS_LEFT_SPRITES,X
   1982  694f		       48		      PHA
   1983  6950		       a6 00		      LDX	PLAYER_COL
   1984  6952		       e8		      INX
   1985  6953		       a4 01		      LDY	PLAYER_ROW
   1986  6955		       20 5d 88 	      JSR	GET_SCREEN_COORDS_FOR
   1987  6958		       68		      PLA
   1988  6959		       20 36 83 	      JSR	ERASE_SPRITE_AT_PIXEL_COORDS
   1989  695c
   1990  695c				   .stop_digging
   1991  695c		       a9 00		      LDA	#$00
   1992  695e		       85 9c		      STA	DIG_DIRECTION
   1993  6960		       38		      SEC
   1994  6961		       60		      RTS
   1995  6962
   1996  6962				   .move_player_right
   1997  6962		       a6 00		      LDX	PLAYER_COL
   1998  6964		       e8		      INX
   1999  6965		       4c 39 6c 	      JMP	DROP_PLAYER_IN_HOLE
   2000  6968
   2001  6968					      ORG	$6968
   2002  6968				   SPRITE_ANIM_SEQS
   2003  6968		       0b 0c 0d 	      HEX	0B 0C 0D	; player running left
   2004  696b		       18 19 1a 	      HEX	18 19 1A	; player monkey swinging left
   2005  696e		       0f		      HEX	0F	; player digging left
   2006  696f		       13		      HEX	13	; player falling, facing left
   2007  6970		       09 10 11 	      HEX	09 10 11	; player running right
   2008  6973		       15 16 17 	      HEX	15 16 17	; player monkey swinging right
   2009  6976		       25		      HEX	25	; player digging right
   2010  6977		       14		      HEX	14	; player falling, facing right
   2011  6978		       0e 12		      HEX	0E 12	; player climbing on ladder
   2012  697a					      ORG	$697A
   2013  697a				   DIG_DEBRIS_LEFT_SPRITES
   2014  697a		       1b 1b 1c 1c*	      HEX	1B 1B 1C 1C 1D 1D 1E 1E 00 00 00 00
   2015  6986				   DIG_DEBRIS_RIGHT_SPRITES
   2016  6986		       26 26 27 27*	      HEX	26 26 27 27 1D 1D 1E 1E 00 00 00 00
   2017  6992				   DIG_BRICK_SPRITES
   2018  6992		       1f 1f 20 20*	      HEX	1F 1F 20 20 21 21 22 22 23 23 24 24
   2019  699e				   DIG_NOTE_PITCHES
   2020  699e		       20 20 20 20*	      HEX	20 20 20 20 20 20 20 20 24 24 24 24 24
   2021  69ab				   DIG_NOTE_DURATIONS
   2022  69ab		       04 04 04 04*	      HEX	04 04 04 04 04 04 04 04 03 03 02 02 01
   2023  69b8					      ORG	$69B8
   2024  69b8				   CHECK_FOR_MODE_1_INPUT
   2025  69b8					      SUBROUTINE
   2026  69b8
   2027  69b8		       ad 00 c0 	      LDA	KBD
   2028  69bb		       30 10		      BMI	.key_pressed
   2029  69bd
   2030  69bd		       a5 95		      LDA	INPUT_MODE
   2031  69bf		       c9 cb		      CMP	#KEYBOARD_MODE
   2032  69c1		       f0 13		      BEQ	.nothing_pressed
   2033  69c3
   2034  69c3							; Check joystick buttons also
   2035  69c3		       ad 62 c0 	      LDA	BUTN1
   2036  69c6		       30 05		      BMI	.key_pressed
   2037  69c8		       ad 61 c0 	      LDA	BUTN0
   2038  69cb		       10 09		      BPL	.nothing_pressed
   2039  69cd
   2040  69cd				   .key_pressed
   2041  69cd							; Simulate killing the attact-mode player.
   2042  69cd		       46 ac		      LSR	$AC
   2043  69cf		       46 9a		      LSR	ALIVE
   2044  69d1		       a9 01		      LDA	#$01
   2045  69d3		       85 98		      STA	LIVES
   2046  69d5		       60		      RTS
   2047  69d6
   2048  69d6				   .nothing_pressed
   2049  69d6		       a5 ab		      LDA	$AB
   2050  69d8		       d0 18		      BNE	.sim_keypress
   2051  69da
   2052  69da		       a0 00		      LDY	#$00
   2053  69dc		       b1 a8		      LDA	($A8),Y
   2054  69de		       85 aa		      STA	$AA
   2055  69e0		       c8		      INY
   2056  69e1		       b1 a8		      LDA	($A8),Y
   2057  69e3		       85 ab		      STA	$AB
   2058  69e5
   2059  69e5							; {$A8,$A9} += 2
   2060  69e5		       a5 a8		      LDA	$A8
   2061  69e7		       18		      CLC
   2062  69e8		       69 02		      ADC	#$02
   2063  69ea		       85 a8		      STA	$A8
   2064  69ec		       a5 a9		      LDA	$A9
   2065  69ee		       69 00		      ADC	#$00
   2066  69f0		       85 a9		      STA	$A9
   2067  69f2
   2068  69f2				   .sim_keypress
   2069  69f2		       a5 aa		      LDA	$AA
   2070  69f4		       29 0f		      AND	#$0F
   2071  69f6		       aa		      TAX
   2072  69f7		       bd 0b 6a 	      LDA	VALID_KEY_COMMANDS,X
   2073  69fa		       85 9e		      STA	KEY_COMMAND
   2074  69fc		       a5 aa		      LDA	$AA
   2075  69fe		       4a		      LSR
   2076  69ff		       4a		      LSR
   2077  6a00		       4a		      LSR
   2078  6a01		       4a		      LSR
   2079  6a02		       aa		      TAX
   2080  6a03		       bd 0b 6a 	      LDA	VALID_KEY_COMMANDS,X
   2081  6a06		       85 9f		      STA	KEY_COMMAND_LR
   2082  6a08		       c6 ab		      DEC	$AB
   2083  6a0a		       60		      RTS
   2084  6a0b
   2085  6a0b
   2086  6a0b							; Guard AI routines
   2087  6a0b
   2088  6a0b					      ORG	$6A0B
   2089  6a0b				   VALID_KEY_COMMANDS
   2090  6a0b		       c9		      HEX	C9	; 'I'
   2091  6a0c		       ca		      HEX	CA	; 'J'
   2092  6a0d		       cb		      HEX	CB	; 'K'
   2093  6a0e		       cc		      HEX	CC	; 'L'
   2094  6a0f		       cf		      HEX	CF	; 'O'
   2095  6a10		       d5		      HEX	D5	; 'U'
   2096  6a11		       a0		      HEX	A0	; space
   2097  6a12					      ORG	$6A12
   2098  6a12				   CHECK_FOR_INPUT
   2099  6a12					      SUBROUTINE
   2100  6a12
   2101  6a12		       a5 a7		      LDA	GAME_MODE
   2102  6a14		       c9 01		      CMP	#$01
   2103  6a16		       f0 a0		      BEQ	CHECK_FOR_MODE_1_INPUT
   2104  6a18
   2105  6a18		       ae 00 c0 	      LDX	KBD
   2106  6a1b		       8e 10 c0 	      STX	KBDSTRB
   2107  6a1e		       86 1e		      STX	SPRITE_NUM
   2108  6a20		       30 09		      BMI	.key_pressed
   2109  6a22
   2110  6a22		       a5 95		      LDA	INPUT_MODE
   2111  6a24		       c9 cb		      CMP	#KEYBOARD_MODE
   2112  6a26		       f0 2d		      BEQ	.end	; If keyboard mode, end.
   2113  6a28
   2114  6a28				   .check_buttons_
   2115  6a28		       4c d0 6a 	      JMP	READ_JOYSTICK_FOR_COMMAND
   2116  6a2b
   2117  6a2b				   .key_pressed
   2118  6a2b		       e0 a0		      CPX	#$A0
   2119  6a2d		       b0 1a		      BCS	.non_ctrl_key_pressed
   2120  6a2f							; ctrl key pressed
   2121  6a2f		       86 1e		      STX	SPRITE_NUM
   2122  6a31		       a0 ff		      LDY	#$FF
   2123  6a33
   2124  6a33				   .loop
   2125  6a33		       c8		      INY
   2126  6a34		       b9 59 6b 	      LDA	VALID_CTRL_KEYS,Y
   2127  6a37		       f0 10		      BEQ	.non_ctrl_key_pressed
   2128  6a39
   2129  6a39		       c5 1e		      CMP	SPRITE_NUM
   2130  6a3b		       d0 f6		      BNE	.loop
   2131  6a3d
   2132  6a3d		       98		      TYA
   2133  6a3e		       0a		      ASL
   2134  6a3f		       a8		      TAY
   2135  6a40		       b9 68 6b 	      LDA	CTRL_KEY_HANDLERS+1,Y
   2136  6a43		       48		      PHA
   2137  6a44		       b9 67 6b 	      LDA	CTRL_KEY_HANDLERS,Y
   2138  6a47		       48		      PHA
   2139  6a48		       60		      RTS		; JSR to CTRL_KEY_HANDLERS[Y], then return.
   2140  6a49
   2141  6a49				   .non_ctrl_key_pressed
   2142  6a49		       a5 95		      LDA	INPUT_MODE
   2143  6a4b		       c9 ca		      CMP	#JOYSTICK_MODE
   2144  6a4d		       f0 d9		      BEQ	.check_buttons_	; If joystick mode, check buttons.
   2145  6a4f
   2146  6a4f		       a6 1e		      LDX	SPRITE_NUM
   2147  6a51		       86 9e		      STX	KEY_COMMAND
   2148  6a53		       86 9f		      STX	KEY_COMMAND_LR
   2149  6a55
   2150  6a55				   .end
   2151  6a55		       60		      RTS
   2152  6a56
   2153  6a56					      ORG	$6A56
   2154  6a56				   CTRL_CARET_HANDLER
   2155  6a56					      SUBROUTINE
   2156  6a56
   2157  6a56		       e6 98		      INC	LIVES
   2158  6a58		       e6 a6		      INC	LEVELNUM
   2159  6a5a		       e6 96		      INC	DISK_LEVEL_LOC
   2160  6a5c		       46 9a		      LSR	ALIVE	; set player dead
   2161  6a5e		       46 9d		      LSR	$9D
   2162  6a60		       60		      RTS
   2163  6a61					      ORG	$6A61
   2164  6a61				   CTRL_AT_HANDLER
   2165  6a61					      SUBROUTINE
   2166  6a61
   2167  6a61		       e6 98		      INC	LIVES
   2168  6a63		       d0 02		      BNE	.have_lives
   2169  6a65		       c6 98		      DEC	LIVES	; LIVES = 255
   2170  6a67				   .have_lives
   2171  6a67		       20 70 7a 	      JSR	PUT_STATUS_LIVES
   2172  6a6a		       46 9d		      LSR	$9D
   2173  6a6c		       4c 12 6a 	      JMP	CHECK_FOR_INPUT
   2174  6a6f					      ORG	$6A6F
   2175  6a6f				   INC_GUARD_PATTERN_OFFSET
   2176  6a6f					      SUBROUTINE
   2177  6a6f
   2178  6a6f		       e6 97		      INC	GUARD_PATTERN_OFFSET
   2179  6a71		       e6 98		      INC	LIVES
   2180  6a73		       46 9a		      LSR	ALIVE
   2181  6a75		       60		      RTS
   2182  6a76					      ORG	$6A76
   2183  6a76				   ESC_HANDLER
   2184  6a76					      SUBROUTINE
   2185  6a76
   2186  6a76		       20 a8 86 	      JSR	WAIT_KEY_QUEUED
   2187  6a79		       c9 9b		      CMP	#$9B	; key pressed is ESC?
   2188  6a7b		       d0 f9		      BNE	ESC_HANDLER
   2189  6a7d		       4c 12 6a 	      JMP	CHECK_FOR_INPUT
   2190  6a80					      ORG	$6A80
   2191  6a80				   CTRL_R_HANDLER
   2192  6a80					      SUBROUTINE
   2193  6a80
   2194  6a80		       a9 01		      LDA	#$01
   2195  6a82		       85 98		      STA	LIVES
   2196  6a84
   2197  6a84				   CTRL_A_HANDLER
   2198  6a84		       46 9a		      LSR	ALIVE	; Set player to dead
   2199  6a86		       60		      RTS
   2200  6a87					      ORG	$6A87
   2201  6a87				   CTRL_S_HANDLER
   2202  6a87					      SUBROUTINE
   2203  6a87
   2204  6a87		       a5 99		      LDA	ENABLE_SOUND
   2205  6a89		       49 ff		      EOR	#$FF
   2206  6a8b		       85 99		      STA	ENABLE_SOUND
   2207  6a8d		       4c 12 6a 	      JMP	CHECK_FOR_INPUT
   2208  6a90					      ORG	$6A90
   2209  6a90				   DOWN_ARROW_HANDLER
   2210  6a90					      SUBROUTINE
   2211  6a90
   2212  6a90		       a9 ca		      LDA	#JOYSTICK_MODE
   2213  6a92		       85 95		      STA	INPUT_MODE
   2214  6a94		       4c 12 6a 	      JMP	CHECK_FOR_INPUT
   2215  6a97
   2216  6a97					      ORG	$6A97
   2217  6a97				   UP_ARROW_HANDLER
   2218  6a97					      SUBROUTINE
   2219  6a97
   2220  6a97		       a9 cb		      LDA	#KEYBOARD_MODE
   2221  6a99		       85 95		      STA	INPUT_MODE
   2222  6a9b		       4c 12 6a 	      JMP	CHECK_FOR_INPUT
   2223  6a9e					      ORG	$6A9E
   2224  6a9e				   CTRL_X_HANDLER
   2225  6a9e					      SUBROUTINE
   2226  6a9e
   2227  6a9e		       ad 81 6b 	      LDA	PADDLE0_THRESH1
   2228  6aa1		       ae 82 6b 	      LDX	PADDLE0_THRESH2
   2229  6aa4		       8d 82 6b 	      STA	PADDLE0_THRESH2
   2230  6aa7		       8e 81 6b 	      STX	PADDLE0_THRESH1
   2231  6aaa		       4c 12 6a 	      JMP	CHECK_FOR_INPUT
   2232  6aad
   2233  6aad					      ORG	$6AAD
   2234  6aad				   CTRL_Y_HANDLER
   2235  6aad					      SUBROUTINE
   2236  6aad
   2237  6aad		       ad 83 6b 	      LDA	PADDLE1_THRESH1
   2238  6ab0		       ae 84 6b 	      LDX	PADDLE1_THRESH2
   2239  6ab3		       8d 84 6b 	      STA	PADDLE1_THRESH2
   2240  6ab6		       8e 83 6b 	      STX	PADDLE1_THRESH1
   2241  6ab9		       4c 12 6a 	      JMP	CHECK_FOR_INPUT
   2242  6abc
   2243  6abc					      ORG	$6ABC
   2244  6abc				   RIGHT_ARROW_HANDLER
   2245  6abc					      SUBROUTINE
   2246  6abc
   2247  6abc		       a5 8c		      LDA	FRAME_PERIOD
   2248  6abe		       f0 0d		      BEQ	LEFT_ARROW_HANDLER_end
   2249  6ac0		       c6 8c		      DEC	FRAME_PERIOD
   2250  6ac2		       4c 12 6a 	      JMP	CHECK_FOR_INPUT
   2251  6ac5
   2252  6ac5					      ORG	$6AC5
   2253  6ac5				   LEFT_ARROW_HANDLER
   2254  6ac5					      SUBROUTINE
   2255  6ac5
   2256  6ac5		       a5 8c		      LDA	FRAME_PERIOD
   2257  6ac7		       c9 0f		      CMP	#$0F
   2258  6ac9		       f0 02		      BEQ	LEFT_ARROW_HANDLER_end
   2259  6acb		       e6 8c		      INC	FRAME_PERIOD
   2260  6acd
   2261  6acd				   LEFT_ARROW_HANDLER_end
   2262  6acd		       4c 12 6a 	      JMP	CHECK_FOR_INPUT
   2263  6ad0
   2264  6ad0					      ORG	$6AD0
   2265  6ad0				   READ_JOYSTICK_FOR_COMMAND
   2266  6ad0					      SUBROUTINE
   2267  6ad0
   2268  6ad0		       ad 62 c0 	      LDA	BUTN1
   2269  6ad3		       10 04		      BPL	.check_butn0
   2270  6ad5		       a9 d5		      LDA	#$D5	; 'U' (dig)
   2271  6ad7		       d0 07		      BNE	.store_key_command	; unconditional
   2272  6ad9
   2273  6ad9				   .check_butn0
   2274  6ad9		       ad 61 c0 	      LDA	BUTN0
   2275  6adc		       10 07		      BPL	.read_paddles
   2276  6ade		       a9 cf		      LDA	#$CF	; 'O' (dig)
   2277  6ae0
   2278  6ae0				   .store_key_command
   2279  6ae0		       85 9e		      STA	KEY_COMMAND
   2280  6ae2		       85 9f		      STA	KEY_COMMAND_LR
   2281  6ae4		       60		      RTS
   2282  6ae5
   2283  6ae5				   .read_paddles
   2284  6ae5		       20 46 87 	      JSR	READ_PADDLES
   2285  6ae8		       a4 65		      LDY	PADDLE0_VALUE
   2286  6aea
   2287  6aea		       ad 82 6b 	      LDA	PADDLE0_THRESH2
   2288  6aed		       c9 2e		      CMP	#$2E
   2289  6aef		       f0 09		      BEQ	.6afa
   2290  6af1							; PADDLE0_THRESH2 != 46
   2291  6af1
   2292  6af1		       cc 82 6b 	      CPY	PADDLE0_THRESH2
   2293  6af4		       b0 0d		      BCS	.6b03
   2294  6af6							; PADDLE0_VALUE < PADDLE0_THRESH2
   2295  6af6
   2296  6af6		       a9 cc		      LDA	#$CC	; 'L' (right)
   2297  6af8		       d0 24		      BNE	.check_paddle_1	; unconditional
   2298  6afa
   2299  6afa				   .6afa
   2300  6afa		       cc 82 6b 	      CPY	PADDLE0_THRESH2
   2301  6afd		       90 04		      BCC	.6b03
   2302  6aff							; PADDLE0_VALUE >= PADDLE0_THRESH2
   2303  6aff
   2304  6aff		       a9 cc		      LDA	#$CC	; 'L' (right)
   2305  6b01		       d0 1b		      BNE	.check_paddle_1	; unconditional
   2306  6b03
   2307  6b03				   .6b03
   2308  6b03		       ad 81 6b 	      LDA	PADDLE0_THRESH1
   2309  6b06		       c9 2e		      CMP	#$2E
   2310  6b08		       f0 09		      BEQ	.6b13
   2311  6b0a							; PADDLE0_THRESH1 != 46
   2312  6b0a
   2313  6b0a		       cc 81 6b 	      CPY	PADDLE0_THRESH1
   2314  6b0d		       b0 0d		      BCS	.6b1c
   2315  6b0f							; PADDLE0_VALUE < PADDLE0_THRESH1
   2316  6b0f		       a9 ca		      LDA	#$CA	; 'J' (left)
   2317  6b11		       d0 0b		      BNE	.check_paddle_1	; unconditional
   2318  6b13
   2319  6b13				   .6b13
   2320  6b13		       cc 81 6b 	      CPY	PADDLE0_THRESH1
   2321  6b16		       90 04		      BCC	.6b1c
   2322  6b18							; PADDLE0_VALUE >= PADDLE0_THRESH1
   2323  6b18		       a9 ca		      LDA	#$CA	; 'J' (left)
   2324  6b1a		       d0 02		      BNE	.check_paddle_1	; unconditional
   2325  6b1c
   2326  6b1c				   .6b1c
   2327  6b1c		       a9 c0		      LDA	#$C0	; '@'
   2328  6b1e
   2329  6b1e				   .check_paddle_1
   2330  6b1e		       85 9f		      STA	KEY_COMMAND_LR
   2331  6b20
   2332  6b20		       a4 66		      LDY	PADDLE1_VALUE
   2333  6b22
   2334  6b22		       ad 83 6b 	      LDA	PADDLE1_THRESH1
   2335  6b25		       c9 2e		      CMP	#$2E
   2336  6b27		       f0 09		      BEQ	.6b32
   2337  6b29							; PADDLE1_THRESH1 != 46
   2338  6b29
   2339  6b29		       cc 83 6b 	      CPY	PADDLE1_THRESH1
   2340  6b2c		       b0 0d		      BCS	.6b3b
   2341  6b2e							; PADDLE1_VALUE >= PADDLE1_THRESH1
   2342  6b2e
   2343  6b2e		       a9 c9		      LDA	#$C9	; 'I' (up)
   2344  6b30		       d0 24		      BNE	.store_key_command_end	; unconditional
   2345  6b32
   2346  6b32				   .6b32
   2347  6b32		       cc 83 6b 	      CPY	PADDLE1_THRESH1
   2348  6b35		       90 04		      BCC	.6b3b
   2349  6b37							; PADDLE1_VALUE < PADDLE1_THRESH1
   2350  6b37
   2351  6b37		       a9 c9		      LDA	#$C9	; 'I' (up)
   2352  6b39		       d0 1b		      BNE	.store_key_command_end	; unconditional
   2353  6b3b
   2354  6b3b				   .6b3b
   2355  6b3b		       ad 84 6b 	      LDA	PADDLE1_THRESH2
   2356  6b3e		       c9 2e		      CMP	#$2E
   2357  6b40		       f0 09		      BEQ	.6b4b
   2358  6b42							; PADDLE1_THRESH2 != 46
   2359  6b42
   2360  6b42		       cc 84 6b 	      CPY	PADDLE1_THRESH2
   2361  6b45		       b0 0d		      BCS	.6b54
   2362  6b47							; PADDLE1_VALUE >= PADDLE1_THRESH2
   2363  6b47
   2364  6b47		       a9 cb		      LDA	#$CB	; 'K' (down)
   2365  6b49		       d0 0b		      BNE	.store_key_command_end	; unconditional
   2366  6b4b
   2367  6b4b				   .6b4b
   2368  6b4b		       cc 84 6b 	      CPY	PADDLE1_THRESH2
   2369  6b4e		       90 04		      BCC	.6b54
   2370  6b50							; PADDLE1_VALUE < PADDLE1_THRESH2
   2371  6b50
   2372  6b50		       a9 cb		      LDA	#$CB	; 'K' (down)
   2373  6b52		       d0 02		      BNE	.store_key_command_end	; unconditional
   2374  6b54
   2375  6b54				   .6b54
   2376  6b54		       a9 c0		      LDA	#$C0	; '@'
   2377  6b56
   2378  6b56				   .store_key_command_end
   2379  6b56		       85 9e		      STA	KEY_COMMAND
   2380  6b58		       60		      RTS
   2381  6b59
   2382  6b59
   2383  6b59					      ORG	$6B59
   2384  6b59				   VALID_CTRL_KEYS
   2385  6b59							; ctrl-
   2386  6b59							; ^ @ [ R A S J K H U X Y M
   2387  6b59							; Esc: 	ctrl-[
   2388  6b59							; Down arrow:	ctrl-J
   2389  6b59							; Up arrow:	ctrl-K
   2390  6b59							; Right arrow: ctrl-U
   2391  6b59							; Left arrow:	ctrl-H
   2392  6b59							; Return:	ctrl-M
   2393  6b59		       9e 80 9b 92*	      HEX	9E 80 9B 92 81 93 8A 8B 88 95 98 99 8D 00
   2394  6b67
   2395  6b67					      ORG	$6B67
   2396  6b67				   CTRL_KEY_HANDLERS
   2397  6b67							; These get pushed onto the stack, then an RTS is issued.
   2398  6b67							; Remember that the 6502's return stack contains the address
   2399  6b67							; to return to *minus 1*, so these values are actually one less
   2400  6b67							; than the function to jump to.
   2401  6b67		       55 6a		      WORD.w	CTRL_CARET_HANDLER-1
   2402  6b69		       60 6a		      WORD.w	CTRL_AT_HANDLER-1
   2403  6b6b		       75 6a		      WORD.w	ESC_HANDLER-1
   2404  6b6d		       7f 6a		      WORD.w	CTRL_R_HANDLER-1
   2405  6b6f		       83 6a		      WORD.w	CTRL_A_HANDLER-1
   2406  6b71		       86 6a		      WORD.w	CTRL_S_HANDLER-1
   2407  6b73		       8f 6a		      WORD.w	DOWN_ARROW_HANDLER-1
   2408  6b75		       96 6a		      WORD.w	UP_ARROW_HANDLER-1
   2409  6b77		       c4 6a		      WORD.w	LEFT_ARROW_HANDLER-1
   2410  6b79		       bb 6a		      WORD.w	RIGHT_ARROW_HANDLER-1
   2411  6b7b		       9d 6a		      WORD.w	CTRL_X_HANDLER-1
   2412  6b7d		       ac 6a		      WORD.w	CTRL_Y_HANDLER-1
   2413  6b7f		       ab 77		      WORD.w	RETURN_HANDLER-1
   2414  6b81					      ORG	$6B81
   2415  6b81				   PADDLE0_THRESH1
   2416  6b81		       12		      HEX	12
   2417  6b82				   PADDLE0_THRESH2
   2418  6b82		       2e		      HEX	2E
   2419  6b83				   PADDLE1_THRESH1
   2420  6b83		       12		      HEX	12
   2421  6b84				   PADDLE1_THRESH2
   2422  6b84		       2e		      HEX	2E
   2423  6b85					      ORG	$6B85
   2424  6b85				   GET_SPRITE_AND_SCREEN_COORD_AT_PLAYER
   2425  6b85					      SUBROUTINE
   2426  6b85							; Using PLAYER_COL/ROW, PLAYER_X/Y_ADJ, and PLAYER_ANIM_STATE,
   2427  6b85							; return the player sprite in A, and the screen coords in X and Y.
   2428  6b85
   2429  6b85		       a6 00		      LDX	PLAYER_COL
   2430  6b87		       a4 02		      LDY	PLAYER_X_ADJ
   2431  6b89		       20 8f 88 	      JSR	GET_HALF_SCREEN_COL_OFFSET_IN_Y_FOR
   2432  6b8c		       86 1e		      STX	SPRITE_NUM	; Used only as a temporary to save X
   2433  6b8e		       a4 01		      LDY	PLAYER_ROW
   2434  6b90		       a6 03		      LDX	PLAYER_Y_ADJ
   2435  6b92		       20 7c 88 	      JSR	GET_SCREEN_ROW_OFFSET_IN_X_FOR
   2436  6b95		       a6 04		      LDX	PLAYER_ANIM_STATE
   2437  6b97		       bd 68 69 	      LDA	SPRITE_ANIM_SEQS,X
   2438  6b9a		       a6 1e		      LDX	SPRITE_NUM
   2439  6b9c		       60		      RTS
   2440  6b9d
   2441  6b9d					      ORG	$6B9D
   2442  6b9d				   CHECK_FOR_GOLD_PICKED_UP_BY_PLAYER
   2443  6b9d					      SUBROUTINE
   2444  6b9d
   2445  6b9d		       a5 02		      LDA	PLAYER_X_ADJ
   2446  6b9f		       c9 02		      CMP	#$02
   2447  6ba1		       d0 50		      BNE	.end
   2448  6ba3		       a5 03		      LDA	PLAYER_Y_ADJ
   2449  6ba5		       c9 02		      CMP	#$02
   2450  6ba7		       d0 4a		      BNE	.end
   2451  6ba9
   2452  6ba9		       a4 01		      LDY	PLAYER_ROW
   2453  6bab		       b9 05 1c 	      LDA	CURR_LEVEL_ROW_SPRITES_PTR_OFFSETS,Y
   2454  6bae		       85 08		      STA	PTR2
   2455  6bb0		       b9 25 1c 	      LDA	CURR_LEVEL_ROW_SPRITES_PTR_PAGES2,Y
   2456  6bb3		       85 09		      STA	PTR2+1
   2457  6bb5
   2458  6bb5		       a4 00		      LDY	PLAYER_COL
   2459  6bb7		       b1 08		      LDA	(PTR2),Y
   2460  6bb9
   2461  6bb9		       c9 07		      CMP	#SPRITE_GOLD
   2462  6bbb		       d0 36		      BNE	.end
   2463  6bbd
   2464  6bbd		       46 94		      LSR	DIDNT_PICK_UP_GOLD	; picked up gold
   2465  6bbf		       c6 93		      DEC	GOLD_COUNT	; GOLD_COUNT--
   2466  6bc1
   2467  6bc1		       a4 01		      LDY	PLAYER_ROW
   2468  6bc3		       84 86		      STY	GAME_ROWNUM
   2469  6bc5		       a4 00		      LDY	PLAYER_COL
   2470  6bc7		       84 85		      STY	GAME_COLNUM
   2471  6bc9		       a9 00		      LDA	#SPRITE_EMPTY
   2472  6bcb		       91 08		      STA	(PTR2),Y
   2473  6bcd		       20 b0 82 	      JSR	DRAW_SPRITE_PAGE2	; Register and draw blank at player loc in background screen
   2474  6bd0
   2475  6bd0		       a4 86		      LDY	GAME_ROWNUM
   2476  6bd2		       a6 85		      LDX	GAME_COLNUM
   2477  6bd4		       20 5d 88 	      JSR	GET_SCREEN_COORDS_FOR
   2478  6bd7		       a9 07		      LDA	#SPRITE_GOLD
   2479  6bd9		       20 36 83 	      JSR	ERASE_SPRITE_AT_PIXEL_COORDS	; Erase gold at player loc
   2480  6bdc
   2481  6bdc		       a0 02		      LDY	#$02
   2482  6bde		       a9 50		      LDA	#$50
   2483  6be0		       20 92 7a 	      JSR	ADD_AND_UPDATE_SCORE	; SCORE += 250
   2484  6be3		       20 e1 87 	      JSR	LOAD_SOUND_DATA
   2485  6be6		       07 45 06 55*	      HEX	07 45 06 55 05 44 04 54 03 43 02 53 00
   2486  6bf3
   2487  6bf3				   .end
   2488  6bf3		       60		      RTS
   2489  6bf4
   2490  6bf4					      ORG	$6BF4
   2491  6bf4				   INC_ANIM_STATE
   2492  6bf4					      SUBROUTINE
   2493  6bf4
   2494  6bf4		       e6 04		      INC	PLAYER_ANIM_STATE
   2495  6bf6		       c5 04		      CMP	PLAYER_ANIM_STATE
   2496  6bf8		       90 03		      BCC	.check_upper_bound	; lower bound < PLAYER_ANIM_STATE?
   2497  6bfa							; otherwise PLAYER_ANIM_STATE <= lower bound:
   2498  6bfa
   2499  6bfa				   .write_lower_bound
   2500  6bfa		       85 04		      STA	PLAYER_ANIM_STATE	; PLAYER_ANIM_STATE = lower bound
   2501  6bfc		       60		      RTS
   2502  6bfd
   2503  6bfd				   .check_upper_bound
   2504  6bfd		       e4 04		      CPX	PLAYER_ANIM_STATE
   2505  6bff		       90 f9		      BCC	.write_lower_bound	; PLAYER_ANIM_STATE > upper bound?
   2506  6c01							; otherwise PLAYER_ANIM_STATE <= upper bound:
   2507  6c01		       60		      RTS
   2508  6c02
   2509  6c02					      ORG	$6C02
   2510  6c02				   DRAW_PLAYER
   2511  6c02					      SUBROUTINE
   2512  6c02
   2513  6c02		       20 85 6b 	      JSR	GET_SPRITE_AND_SCREEN_COORD_AT_PLAYER
   2514  6c05		       20 a7 83 	      JSR	DRAW_SPRITE_AT_PIXEL_COORDS
   2515  6c08		       a5 52		      LDA	SCREENS_DIFFER
   2516  6c0a		       f0 06		      BEQ	.end
   2517  6c0c		       a5 94		      LDA	DIDNT_PICK_UP_GOLD
   2518  6c0e		       f0 02		      BEQ	.end
   2519  6c10		       46 9a		      LSR	ALIVE	; Set player as dead
   2520  6c12				   .end
   2521  6c12		       60		      RTS
   2522  6c13
   2523  6c13					      ORG	$6C13
   2524  6c13				   NUDGE_PLAYER_TOWARDS_EXACT_COLUMN
   2525  6c13					      SUBROUTINE
   2526  6c13
   2527  6c13		       a5 02		      LDA	PLAYER_X_ADJ
   2528  6c15		       c9 02		      CMP	#$02
   2529  6c17		       90 07		      BCC	.player_slightly_left
   2530  6c19		       f0 0a		      BEQ	.end
   2531  6c1b
   2532  6c1b				   .player_slightly_right
   2533  6c1b		       c6 02		      DEC	PLAYER_X_ADJ	; Nudge player left
   2534  6c1d		       4c 9d 6b 	      JMP	CHECK_FOR_GOLD_PICKED_UP_BY_PLAYER
   2535  6c20
   2536  6c20				   .player_slightly_left
   2537  6c20		       e6 02		      INC	PLAYER_X_ADJ	; Nudge player right
   2538  6c22		       4c 9d 6b 	      JMP	CHECK_FOR_GOLD_PICKED_UP_BY_PLAYER
   2539  6c25
   2540  6c25				   .end
   2541  6c25		       60		      RTS
   2542  6c26
   2543  6c26					      ORG	$6C26
   2544  6c26				   NUDGE_PLAYER_TOWARDS_EXACT_ROW
   2545  6c26					      SUBROUTINE
   2546  6c26
   2547  6c26		       a5 03		      LDA	PLAYER_Y_ADJ
   2548  6c28		       c9 02		      CMP	#$02
   2549  6c2a		       90 07		      BCC	.player_slightly_above
   2550  6c2c		       f0 0a		      BEQ	.end
   2551  6c2e
   2552  6c2e				   .player_slightly_below
   2553  6c2e		       c6 03		      DEC	PLAYER_Y_ADJ	; Nudge player up
   2554  6c30		       4c 9d 6b 	      JMP	CHECK_FOR_GOLD_PICKED_UP_BY_PLAYER
   2555  6c33
   2556  6c33				   .player_slightly_above
   2557  6c33		       e6 03		      INC	PLAYER_Y_ADJ	; Nudge player down
   2558  6c35		       4c 9d 6b 	      JMP	CHECK_FOR_GOLD_PICKED_UP_BY_PLAYER
   2559  6c38
   2560  6c38				   .end
   2561  6c38		       60		      RTS
   2562  6c39
   2563  6c39					      ORG	$6C39
   2564  6c39				   DROP_PLAYER_IN_HOLE
   2565  6c39					      SUBROUTINE
   2566  6c39
   2567  6c39		       a9 00		      LDA	#$00
   2568  6c3b		       85 9c		      STA	DIG_DIRECTION	; Stop digging
   2569  6c3d
   2570  6c3d		       a4 01		      LDY	PLAYER_ROW
   2571  6c3f		       c8		      INY		; Move player down
   2572  6c40
   2573  6c40		       86 85		      STX	GAME_COLNUM
   2574  6c42		       84 86		      STY	GAME_ROWNUM
   2575  6c44		       b9 05 1c 	      LDA	CURR_LEVEL_ROW_SPRITES_PTR_OFFSETS,Y
   2576  6c47		       85 06		      STA	PTR1
   2577  6c49		       b9 15 1c 	      LDA	CURR_LEVEL_ROW_SPRITES_PTR_PAGES,Y
   2578  6c4c		       85 07		      STA	PTR1+1
   2579  6c4e
   2580  6c4e		       a9 00		      LDA	#SPRITE_EMPTY
   2581  6c50		       a4 85		      LDY	GAME_COLNUM
   2582  6c52		       91 06		      STA	(PTR1),Y	; Set blank sprite at player location in active page
   2583  6c54		       20 aa 82 	      JSR	DRAW_SPRITE_PAGE1
   2584  6c57		       a9 00		      LDA	#SPRITE_EMPTY
   2585  6c59		       20 b0 82 	      JSR	DRAW_SPRITE_PAGE2	; Draw blank at player location on both graphics pages
   2586  6c5c
   2587  6c5c		       c6 86		      DEC	GAME_ROWNUM
   2588  6c5e		       a9 00		      LDA	#SPRITE_EMPTY
   2589  6c60		       20 aa 82 	      JSR	DRAW_SPRITE_PAGE1	; Draw blank at location above player
   2590  6c63		       e6 86		      INC	GAME_ROWNUM
   2591  6c65		       a2 ff		      LDX	#$FF
   2592  6c67
   2593  6c67				   .loop
   2594  6c67		       e8		      INX
   2595  6c68		       e0 1e		      CPX	#$1E
   2596  6c6a		       f0 15		      BEQ	.end
   2597  6c6c		       bd e0 0c 	      LDA	BRICK_FILL_TIMERS,X
   2598  6c6f		       d0 f6		      BNE	.loop
   2599  6c71
   2600  6c71		       a5 86		      LDA	GAME_ROWNUM
   2601  6c73		       9d c0 0c 	      STA	BRICK_DIG_ROWS,X
   2602  6c76		       a5 85		      LDA	GAME_COLNUM
   2603  6c78		       9d a0 0c 	      STA	BRICK_DIG_COLS,X
   2604  6c7b		       a9 b4		      LDA	#$B4
   2605  6c7d		       9d e0 0c 	      STA	BRICK_FILL_TIMERS,X
   2606  6c80		       38		      SEC
   2607  6c81
   2608  6c81				   .end
   2609  6c81		       60		      RTS
   2610  6c82
   2611  6c82					      ORG	$6C82
   2612  6c82				   MOVE_GUARDS
   2613  6c82					      SUBROUTINE
   2614  6c82
   2615  6c82		       a6 8d		      LDX	GUARD_COUNT
   2616  6c84		       f0 20		      BEQ	.end
   2617  6c86
   2618  6c86							; Increment GUARD_PHASE mod 3
   2619  6c86		       e6 64		      INC	GUARD_PHASE
   2620  6c88		       a4 64		      LDY	GUARD_PHASE
   2621  6c8a		       c0 03		      CPY	#$03
   2622  6c8c		       90 04		      BCC	.incremented_phase
   2623  6c8e		       a0 00		      LDY	#$00
   2624  6c90		       84 64		      STY	GUARD_PHASE
   2625  6c92				   .incremented_phase
   2626  6c92
   2627  6c92		       b9 60 00 	      LDA	GUARD_PATTERNS,Y
   2628  6c95		       85 63		      STA	GUARD_PATTERN
   2629  6c97
   2630  6c97				   .loop
   2631  6c97		       46 63		      LSR	GUARD_PATTERN	; Peel off the lsb
   2632  6c99		       90 07		      BCC	.bit_done
   2633  6c9b		       20 db 6c 	      JSR	MOVE_GUARD	; Move a guard
   2634  6c9e		       a5 9a		      LDA	ALIVE
   2635  6ca0		       f0 04		      BEQ	.end	; If player is dead, end.
   2636  6ca2
   2637  6ca2				   .bit_done
   2638  6ca2		       a5 63		      LDA	GUARD_PATTERN
   2639  6ca4		       d0 f1		      BNE	.loop
   2640  6ca6
   2641  6ca6				   .end
   2642  6ca6		       60		      RTS
   2643  6ca7
   2644  6ca7					      ORG	$6CA7
   2645  6ca7				   GUARD_PATTERNS_LIST
   2646  6ca7		       00 00 00 	      HEX	00 00 00
   2647  6caa		       00 01 01 	      HEX	00 01 01
   2648  6cad		       01 01 01 	      HEX	01 01 01
   2649  6cb0		       01 03 01 	      HEX	01 03 01
   2650  6cb3		       01 03 03 	      HEX	01 03 03
   2651  6cb6		       03 03 03 	      HEX	03 03 03
   2652  6cb9		       03 03 07 	      HEX	03 03 07
   2653  6cbc		       03 07 07 	      HEX	03 07 07
   2654  6cbf		       07 07 07 	      HEX	07 07 07
   2655  6cc2		       07 07 0f 	      HEX	07 07 0F
   2656  6cc5		       07 0f 0f 	      HEX	07 0F 0F
   2657  6cc8		       0f 0f 0f 	      HEX	0F 0F 0F
   2658  6ccb					      ORG	$6CCB
   2659  6ccb				   GUARD_ANIM_SPRITES
   2660  6ccb		       08 2b 2c 	      HEX	08 2B 2C	; running left
   2661  6cce		       30 31 32 	      HEX	30 31 32	; monkey-traversing left
   2662  6cd1		       36		      HEX	36	; falling left
   2663  6cd2		       28 29 2a 	      HEX	28 29 2A	; running right
   2664  6cd5		       2d 2e 2f 	      HEX	2D 2E 2F	; monkey-traversing right
   2665  6cd8		       35		      HEX	35	; falling right
   2666  6cd9		       33 34		      HEX	33 34	; climbing
   2667  6cdb					      ORG	$6CDB
   2668  6cdb				   MOVE_GUARD
   2669  6cdb					      SUBROUTINE
   2670  6cdb
   2671  6cdb							; Increment GUARD_NUM mod GUARD_COUNT, except 1-based.
   2672  6cdb		       e6 19		      INC	GUARD_NUM
   2673  6cdd		       a6 8d		      LDX	GUARD_COUNT
   2674  6cdf		       e4 19		      CPX	GUARD_NUM
   2675  6ce1		       b0 04		      BCS	.guard_num_incremented
   2676  6ce3		       a2 01		      LDX	#$01
   2677  6ce5		       86 19		      STX	GUARD_NUM
   2678  6ce7				   .guard_num_incremented
   2679  6ce7
   2680  6ce7		       20 ce 75 	      JSR	LOAD_GUARD_DATA
   2681  6cea		       a5 16		      LDA	GUARD_GOLD_TIMER
   2682  6cec		       30 1a		      BMI	.check_sprite_at_guard_pos
   2683  6cee		       f0 18		      BEQ	.check_sprite_at_guard_pos
   2684  6cf0
   2685  6cf0							; GUARD_GOLD_TIMER > 0:
   2686  6cf0		       c6 16		      DEC	GUARD_GOLD_TIMER
   2687  6cf2		       a4 16		      LDY	GUARD_GOLD_TIMER
   2688  6cf4		       c0 0d		      CPY	#$0D
   2689  6cf6		       b0 03		      BCS	.guard_gold_timer_expired
   2690  6cf8
   2691  6cf8							; GUARD_GOLD_TIMER < 12
   2692  6cf8		       4c 65 6e 	      JMP	.check_gold_timer
   2693  6cfb
   2694  6cfb				   .guard_gold_timer_expired
   2695  6cfb		       a6 19		      LDX	GUARD_NUM
   2696  6cfd		       bd 98 0c 	      LDA	GUARD_RESURRECTION_TIMERS,X
   2697  6d00		       f0 03		      BEQ	.resurrect_guard_
   2698  6d02		       4c a8 75 	      JMP	STORE_GUARD_DATA	; tailcall
   2699  6d05
   2700  6d05				   .resurrect_guard_
   2701  6d05		       4c b7 6d 	      JMP	.resurrect_guard
   2702  6d08
   2703  6d08				   .check_sprite_at_guard_pos
   2704  6d08		       a4 13		      LDY	GUARD_LOC_ROW
   2705  6d0a		       b9 05 1c 	      LDA	CURR_LEVEL_ROW_SPRITES_PTR_OFFSETS,Y
   2706  6d0d		       85 08		      STA	PTR2
   2707  6d0f		       b9 25 1c 	      LDA	CURR_LEVEL_ROW_SPRITES_PTR_PAGES2,Y
   2708  6d12		       85 09		      STA	PTR2+1
   2709  6d14
   2710  6d14		       a4 12		      LDY	GUARD_LOC_COL
   2711  6d16		       b1 08		      LDA	(PTR2),Y
   2712  6d18
   2713  6d18		       c9 03		      CMP	#SPRITE_LADDER
   2714  6d1a		       f0 45		      BEQ	.ladder_
   2715  6d1c		       c9 04		      CMP	#SPRITE_ROPE
   2716  6d1e		       d0 06		      BNE	.not_rope_or_ladder
   2717  6d20		       a5 18		      LDA	GUARD_Y_ADJ
   2718  6d22		       c9 02		      CMP	#$02
   2719  6d24		       f0 3b		      BEQ	.ladder_
   2720  6d26
   2721  6d26				   .not_rope_or_ladder
   2722  6d26		       a5 18		      LDA	GUARD_Y_ADJ
   2723  6d28		       c9 02		      CMP	#$02
   2724  6d2a		       90 38		      BCC	.blank_or_player	; if GUARD_Y_ADJ < 2
   2725  6d2c		       a4 13		      LDY	GUARD_LOC_ROW
   2726  6d2e		       c0 0f		      CPY	#MAX_GAME_ROW
   2727  6d30		       f0 2f		      BEQ	.ladder_	; Row == 15
   2728  6d32		       b9 06 1c 	      LDA	CURR_LEVEL_ROW_SPRITES_PTR_OFFSETS+1,Y
   2729  6d35		       85 06		      STA	PTR1
   2730  6d37		       85 08		      STA	PTR2
   2731  6d39		       b9 26 1c 	      LDA	CURR_LEVEL_ROW_SPRITES_PTR_PAGES2+1,Y
   2732  6d3c		       85 09		      STA	PTR2+1
   2733  6d3e		       b9 16 1c 	      LDA	CURR_LEVEL_ROW_SPRITES_PTR_PAGES+1,Y
   2734  6d41		       85 07		      STA	PTR1+1
   2735  6d43
   2736  6d43		       a4 12		      LDY	GUARD_LOC_COL
   2737  6d45		       b1 06		      LDA	(PTR1),Y
   2738  6d47
   2739  6d47		       c9 00		      CMP	#SPRITE_EMPTY
   2740  6d49		       f0 19		      BEQ	.blank_or_player
   2741  6d4b		       c9 09		      CMP	#SPRITE_PLAYER
   2742  6d4d		       f0 15		      BEQ	.blank_or_player
   2743  6d4f		       c9 08		      CMP	#SPRITE_GUARD
   2744  6d51		       f0 0e		      BEQ	.ladder_
   2745  6d53
   2746  6d53		       b1 08		      LDA	(PTR2),Y
   2747  6d55		       c9 01		      CMP	#SPRITE_BRICK
   2748  6d57		       f0 08		      BEQ	.ladder_
   2749  6d59		       c9 02		      CMP	#SPRITE_STONE
   2750  6d5b		       f0 04		      BEQ	.ladder_
   2751  6d5d		       c9 03		      CMP	#SPRITE_LADDER
   2752  6d5f		       d0 03		      BNE	.blank_or_player
   2753  6d61
   2754  6d61				   .ladder_
   2755  6d61		       4c 85 6e 	      JMP	.ladder
   2756  6d64
   2757  6d64				   .blank_or_player
   2758  6d64		       20 df 74 	      JSR	GET_GUARD_SPRITE_AND_COORDS
   2759  6d67		       20 36 83 	      JSR	ERASE_SPRITE_AT_PIXEL_COORDS
   2760  6d6a		       20 82 75 	      JSR	NUDGE_GUARD_TOWARDS_EXACT_COLUMN
   2761  6d6d		       a9 06		      LDA	#$06
   2762  6d6f		       a4 15		      LDY	GUARD_FACING_DIRECTION
   2763  6d71		       30 02		      BMI	.set_guard_anim_state
   2764  6d73		       a9 0d		      LDA	#$0D
   2765  6d75				   .set_guard_anim_state
   2766  6d75		       85 14		      STA	GUARD_ANIM_STATE
   2767  6d77
   2768  6d77		       e6 18		      INC	GUARD_Y_ADJ
   2769  6d79		       a5 18		      LDA	GUARD_Y_ADJ
   2770  6d7b		       c9 05		      CMP	#$05
   2771  6d7d		       b0 41		      BCS	$6dc0	; If GUARD_Y_ADJ > 4
   2772  6d7f
   2773  6d7f		       a5 18		      LDA	GUARD_Y_ADJ
   2774  6d81		       c9 02		      CMP	#$02
   2775  6d83		       d0 32		      BNE	.resurrect_guard
   2776  6d85
   2777  6d85		       20 f7 74 	      JSR	CHECK_FOR_GOLD_PICKED_UP_BY_GUARD
   2778  6d88		       a4 13		      LDY	GUARD_LOC_ROW
   2779  6d8a		       b9 05 1c 	      LDA	CURR_LEVEL_ROW_SPRITES_PTR_OFFSETS,Y
   2780  6d8d		       85 08		      STA	PTR2
   2781  6d8f		       b9 25 1c 	      LDA	CURR_LEVEL_ROW_SPRITES_PTR_PAGES2,Y
   2782  6d92		       85 09		      STA	PTR2+1
   2783  6d94
   2784  6d94		       a4 12		      LDY	GUARD_LOC_COL
   2785  6d96		       b1 08		      LDA	(PTR2),Y
   2786  6d98
   2787  6d98		       c9 01		      CMP	#SPRITE_BRICK
   2788  6d9a		       d0 1b		      BNE	.resurrect_guard
   2789  6d9c
   2790  6d9c		       a5 16		      LDA	GUARD_GOLD_TIMER
   2791  6d9e		       10 02		      BPL	.reset_gold_timer
   2792  6da0		       c6 93		      DEC	GOLD_COUNT
   2793  6da2				   .reset_gold_timer
   2794  6da2		       a5 5f		      LDA	GUARD_GOLD_TIMER_START_VALUE
   2795  6da4		       85 16		      STA	GUARD_GOLD_TIMER
   2796  6da6		       a0 00		      LDY	#$00
   2797  6da8		       a9 75		      LDA	#$75
   2798  6daa		       20 92 7a 	      JSR	ADD_AND_UPDATE_SCORE	; SCORE += 75
   2799  6dad
   2800  6dad							; Play the guard kill tune
   2801  6dad		       20 e1 87 	      JSR	LOAD_SOUND_DATA
   2802  6db0		       06 20 04 30*	      HEX	06 20 04 30 02 40 00
   2803  6db7
   2804  6db7				   .resurrect_guard
   2805  6db7		       20 df 74 	      JSR	GET_GUARD_SPRITE_AND_COORDS
   2806  6dba		       20 a7 83 	      JSR	DRAW_SPRITE_AT_PIXEL_COORDS
   2807  6dbd		       4c a8 75 	      JMP	STORE_GUARD_DATA	; tailcall
   2808  6dc0
   2809  6dc0				   .6dc0
   2810  6dc0		       a9 00		      LDA	#$00
   2811  6dc2		       85 18		      STA	GUARD_Y_ADJ	; set vertical adjust to -2
   2812  6dc4		       a4 13		      LDY	GUARD_LOC_ROW
   2813  6dc6		       b9 05 1c 	      LDA	CURR_LEVEL_ROW_SPRITES_PTR_OFFSETS,Y
   2814  6dc9		       85 06		      STA	PTR1
   2815  6dcb		       85 08		      STA	PTR2
   2816  6dcd		       b9 15 1c 	      LDA	CURR_LEVEL_ROW_SPRITES_PTR_PAGES,Y
   2817  6dd0		       85 07		      STA	PTR1+1
   2818  6dd2		       b9 25 1c 	      LDA	CURR_LEVEL_ROW_SPRITES_PTR_PAGES2,Y
   2819  6dd5		       85 09		      STA	PTR2+1
   2820  6dd7
   2821  6dd7		       a4 12		      LDY	GUARD_LOC_COL
   2822  6dd9		       b1 08		      LDA	(PTR2),Y
   2823  6ddb		       c9 01		      CMP	#SPRITE_BRICK
   2824  6ddd		       d0 02		      BNE	.set_real_sprite
   2825  6ddf		       a9 00		      LDA	#SPRITE_EMPTY
   2826  6de1				   .set_real_sprite
   2827  6de1		       91 06		      STA	(PTR1),Y
   2828  6de3
   2829  6de3		       e6 13		      INC	GUARD_LOC_ROW	; move guard down
   2830  6de5		       a4 13		      LDY	GUARD_LOC_ROW
   2831  6de7		       b9 05 1c 	      LDA	CURR_LEVEL_ROW_SPRITES_PTR_OFFSETS,Y
   2832  6dea		       85 06		      STA	PTR1
   2833  6dec		       85 08		      STA	PTR2
   2834  6dee		       b9 15 1c 	      LDA	CURR_LEVEL_ROW_SPRITES_PTR_PAGES,Y
   2835  6df1		       85 07		      STA	PTR1+1
   2836  6df3		       b9 25 1c 	      LDA	CURR_LEVEL_ROW_SPRITES_PTR_PAGES2,Y
   2837  6df6		       85 09		      STA	PTR2+1
   2838  6df8
   2839  6df8		       a4 12		      LDY	GUARD_LOC_COL
   2840  6dfa		       b1 06		      LDA	(PTR1),Y
   2841  6dfc		       c9 09		      CMP	#SPRITE_PLAYER
   2842  6dfe		       d0 02		      BNE	.get_background_sprite
   2843  6e00		       46 9a		      LSR	ALIVE	; set player to dead
   2844  6e02				   .get_background_sprite
   2845  6e02		       b1 08		      LDA	(PTR2),Y
   2846  6e04		       c9 01		      CMP	#SPRITE_BRICK
   2847  6e06		       d0 50		      BNE	.place_guard_at_loc
   2848  6e08		       a5 16		      LDA	GUARD_GOLD_TIMER
   2849  6e0a		       10 4c		      BPL	.place_guard_at_loc
   2850  6e0c
   2851  6e0c							; What's above the guard?
   2852  6e0c		       a4 13		      LDY	GUARD_LOC_ROW
   2853  6e0e		       88		      DEY
   2854  6e0f		       84 86		      STY	GAME_ROWNUM
   2855  6e11		       b9 05 1c 	      LDA	CURR_LEVEL_ROW_SPRITES_PTR_OFFSETS,Y
   2856  6e14		       85 06		      STA	PTR1
   2857  6e16		       85 08		      STA	PTR2
   2858  6e18		       b9 15 1c 	      LDA	CURR_LEVEL_ROW_SPRITES_PTR_PAGES,Y
   2859  6e1b		       85 07		      STA	PTR1+1
   2860  6e1d		       b9 25 1c 	      LDA	CURR_LEVEL_ROW_SPRITES_PTR_PAGES2,Y
   2861  6e20		       85 09		      STA	PTR2+1
   2862  6e22
   2863  6e22		       a4 12		      LDY	GUARD_LOC_COL
   2864  6e24		       84 85		      STY	GAME_COLNUM
   2865  6e26		       b1 08		      LDA	(PTR2),Y
   2866  6e28		       c9 00		      CMP	#SPRITE_EMPTY
   2867  6e2a		       f0 05		      BEQ	.drop_gold
   2868  6e2c		       c6 93		      DEC	GOLD_COUNT
   2869  6e2e		       4c 46 6e 	      JMP	.6e46
   2870  6e31
   2871  6e31				   .drop_gold
   2872  6e31		       a9 07		      LDA	#SPRITE_GOLD
   2873  6e33		       91 06		      STA	(PTR1),Y
   2874  6e35		       91 08		      STA	(PTR2),Y
   2875  6e37		       20 b0 82 	      JSR	DRAW_SPRITE_PAGE2
   2876  6e3a		       a4 86		      LDY	GAME_ROWNUM
   2877  6e3c		       a6 85		      LDX	GAME_COLNUM
   2878  6e3e		       20 5d 88 	      JSR	GET_SCREEN_COORDS_FOR
   2879  6e41		       a9 07		      LDA	#SPRITE_GOLD
   2880  6e43		       20 a7 83 	      JSR	DRAW_SPRITE_AT_PIXEL_COORDS
   2881  6e46
   2882  6e46				   .6e46
   2883  6e46		       a4 13		      LDY	GUARD_LOC_ROW
   2884  6e48		       b9 05 1c 	      LDA	CURR_LEVEL_ROW_SPRITES_PTR_OFFSETS,Y
   2885  6e4b		       85 06		      STA	PTR1
   2886  6e4d		       b9 15 1c 	      LDA	CURR_LEVEL_ROW_SPRITES_PTR_PAGES,Y
   2887  6e50		       85 07		      STA	PTR1+1
   2888  6e52
   2889  6e52		       a9 00		      LDA	#$00
   2890  6e54		       85 16		      STA	GUARD_GOLD_TIMER
   2891  6e56		       a4 12		      LDY	GUARD_LOC_COL
   2892  6e58
   2893  6e58				   .place_guard_at_loc
   2894  6e58		       a9 08		      LDA	#SPRITE_GUARD
   2895  6e5a		       91 06		      STA	(PTR1),Y
   2896  6e5c
   2897  6e5c		       20 df 74 	      JSR	GET_GUARD_SPRITE_AND_COORDS
   2898  6e5f		       20 a7 83 	      JSR	DRAW_SPRITE_AT_PIXEL_COORDS
   2899  6e62		       4c a8 75 	      JMP	STORE_GUARD_DATA	; tailcall
   2900  6e65
   2901  6e65				   .check_gold_timer
   2902  6e65		       c0 07		      CPY	#$07
   2903  6e67		       90 1c		      BCC	.ladder
   2904  6e69
   2905  6e69		       20 df 74 	      JSR	GET_GUARD_SPRITE_AND_COORDS
   2906  6e6c		       20 36 83 	      JSR	ERASE_SPRITE_AT_PIXEL_COORDS
   2907  6e6f		       a4 16		      LDY	GUARD_GOLD_TIMER
   2908  6e71		       b9 78 6e 	      LDA	GUARD_X_ADJ_TABLE-7,Y	; GUARD_X_ADJ_TABLE[GUARD_GOLD_TIMER-7]
   2909  6e74		       85 17		      STA	GUARD_X_ADJ
   2910  6e76		       20 df 74 	      JSR	GET_GUARD_SPRITE_AND_COORDS
   2911  6e79		       20 a7 83 	      JSR	DRAW_SPRITE_AT_PIXEL_COORDS
   2912  6e7c		       4c a8 75 	      JMP	STORE_GUARD_DATA	; tailcall
   2913  6e7f
   2914  6e7f					      ORG	$6E7F
   2915  6e7f				   GUARD_X_ADJ_TABLE
   2916  6e7f		       02 01 02 03*	      HEX	02 01 02 03 02 01
   2917  6e85					      ORG	$6E85
   2918  6e85				   .ladder
   2919  6e85		       a6 12		      LDX	GUARD_LOC_COL
   2920  6e87		       a4 13		      LDY	GUARD_LOC_ROW
   2921  6e89		       20 d8 70 	      JSR	DETERMINE_GUARD_MOVE
   2922  6e8c
   2923  6e8c							; Go to a guard movement function in the GUARD_FN_TABLE
   2924  6e8c		       0a		      ASL
   2925  6e8d		       a8		      TAY
   2926  6e8e		       b9 98 6e 	      LDA	GUARD_FN_TABLE+1,Y
   2927  6e91		       48		      PHA
   2928  6e92		       b9 97 6e 	      LDA	GUARD_FN_TABLE,Y
   2929  6e95		       48		      PHA
   2930  6e96		       60		      RTS
   2931  6e97
   2932  6e97					      ORG	$6E97
   2933  6e97				   GUARD_FN_TABLE
   2934  6e97		       a7 75		      WORD.w	STORE_GUARD_DATA-1
   2935  6e99		       bb 6f		      WORD.w	TRY_GUARD_MOVE_LEFT-1
   2936  6e9b		       46 70		      WORD.w	TRY_GUARD_MOVE_RIGHT-1
   2937  6e9d		       ab 6e		      WORD.w	TRY_GUARD_MOVE_UP-1
   2938  6e9f		       38 6f		      WORD.w	TRY_GUARD_MOVE_DOWN-1
   2939  6ea1					      ORG	$6EA1
   2940  6ea1				   GUARD_DO_NOTHING
   2941  6ea1					      SUBROUTINE
   2942  6ea1
   2943  6ea1							; if GUARD_GOLD_TIMER > 0, GUARD_GOLD_TIMER++
   2944  6ea1		       a5 16		      LDA	GUARD_GOLD_TIMER
   2945  6ea3		       f0 04		      BEQ	.store_guard_data
   2946  6ea5		       30 02		      BMI	.store_guard_data
   2947  6ea7		       e6 16		      INC	GUARD_GOLD_TIMER
   2948  6ea9				   .store_guard_data
   2949  6ea9		       4c a8 75 	      JMP	STORE_GUARD_DATA
   2950  6eac
   2951  6eac					      ORG	$6EAC
   2952  6eac				   TRY_GUARD_MOVE_UP
   2953  6eac					      SUBROUTINE
   2954  6eac
   2955  6eac		       a4 18		      LDY	GUARD_Y_ADJ
   2956  6eae		       c0 03		      CPY	#$03
   2957  6eb0		       b0 23		      BCS	.move_up	; vertical adjustment > 0
   2958  6eb2
   2959  6eb2		       a4 13		      LDY	GUARD_LOC_ROW
   2960  6eb4		       f0 eb		      BEQ	GUARD_DO_NOTHING
   2961  6eb6		       88		      DEY
   2962  6eb7		       b9 05 1c 	      LDA	CURR_LEVEL_ROW_SPRITES_PTR_OFFSETS,Y
   2963  6eba		       85 06		      STA	PTR1
   2964  6ebc		       b9 15 1c 	      LDA	CURR_LEVEL_ROW_SPRITES_PTR_PAGES,Y
   2965  6ebf		       85 07		      STA	PTR1+1
   2966  6ec1
   2967  6ec1		       a4 12		      LDY	GUARD_LOC_COL
   2968  6ec3		       b1 06		      LDA	(PTR1),Y
   2969  6ec5
   2970  6ec5		       c9 01		      CMP	#SPRITE_BRICK
   2971  6ec7		       f0 d8		      BEQ	GUARD_DO_NOTHING
   2972  6ec9		       c9 02		      CMP	#SPRITE_STONE
   2973  6ecb		       f0 d4		      BEQ	GUARD_DO_NOTHING
   2974  6ecd		       c9 05		      CMP	#SPRITE_TRAP
   2975  6ecf		       f0 d0		      BEQ	GUARD_DO_NOTHING
   2976  6ed1		       c9 08		      CMP	#SPRITE_GUARD
   2977  6ed3		       f0 cc		      BEQ	GUARD_DO_NOTHING
   2978  6ed5
   2979  6ed5				   .move_up
   2980  6ed5		       20 df 74 	      JSR	GET_GUARD_SPRITE_AND_COORDS
   2981  6ed8		       20 36 83 	      JSR	ERASE_SPRITE_AT_PIXEL_COORDS
   2982  6edb		       20 82 75 	      JSR	NUDGE_GUARD_TOWARDS_EXACT_COLUMN
   2983  6ede		       a4 13		      LDY	GUARD_LOC_ROW
   2984  6ee0		       b9 05 1c 	      LDA	CURR_LEVEL_ROW_SPRITES_PTR_OFFSETS,Y
   2985  6ee3		       85 06		      STA	PTR1
   2986  6ee5		       85 08		      STA	PTR2
   2987  6ee7		       b9 15 1c 	      LDA	CURR_LEVEL_ROW_SPRITES_PTR_PAGES,Y
   2988  6eea		       85 07		      STA	PTR1+1
   2989  6eec		       b9 25 1c 	      LDA	CURR_LEVEL_ROW_SPRITES_PTR_PAGES2,Y
   2990  6eef		       85 09		      STA	PTR2+1
   2991  6ef1
   2992  6ef1		       c6 18		      DEC	GUARD_Y_ADJ
   2993  6ef3		       10 31		      BPL	TRY_GUARD_MOVE_UP_check_for_gold
   2994  6ef5
   2995  6ef5							; vertical adjustment underflow
   2996  6ef5		       20 3e 75 	      JSR	GUARD_DROP_GOLD
   2997  6ef8		       a4 12		      LDY	GUARD_LOC_COL
   2998  6efa		       b1 08		      LDA	(PTR2),Y
   2999  6efc
   3000  6efc		       c9 01		      CMP	#SPRITE_BRICK
   3001  6efe		       d0 02		      BNE	.set_active_sprite
   3002  6f00		       a9 00		      LDA	#SPRITE_EMPTY
   3003  6f02				   .set_active_sprite
   3004  6f02		       91 06		      STA	(PTR1),Y
   3005  6f04
   3006  6f04		       c6 13		      DEC	GUARD_LOC_ROW
   3007  6f06		       a4 13		      LDY	GUARD_LOC_ROW
   3008  6f08		       b9 05 1c 	      LDA	CURR_LEVEL_ROW_SPRITES_PTR_OFFSETS,Y
   3009  6f0b		       85 06		      STA	PTR1
   3010  6f0d		       b9 15 1c 	      LDA	CURR_LEVEL_ROW_SPRITES_PTR_PAGES,Y
   3011  6f10		       85 07		      STA	PTR1+1
   3012  6f12
   3013  6f12		       a4 12		      LDY	GUARD_LOC_COL
   3014  6f14		       b1 06		      LDA	(PTR1),Y
   3015  6f16
   3016  6f16		       c9 09		      CMP	#SPRITE_PLAYER
   3017  6f18		       d0 02		      BNE	.set_guard_sprite
   3018  6f1a
   3019  6f1a							; kill player
   3020  6f1a		       46 9a		      LSR	ALIVE
   3021  6f1c
   3022  6f1c				   .set_guard_sprite
   3023  6f1c		       a9 08		      LDA	#SPRITE_GUARD
   3024  6f1e		       91 06		      STA	(PTR1),Y
   3025  6f20
   3026  6f20		       a9 04		      LDA	#$04
   3027  6f22		       85 18		      STA	GUARD_Y_ADJ	; vertical adjust = +2
   3028  6f24		       d0 03		      BNE	TRY_GUARD_MOVE_UP_inc_anim_state	; unconditional
   3029  6f26
   3030  6f26				   TRY_GUARD_MOVE_UP_check_for_gold
   3031  6f26		       20 f7 74 	      JSR	CHECK_FOR_GOLD_PICKED_UP_BY_GUARD
   3032  6f29
   3033  6f29				   TRY_GUARD_MOVE_UP_inc_anim_state
   3034  6f29		       a9 0e		      LDA	#$0E
   3035  6f2b		       a2 0f		      LDX	#$0F
   3036  6f2d		       20 74 75 	      JSR	INC_GUARD_ANIM_STATE
   3037  6f30		       20 df 74 	      JSR	GET_GUARD_SPRITE_AND_COORDS
   3038  6f33		       20 a7 83 	      JSR	DRAW_SPRITE_AT_PIXEL_COORDS
   3039  6f36		       4c a8 75 	      JMP	STORE_GUARD_DATA
   3040  6f39
   3041  6f39					      ORG	$6F39
   3042  6f39				   TRY_GUARD_MOVE_DOWN
   3043  6f39					      SUBROUTINE
   3044  6f39
   3045  6f39		       a4 18		      LDY	GUARD_Y_ADJ
   3046  6f3b		       c0 02		      CPY	#$02
   3047  6f3d		       90 24		      BCC	.move_down	; vertical adjustment < 0
   3048  6f3f
   3049  6f3f		       a4 13		      LDY	GUARD_LOC_ROW
   3050  6f41		       c0 0f		      CPY	#MAX_GAME_ROW
   3051  6f43		       b0 1b		      BCS	.store_guard_data
   3052  6f45		       c8		      INY
   3053  6f46		       b9 05 1c 	      LDA	CURR_LEVEL_ROW_SPRITES_PTR_OFFSETS,Y
   3054  6f49		       85 06		      STA	PTR1
   3055  6f4b		       b9 15 1c 	      LDA	CURR_LEVEL_ROW_SPRITES_PTR_PAGES,Y
   3056  6f4e		       85 07		      STA	PTR1+1
   3057  6f50
   3058  6f50		       a4 12		      LDY	GUARD_LOC_COL
   3059  6f52		       b1 06		      LDA	(PTR1),Y
   3060  6f54
   3061  6f54		       c9 02		      CMP	#SPRITE_STONE
   3062  6f56		       f0 08		      BEQ	.store_guard_data
   3063  6f58		       c9 08		      CMP	#SPRITE_GUARD
   3064  6f5a		       f0 04		      BEQ	.store_guard_data
   3065  6f5c		       c9 01		      CMP	#SPRITE_BRICK
   3066  6f5e		       d0 03		      BNE	.move_down
   3067  6f60
   3068  6f60				   .store_guard_data
   3069  6f60		       4c a8 75 	      JMP	STORE_GUARD_DATA
   3070  6f63
   3071  6f63				   .move_down
   3072  6f63		       20 df 74 	      JSR	GET_GUARD_SPRITE_AND_COORDS
   3073  6f66		       20 36 83 	      JSR	ERASE_SPRITE_AT_PIXEL_COORDS
   3074  6f69		       20 82 75 	      JSR	NUDGE_GUARD_TOWARDS_EXACT_COLUMN
   3075  6f6c		       a4 13		      LDY	GUARD_LOC_ROW
   3076  6f6e		       b9 05 1c 	      LDA	CURR_LEVEL_ROW_SPRITES_PTR_OFFSETS,Y
   3077  6f71		       85 06		      STA	PTR1
   3078  6f73		       85 08		      STA	PTR2
   3079  6f75		       b9 15 1c 	      LDA	CURR_LEVEL_ROW_SPRITES_PTR_PAGES,Y
   3080  6f78		       85 07		      STA	PTR1+1
   3081  6f7a		       b9 25 1c 	      LDA	CURR_LEVEL_ROW_SPRITES_PTR_PAGES2,Y
   3082  6f7d		       85 09		      STA	PTR2+1
   3083  6f7f
   3084  6f7f		       e6 18		      INC	GUARD_Y_ADJ
   3085  6f81		       a5 18		      LDA	GUARD_Y_ADJ
   3086  6f83		       c9 05		      CMP	#$05
   3087  6f85		       90 32		      BCC	.check_for_gold
   3088  6f87
   3089  6f87							; vertical adjustment overflow
   3090  6f87		       20 3e 75 	      JSR	GUARD_DROP_GOLD
   3091  6f8a		       a4 12		      LDY	GUARD_LOC_COL
   3092  6f8c		       b1 08		      LDA	(PTR2),Y
   3093  6f8e
   3094  6f8e		       c9 01		      CMP	#SPRITE_BRICK
   3095  6f90		       d0 02		      BNE	.set_active_sprite
   3096  6f92		       a9 00		      LDA	#SPRITE_EMPTY
   3097  6f94				   .set_active_sprite
   3098  6f94		       91 06		      STA	(PTR1),Y
   3099  6f96
   3100  6f96		       e6 13		      INC	GUARD_LOC_ROW
   3101  6f98		       a4 13		      LDY	GUARD_LOC_ROW
   3102  6f9a		       b9 05 1c 	      LDA	CURR_LEVEL_ROW_SPRITES_PTR_OFFSETS,Y
   3103  6f9d		       85 06		      STA	PTR1
   3104  6f9f		       b9 15 1c 	      LDA	CURR_LEVEL_ROW_SPRITES_PTR_PAGES,Y
   3105  6fa2		       85 07		      STA	PTR1+1
   3106  6fa4
   3107  6fa4		       a4 12		      LDY	GUARD_LOC_COL
   3108  6fa6		       b1 06		      LDA	(PTR1),Y
   3109  6fa8
   3110  6fa8		       c9 09		      CMP	#SPRITE_PLAYER
   3111  6faa		       d0 02		      BNE	.set_guard_sprite
   3112  6fac
   3113  6fac							; kill player
   3114  6fac		       46 9a		      LSR	ALIVE
   3115  6fae
   3116  6fae				   .set_guard_sprite
   3117  6fae		       a9 08		      LDA	#SPRITE_GUARD
   3118  6fb0		       91 06		      STA	(PTR1),Y
   3119  6fb2
   3120  6fb2		       a9 00		      LDA	#$00
   3121  6fb4		       85 18		      STA	GUARD_Y_ADJ	; vertical adjust = -2
   3122  6fb6		       4c 29 6f 	      JMP	TRY_GUARD_MOVE_UP_inc_anim_state
   3123  6fb9
   3124  6fb9				   .check_for_gold
   3125  6fb9		       4c 26 6f 	      JMP	TRY_GUARD_MOVE_UP_check_for_gold
   3126  6fbc
   3127  6fbc					      ORG	$6FBC
   3128  6fbc				   TRY_GUARD_MOVE_LEFT
   3129  6fbc					      SUBROUTINE
   3130  6fbc
   3131  6fbc		       a4 13		      LDY	GUARD_LOC_ROW
   3132  6fbe		       b9 05 1c 	      LDA	CURR_LEVEL_ROW_SPRITES_PTR_OFFSETS,Y
   3133  6fc1		       85 06		      STA	PTR1
   3134  6fc3		       85 08		      STA	PTR2
   3135  6fc5		       b9 15 1c 	      LDA	CURR_LEVEL_ROW_SPRITES_PTR_PAGES,Y
   3136  6fc8		       85 07		      STA	PTR1+1
   3137  6fca		       b9 25 1c 	      LDA	CURR_LEVEL_ROW_SPRITES_PTR_PAGES2,Y
   3138  6fcd		       85 09		      STA	PTR2+1
   3139  6fcf
   3140  6fcf		       a6 17		      LDX	GUARD_X_ADJ
   3141  6fd1		       e0 03		      CPX	#$03
   3142  6fd3		       b0 1c		      BCS	.move_left	; horizontal adjustment > 0
   3143  6fd5
   3144  6fd5							; horizontal adjustment <= 0
   3145  6fd5		       a4 12		      LDY	GUARD_LOC_COL
   3146  6fd7		       f0 15		      BEQ	.store_guard_data	; Can't go any more left
   3147  6fd9
   3148  6fd9		       88		      DEY
   3149  6fda		       b1 06		      LDA	(PTR1),Y
   3150  6fdc		       c9 08		      CMP	#SPRITE_GUARD
   3151  6fde		       f0 0e		      BEQ	.store_guard_data
   3152  6fe0		       c9 02		      CMP	#SPRITE_STONE
   3153  6fe2		       f0 0a		      BEQ	.store_guard_data
   3154  6fe4		       c9 01		      CMP	#SPRITE_BRICK
   3155  6fe6		       f0 06		      BEQ	.store_guard_data
   3156  6fe8
   3157  6fe8		       b1 08		      LDA	(PTR2),Y
   3158  6fea		       c9 05		      CMP	#SPRITE_TRAP
   3159  6fec		       d0 03		      BNE	.move_left
   3160  6fee
   3161  6fee				   .store_guard_data
   3162  6fee		       4c a8 75 	      JMP	STORE_GUARD_DATA	; tailcall
   3163  6ff1
   3164  6ff1				   .move_left
   3165  6ff1		       20 df 74 	      JSR	GET_GUARD_SPRITE_AND_COORDS
   3166  6ff4		       20 36 83 	      JSR	ERASE_SPRITE_AT_PIXEL_COORDS
   3167  6ff7		       20 95 75 	      JSR	NUDGE_GUARD_TOWARDS_EXACT_ROW
   3168  6ffa		       a9 ff		      LDA	#$FF
   3169  6ffc		       85 15		      STA	GUARD_FACING_DIRECTION	; face left
   3170  6ffe		       c6 17		      DEC	GUARD_X_ADJ
   3171  7000		       10 24		      BPL	.check_for_gold_pickup
   3172  7002
   3173  7002							; horizontal adjustment underflow
   3174  7002		       20 3e 75 	      JSR	GUARD_DROP_GOLD
   3175  7005		       a4 12		      LDY	GUARD_LOC_COL
   3176  7007		       b1 08		      LDA	(PTR2),Y
   3177  7009		       c9 01		      CMP	#SPRITE_BRICK
   3178  700b		       d0 02		      BNE	.store_sprite
   3179  700d		       a9 00		      LDA	#SPRITE_EMPTY
   3180  700f
   3181  700f				   .store_sprite
   3182  700f		       91 06		      STA	(PTR1),Y
   3183  7011
   3184  7011		       c6 12		      DEC	GUARD_LOC_COL
   3185  7013		       88		      DEY
   3186  7014		       b1 06		      LDA	(PTR1),Y
   3187  7016		       c9 09		      CMP	#SPRITE_PLAYER
   3188  7018		       d0 02		      BNE	.place_guard_sprite
   3189  701a
   3190  701a							; kill player
   3191  701a		       46 9a		      LSR	ALIVE
   3192  701c
   3193  701c				   .place_guard_sprite
   3194  701c		       a9 08		      LDA	#SPRITE_GUARD
   3195  701e		       91 06		      STA	(PTR1),Y
   3196  7020
   3197  7020		       a9 04		      LDA	#$04
   3198  7022		       85 17		      STA	GUARD_X_ADJ	; horizontal adjustment = +2
   3199  7024		       d0 03		      BNE	.determine_anim_set	; unconditional
   3200  7026
   3201  7026				   .check_for_gold_pickup
   3202  7026		       20 f7 74 	      JSR	CHECK_FOR_GOLD_PICKED_UP_BY_GUARD
   3203  7029
   3204  7029				   .determine_anim_set
   3205  7029		       a4 12		      LDY	GUARD_LOC_COL
   3206  702b		       b1 08		      LDA	(PTR2),Y
   3207  702d		       c9 04		      CMP	#SPRITE_ROPE
   3208  702f		       f0 06		      BEQ	.rope
   3209  7031
   3210  7031		       a9 00		      LDA	#$00
   3211  7033		       a2 02		      LDX	#$02
   3212  7035		       d0 04		      BNE	.inc_anim_state
   3213  7037
   3214  7037				   .rope
   3215  7037		       a9 03		      LDA	#$03
   3216  7039		       a2 05		      LDX	#$05
   3217  703b
   3218  703b				   .inc_anim_state
   3219  703b		       20 74 75 	      JSR	INC_GUARD_ANIM_STATE
   3220  703e		       20 df 74 	      JSR	GET_GUARD_SPRITE_AND_COORDS
   3221  7041		       20 a7 83 	      JSR	DRAW_SPRITE_AT_PIXEL_COORDS
   3222  7044		       4c a8 75 	      JMP	STORE_GUARD_DATA	; tailcall
   3223  7047
   3224  7047					      ORG	$7047
   3225  7047				   TRY_GUARD_MOVE_RIGHT
   3226  7047					      SUBROUTINE
   3227  7047
   3228  7047		       a4 13		      LDY	GUARD_LOC_ROW
   3229  7049		       b9 05 1c 	      LDA	CURR_LEVEL_ROW_SPRITES_PTR_OFFSETS,Y
   3230  704c		       85 06		      STA	PTR1
   3231  704e		       85 08		      STA	PTR2
   3232  7050		       b9 15 1c 	      LDA	CURR_LEVEL_ROW_SPRITES_PTR_PAGES,Y
   3233  7053		       85 07		      STA	PTR1+1
   3234  7055		       b9 25 1c 	      LDA	CURR_LEVEL_ROW_SPRITES_PTR_PAGES2,Y
   3235  7058		       85 09		      STA	PTR2+1
   3236  705a
   3237  705a		       a6 17		      LDX	GUARD_X_ADJ
   3238  705c		       e0 02		      CPX	#$02
   3239  705e		       90 1e		      BCC	.move_right	; horizontal adjustment < 0
   3240  7060
   3241  7060							; horizontal adjustment >= 0
   3242  7060		       a4 12		      LDY	GUARD_LOC_COL
   3243  7062		       c0 1b		      CPY	#MAX_GAME_COL
   3244  7064		       f0 15		      BEQ	.store_guard_data	; Can't go any more right
   3245  7066
   3246  7066		       c8		      INY
   3247  7067		       b1 06		      LDA	(PTR1),Y
   3248  7069		       c9 08		      CMP	#SPRITE_GUARD
   3249  706b		       f0 0e		      BEQ	.store_guard_data
   3250  706d		       c9 02		      CMP	#SPRITE_STONE
   3251  706f		       f0 0a		      BEQ	.store_guard_data
   3252  7071		       c9 01		      CMP	#SPRITE_BRICK
   3253  7073		       f0 06		      BEQ	.store_guard_data
   3254  7075
   3255  7075		       b1 08		      LDA	(PTR2),Y
   3256  7077		       c9 05		      CMP	#SPRITE_TRAP
   3257  7079		       d0 03		      BNE	.move_right
   3258  707b
   3259  707b				   .store_guard_data
   3260  707b		       4c a8 75 	      JMP	STORE_GUARD_DATA	; tailcall
   3261  707e
   3262  707e				   .move_right
   3263  707e		       20 df 74 	      JSR	GET_GUARD_SPRITE_AND_COORDS
   3264  7081		       20 36 83 	      JSR	ERASE_SPRITE_AT_PIXEL_COORDS
   3265  7084		       20 95 75 	      JSR	NUDGE_GUARD_TOWARDS_EXACT_ROW
   3266  7087		       a9 01		      LDA	#$01
   3267  7089		       85 15		      STA	GUARD_FACING_DIRECTION	; face right
   3268  708b		       e6 17		      INC	GUARD_X_ADJ
   3269  708d		       a5 17		      LDA	GUARD_X_ADJ
   3270  708f		       c9 05		      CMP	#$05
   3271  7091		       90 24		      BCC	.check_for_gold_pickup
   3272  7093
   3273  7093							; horizontal adjustment overflow
   3274  7093		       20 3e 75 	      JSR	GUARD_DROP_GOLD
   3275  7096		       a4 12		      LDY	GUARD_LOC_COL
   3276  7098		       b1 08		      LDA	(PTR2),Y
   3277  709a		       c9 01		      CMP	#SPRITE_BRICK
   3278  709c		       d0 02		      BNE	.store_sprite
   3279  709e		       a9 00		      LDA	#SPRITE_EMPTY
   3280  70a0
   3281  70a0				   .store_sprite
   3282  70a0		       91 06		      STA	(PTR1),Y
   3283  70a2
   3284  70a2		       e6 12		      INC	GUARD_LOC_COL
   3285  70a4		       c8		      INY
   3286  70a5		       b1 06		      LDA	(PTR1),Y
   3287  70a7		       c9 09		      CMP	#SPRITE_PLAYER
   3288  70a9		       d0 02		      BNE	.place_guard_sprite
   3289  70ab
   3290  70ab							; kill player
   3291  70ab		       46 9a		      LSR	ALIVE
   3292  70ad
   3293  70ad				   .place_guard_sprite
   3294  70ad		       a9 08		      LDA	#SPRITE_GUARD
   3295  70af		       91 06		      STA	(PTR1),Y
   3296  70b1
   3297  70b1		       a9 00		      LDA	#$00
   3298  70b3		       85 17		      STA	GUARD_X_ADJ	; horizontal adjustment = -2
   3299  70b5		       f0 03		      BEQ	.determine_anim_set	; unconditional
   3300  70b7
   3301  70b7				   .check_for_gold_pickup
   3302  70b7		       20 f7 74 	      JSR	CHECK_FOR_GOLD_PICKED_UP_BY_GUARD
   3303  70ba
   3304  70ba				   .determine_anim_set
   3305  70ba		       a4 12		      LDY	GUARD_LOC_COL
   3306  70bc		       b1 08		      LDA	(PTR2),Y
   3307  70be		       c9 04		      CMP	#SPRITE_ROPE
   3308  70c0		       f0 06		      BEQ	.rope
   3309  70c2
   3310  70c2		       a9 07		      LDA	#$07
   3311  70c4		       a2 09		      LDX	#$09
   3312  70c6		       d0 04		      BNE	.inc_anim_state
   3313  70c8
   3314  70c8				   .rope
   3315  70c8		       a9 0a		      LDA	#$0A
   3316  70ca		       a2 0c		      LDX	#$0C
   3317  70cc
   3318  70cc				   .inc_anim_state
   3319  70cc		       20 74 75 	      JSR	INC_GUARD_ANIM_STATE
   3320  70cf		       20 df 74 	      JSR	GET_GUARD_SPRITE_AND_COORDS
   3321  70d2		       20 a7 83 	      JSR	DRAW_SPRITE_AT_PIXEL_COORDS
   3322  70d5		       4c a8 75 	      JMP	STORE_GUARD_DATA	; tailcall
   3323  70d8
   3324  70d8					      ORG	$70D8
   3325  70d8				   DETERMINE_GUARD_MOVE
   3326  70d8					      SUBROUTINE
   3327  70d8
   3328  70d8		       86 55		      STX	TMP_GUARD_COL
   3329  70da		       84 56		      STY	TMP_GUARD_ROW
   3330  70dc		       b9 05 1c 	      LDA	CURR_LEVEL_ROW_SPRITES_PTR_OFFSETS,Y
   3331  70df		       85 08		      STA	PTR2
   3332  70e1		       b9 25 1c 	      LDA	CURR_LEVEL_ROW_SPRITES_PTR_PAGES2,Y
   3333  70e4		       85 09		      STA	PTR2+1
   3334  70e6
   3335  70e6		       a4 55		      LDY	TMP_GUARD_COL
   3336  70e8		       b1 08		      LDA	(PTR2),Y
   3337  70ea
   3338  70ea		       c9 01		      CMP	#SPRITE_BRICK
   3339  70ec		       d0 09		      BNE	.end_if_row_is_not_player_row
   3340  70ee		       a5 16		      LDA	GUARD_GOLD_TIMER
   3341  70f0		       f0 05		      BEQ	.end_if_row_is_not_player_row
   3342  70f2		       30 03		      BMI	.end_if_row_is_not_player_row
   3343  70f4		       a9 03		      LDA	#GUARD_ACTION_MOVE_UP
   3344  70f6		       60		      RTS
   3345  70f7
   3346  70f7				   .end_if_row_is_not_player_row
   3347  70f7		       a4 56		      LDY	TMP_GUARD_ROW
   3348  70f9		       c4 01		      CPY	PLAYER_ROW
   3349  70fb		       f0 03		      BEQ	.7100
   3350  70fd		       4c 86 71 	      JMP	.end
   3351  7100
   3352  7100				   .7100
   3353  7100		       a4 55		      LDY	TMP_GUARD_COL
   3354  7102		       84 57		      STY	$57
   3355  7104		       c4 00		      CPY	PLAYER_COL
   3356  7106		       b0 3f		      BCS	.loop2
   3357  7108							; If TMP_GUARD_COL < PLAYER_COL:
   3358  7108
   3359  7108				   .loop
   3360  7108		       e6 57		      INC	$57
   3361  710a		       a4 56		      LDY	TMP_GUARD_ROW
   3362  710c		       b9 05 1c 	      LDA	CURR_LEVEL_ROW_SPRITES_PTR_OFFSETS,Y
   3363  710f		       85 08		      STA	PTR2
   3364  7111		       b9 25 1c 	      LDA	CURR_LEVEL_ROW_SPRITES_PTR_PAGES2,Y
   3365  7114		       85 09		      STA	PTR2+1
   3366  7116
   3367  7116		       a4 57		      LDY	$57
   3368  7118		       b1 08		      LDA	(PTR2),Y
   3369  711a
   3370  711a		       c9 03		      CMP	#SPRITE_LADDER
   3371  711c		       f0 20		      BEQ	.is_ladder_or_rope
   3372  711e		       c9 04		      CMP	#SPRITE_ROPE
   3373  7120		       f0 1c		      BEQ	.is_ladder_or_rope
   3374  7122
   3375  7122		       a4 56		      LDY	TMP_GUARD_ROW
   3376  7124		       c0 0f		      CPY	#MAX_GAME_ROW
   3377  7126		       f0 16		      BEQ	.is_ladder_or_rope
   3378  7128
   3379  7128		       b9 06 1c 	      LDA	CURR_LEVEL_ROW_SPRITES_PTR_OFFSETS+1,Y
   3380  712b		       85 08		      STA	PTR2
   3381  712d		       b9 26 1c 	      LDA	CURR_LEVEL_ROW_SPRITES_PTR_PAGES2+1,Y
   3382  7130		       85 09		      STA	PTR2+1
   3383  7132
   3384  7132		       a4 57		      LDY	$57
   3385  7134		       b1 08		      LDA	(PTR2),Y
   3386  7136		       c9 00		      CMP	#SPRITE_EMPTY
   3387  7138		       f0 4c		      BEQ	.end
   3388  713a		       c9 05		      CMP	#SPRITE_TRAP
   3389  713c		       f0 48		      BEQ	.end
   3390  713e
   3391  713e				   .is_ladder_or_rope
   3392  713e		       a4 57		      LDY	$57
   3393  7140		       c4 00		      CPY	PLAYER_COL
   3394  7142		       d0 c4		      BNE	.loop
   3395  7144
   3396  7144							; PLAYER_COL == $57:
   3397  7144		       a9 02		      LDA	#GUARD_ACTION_MOVE_RIGHT
   3398  7146		       60		      RTS
   3399  7147
   3400  7147				   .loop2
   3401  7147		       c6 57		      DEC	$57
   3402  7149		       a4 56		      LDY	TMP_GUARD_ROW
   3403  714b		       b9 05 1c 	      LDA	CURR_LEVEL_ROW_SPRITES_PTR_OFFSETS,Y
   3404  714e		       85 08		      STA	PTR2
   3405  7150		       b9 25 1c 	      LDA	CURR_LEVEL_ROW_SPRITES_PTR_PAGES2,Y
   3406  7153		       85 09		      STA	PTR2+1
   3407  7155
   3408  7155		       a4 57		      LDY	$57
   3409  7157		       b1 08		      LDA	(PTR2),Y
   3410  7159
   3411  7159		       c9 03		      CMP	#SPRITE_LADDER
   3412  715b		       f0 20		      BEQ	.is_ladder_or_rope2
   3413  715d		       c9 04		      CMP	#SPRITE_ROPE
   3414  715f		       f0 1c		      BEQ	.is_ladder_or_rope2
   3415  7161
   3416  7161		       a4 56		      LDY	TMP_GUARD_ROW
   3417  7163		       c0 0f		      CPY	#MAX_GAME_ROW
   3418  7165		       f0 16		      BEQ	.is_ladder_or_rope2
   3419  7167
   3420  7167		       b9 06 1c 	      LDA	CURR_LEVEL_ROW_SPRITES_PTR_OFFSETS+1,Y
   3421  716a		       85 08		      STA	PTR2
   3422  716c		       b9 26 1c 	      LDA	CURR_LEVEL_ROW_SPRITES_PTR_PAGES2+1,Y
   3423  716f		       85 09		      STA	PTR2+1
   3424  7171
   3425  7171		       a4 57		      LDY	$57
   3426  7173		       b1 08		      LDA	(PTR2),Y
   3427  7175		       c9 00		      CMP	#SPRITE_EMPTY
   3428  7177		       f0 0d		      BEQ	.end
   3429  7179		       c9 05		      CMP	#SPRITE_TRAP
   3430  717b		       f0 09		      BEQ	.end
   3431  717d
   3432  717d				   .is_ladder_or_rope2
   3433  717d		       a4 57		      LDY	$57
   3434  717f		       c4 00		      CPY	PLAYER_COL
   3435  7181		       d0 c4		      BNE	.loop2
   3436  7183
   3437  7183							; PLAYER_COL == $57:
   3438  7183		       a9 01		      LDA	#GUARD_ACTION_MOVE_LEFT
   3439  7185		       60		      RTS
   3440  7186
   3441  7186				   .end
   3442  7186		       a9 00		      LDA	#GUARD_ACTION_DO_NOTHING
   3443  7188		       85 58		      STA	GUARD_ACTION
   3444  718a		       a9 ff		      LDA	#$FF
   3445  718c		       85 59		      STA	BEST_GUARD_DIST
   3446  718e		       a6 55		      LDX	TMP_GUARD_COL
   3447  7190		       a4 56		      LDY	TMP_GUARD_ROW
   3448  7192		       20 3e 74 	      JSR	DETERMINE_GUARD_LEFT_RIGHT_LIMITS
   3449  7195		       20 75 72 	      JSR	SHOULD_GUARD_MOVE_UP_OR_DOWN
   3450  7198		       20 a2 71 	      JSR	SHOULD_GUARD_MOVE_LEFT
   3451  719b		       20 0c 72 	      JSR	SHOULD_GUARD_MOVE_RIGHT
   3452  719e		       a5 58		      LDA	GUARD_ACTION
   3453  71a0		       60		      RTS
   3454  71a1
   3455  71a1					      ORG	$71A1
   3456  71a1					      SUBROUTINE
   3457  71a1				   .return
   3458  71a1		       60		      RTS
   3459  71a2
   3460  71a2				   SHOULD_GUARD_MOVE_LEFT
   3461  71a2		       a4 5a		      LDY	GUARD_LEFT_COL_LIMIT
   3462  71a4		       c4 55		      CPY	TMP_GUARD_COL
   3463  71a6		       f0 f9		      BEQ	.return
   3464  71a8
   3465  71a8		       a4 56		      LDY	TMP_GUARD_ROW
   3466  71aa		       c0 0f		      CPY	#MAX_GAME_ROW
   3467  71ac		       f0 2c		      BEQ	.check_here
   3468  71ae
   3469  71ae							; Check below:
   3470  71ae
   3471  71ae							; Get background sprite at TMP_GUARD_ROW + 1, col = GUARD_LEFT_COL_LIMIT
   3472  71ae		       b9 06 1c 	      LDA	CURR_LEVEL_ROW_SPRITES_PTR_OFFSETS+1,Y
   3473  71b1		       85 08		      STA	PTR2
   3474  71b3		       b9 26 1c 	      LDA	CURR_LEVEL_ROW_SPRITES_PTR_PAGES2+1,Y
   3475  71b6		       85 09		      STA	PTR2+1
   3476  71b8
   3477  71b8		       a4 5a		      LDY	GUARD_LEFT_COL_LIMIT
   3478  71ba		       b1 08		      LDA	(PTR2),Y
   3479  71bc
   3480  71bc		       c9 01		      CMP	#SPRITE_BRICK
   3481  71be		       f0 1a		      BEQ	.check_here
   3482  71c0		       c9 02		      CMP	#SPRITE_STONE
   3483  71c2		       f0 16		      BEQ	.check_here
   3484  71c4
   3485  71c4		       a6 5a		      LDX	GUARD_LEFT_COL_LIMIT
   3486  71c6		       a4 56		      LDY	TMP_GUARD_ROW
   3487  71c8		       20 9d 73 	      JSR	GUARD_FIND_CANDIDATE_ROW_BELOW
   3488  71cb
   3489  71cb		       a6 5a		      LDX	GUARD_LEFT_COL_LIMIT
   3490  71cd		       20 d4 72 	      JSR	PSEUDO_DISTANCE
   3491  71d0		       c5 59		      CMP	BEST_GUARD_DIST
   3492  71d2		       b0 06		      BCS	.check_here	; dist >= BEST_GUARD_DIST?
   3493  71d4
   3494  71d4							; dist < BEST_GUARD_DIST
   3495  71d4		       85 59		      STA	BEST_GUARD_DIST	; dist
   3496  71d6		       a9 01		      LDA	#GUARD_ACTION_MOVE_LEFT
   3497  71d8		       85 58		      STA	GUARD_ACTION
   3498  71da
   3499  71da				   .check_here
   3500  71da		       a4 56		      LDY	TMP_GUARD_ROW
   3501  71dc		       f0 28		      BEQ	.next
   3502  71de
   3503  71de		       b9 05 1c 	      LDA	CURR_LEVEL_ROW_SPRITES_PTR_OFFSETS,Y
   3504  71e1		       85 08		      STA	PTR2
   3505  71e3		       b9 25 1c 	      LDA	CURR_LEVEL_ROW_SPRITES_PTR_PAGES2,Y
   3506  71e6		       85 09		      STA	PTR2+1
   3507  71e8
   3508  71e8		       a4 5a		      LDY	GUARD_LEFT_COL_LIMIT
   3509  71ea		       b1 08		      LDA	(PTR2),Y
   3510  71ec
   3511  71ec		       c9 03		      CMP	#SPRITE_LADDER
   3512  71ee		       d0 16		      BNE	.next
   3513  71f0
   3514  71f0							; Ladder here
   3515  71f0		       a4 56		      LDY	TMP_GUARD_ROW
   3516  71f2		       a6 5a		      LDX	GUARD_LEFT_COL_LIMIT
   3517  71f4		       20 00 73 	      JSR	GUARD_FIND_CANDIDATE_ROW_ABOVE
   3518  71f7
   3519  71f7		       a6 5a		      LDX	GUARD_LEFT_COL_LIMIT
   3520  71f9		       20 d4 72 	      JSR	PSEUDO_DISTANCE
   3521  71fc		       c5 59		      CMP	BEST_GUARD_DIST
   3522  71fe		       b0 06		      BCS	.next	; dist >= BEST_GUARD_DIST?
   3523  7200
   3524  7200							; dist < BEST_GUARD_DIST
   3525  7200		       85 59		      STA	BEST_GUARD_DIST	; dist
   3526  7202		       a9 01		      LDA	#GUARD_ACTION_MOVE_LEFT
   3527  7204		       85 58		      STA	GUARD_ACTION
   3528  7206
   3529  7206				   .next
   3530  7206		       e6 5a		      INC	GUARD_LEFT_COL_LIMIT
   3531  7208		       4c a2 71 	      JMP	SHOULD_GUARD_MOVE_LEFT
   3532  720b
   3533  720b					      ORG	$720B
   3534  720b					      SUBROUTINE
   3535  720b				   .return
   3536  720b		       60		      RTS
   3537  720c
   3538  720c				   SHOULD_GUARD_MOVE_RIGHT
   3539  720c		       a4 5b		      LDY	GUARD_RIGHT_COL_LIMIT
   3540  720e		       c4 55		      CPY	TMP_GUARD_COL
   3541  7210		       f0 f9		      BEQ	.return
   3542  7212
   3543  7212		       a4 56		      LDY	TMP_GUARD_ROW
   3544  7214		       c0 0f		      CPY	#MAX_GAME_ROW
   3545  7216		       f0 2c		      BEQ	.check_here
   3546  7218
   3547  7218							; Check below:
   3548  7218
   3549  7218							; Get background sprite at TMP_GUARD_ROW + 1, col = GUARD_RIGHT_COL_LIMIT
   3550  7218		       b9 06 1c 	      LDA	CURR_LEVEL_ROW_SPRITES_PTR_OFFSETS+1,Y
   3551  721b		       85 08		      STA	PTR2
   3552  721d		       b9 26 1c 	      LDA	CURR_LEVEL_ROW_SPRITES_PTR_PAGES2+1,Y
   3553  7220		       85 09		      STA	PTR2+1
   3554  7222
   3555  7222		       a4 5b		      LDY	GUARD_RIGHT_COL_LIMIT
   3556  7224		       b1 08		      LDA	(PTR2),Y
   3557  7226
   3558  7226		       c9 01		      CMP	#SPRITE_BRICK
   3559  7228		       f0 1a		      BEQ	.check_here
   3560  722a		       c9 02		      CMP	#SPRITE_STONE
   3561  722c		       f0 16		      BEQ	.check_here
   3562  722e
   3563  722e		       a6 5b		      LDX	GUARD_RIGHT_COL_LIMIT
   3564  7230		       a4 56		      LDY	TMP_GUARD_ROW
   3565  7232		       20 9d 73 	      JSR	GUARD_FIND_CANDIDATE_ROW_BELOW
   3566  7235
   3567  7235		       a6 5b		      LDX	GUARD_RIGHT_COL_LIMIT
   3568  7237		       20 d4 72 	      JSR	PSEUDO_DISTANCE
   3569  723a		       c5 59		      CMP	BEST_GUARD_DIST
   3570  723c		       b0 06		      BCS	.check_here	; dist >= BEST_GUARD_DIST?
   3571  723e
   3572  723e							; dist < BEST_GUARD_DIST
   3573  723e		       85 59		      STA	BEST_GUARD_DIST	; dist
   3574  7240		       a9 02		      LDA	#GUARD_ACTION_MOVE_RIGHT
   3575  7242		       85 58		      STA	GUARD_ACTION
   3576  7244
   3577  7244				   .check_here
   3578  7244		       a4 56		      LDY	TMP_GUARD_ROW
   3579  7246		       f0 28		      BEQ	.next
   3580  7248
   3581  7248		       b9 05 1c 	      LDA	CURR_LEVEL_ROW_SPRITES_PTR_OFFSETS,Y
   3582  724b		       85 08		      STA	PTR2
   3583  724d		       b9 25 1c 	      LDA	CURR_LEVEL_ROW_SPRITES_PTR_PAGES2,Y
   3584  7250		       85 09		      STA	PTR2+1
   3585  7252
   3586  7252		       a4 5b		      LDY	GUARD_RIGHT_COL_LIMIT
   3587  7254		       b1 08		      LDA	(PTR2),Y
   3588  7256
   3589  7256		       c9 03		      CMP	#SPRITE_LADDER
   3590  7258		       d0 16		      BNE	.next
   3591  725a
   3592  725a							; Ladder here
   3593  725a		       a4 56		      LDY	TMP_GUARD_ROW
   3594  725c		       a6 5b		      LDX	GUARD_RIGHT_COL_LIMIT
   3595  725e		       20 00 73 	      JSR	GUARD_FIND_CANDIDATE_ROW_ABOVE
   3596  7261
   3597  7261		       a6 5b		      LDX	GUARD_RIGHT_COL_LIMIT
   3598  7263		       20 d4 72 	      JSR	PSEUDO_DISTANCE
   3599  7266		       c5 59		      CMP	BEST_GUARD_DIST
   3600  7268		       b0 06		      BCS	.next	; dist >= BEST_GUARD_DIST?
   3601  726a
   3602  726a							; dist < BEST_GUARD_DIST
   3603  726a		       85 59		      STA	BEST_GUARD_DIST	; dist
   3604  726c		       a9 02		      LDA	#GUARD_ACTION_MOVE_RIGHT
   3605  726e		       85 58		      STA	GUARD_ACTION
   3606  7270
   3607  7270				   .next
   3608  7270		       c6 5b		      DEC	GUARD_RIGHT_COL_LIMIT
   3609  7272		       4c 0c 72 	      JMP	SHOULD_GUARD_MOVE_RIGHT
   3610  7275
   3611  7275					      ORG	$7275
   3612  7275				   SHOULD_GUARD_MOVE_UP_OR_DOWN
   3613  7275					      SUBROUTINE
   3614  7275
   3615  7275		       a4 56		      LDY	TMP_GUARD_ROW
   3616  7277		       c0 0f		      CPY	#MAX_GAME_ROW
   3617  7279		       f0 2c		      BEQ	.should_guard_move_up
   3618  727b
   3619  727b		       b9 06 1c 	      LDA	CURR_LEVEL_ROW_SPRITES_PTR_OFFSETS+1,Y
   3620  727e		       85 08		      STA	PTR2
   3621  7280		       b9 26 1c 	      LDA	CURR_LEVEL_ROW_SPRITES_PTR_PAGES2+1,Y
   3622  7283		       85 09		      STA	PTR2+1
   3623  7285
   3624  7285		       a4 55		      LDY	TMP_GUARD_COL
   3625  7287		       b1 08		      LDA	(PTR2),Y
   3626  7289
   3627  7289		       c9 01		      CMP	#SPRITE_BRICK
   3628  728b		       f0 1a		      BEQ	.should_guard_move_up
   3629  728d		       c9 02		      CMP	#SPRITE_STONE
   3630  728f		       f0 16		      BEQ	.should_guard_move_up
   3631  7291
   3632  7291		       a6 55		      LDX	TMP_GUARD_COL
   3633  7293		       a4 56		      LDY	TMP_GUARD_ROW
   3634  7295		       20 9d 73 	      JSR	GUARD_FIND_CANDIDATE_ROW_BELOW
   3635  7298		       a6 55		      LDX	TMP_GUARD_COL
   3636  729a		       20 d4 72 	      JSR	PSEUDO_DISTANCE
   3637  729d		       c5 59		      CMP	BEST_GUARD_DIST
   3638  729f		       b0 06		      BCS	.should_guard_move_up
   3639  72a1		       85 59		      STA	BEST_GUARD_DIST
   3640  72a3		       a9 04		      LDA	#GUARD_ACTION_MOVE_DOWN
   3641  72a5		       85 58		      STA	GUARD_ACTION
   3642  72a7
   3643  72a7				   .should_guard_move_up
   3644  72a7		       a4 56		      LDY	TMP_GUARD_ROW
   3645  72a9		       f0 28		      BEQ	.end
   3646  72ab
   3647  72ab		       b9 05 1c 	      LDA	CURR_LEVEL_ROW_SPRITES_PTR_OFFSETS,Y
   3648  72ae		       85 08		      STA	PTR2
   3649  72b0		       b9 25 1c 	      LDA	CURR_LEVEL_ROW_SPRITES_PTR_PAGES2,Y
   3650  72b3		       85 09		      STA	PTR2+1
   3651  72b5
   3652  72b5		       a4 55		      LDY	TMP_GUARD_COL
   3653  72b7		       b1 08		      LDA	(PTR2),Y
   3654  72b9
   3655  72b9		       c9 03		      CMP	#SPRITE_LADDER
   3656  72bb		       d0 16		      BNE	.end
   3657  72bd							; ladder
   3658  72bd
   3659  72bd		       a6 55		      LDX	TMP_GUARD_COL
   3660  72bf		       a4 56		      LDY	TMP_GUARD_ROW
   3661  72c1		       20 00 73 	      JSR	GUARD_FIND_CANDIDATE_ROW_ABOVE
   3662  72c4		       a6 55		      LDX	TMP_GUARD_COL
   3663  72c6		       20 d4 72 	      JSR	PSEUDO_DISTANCE
   3664  72c9		       c5 59		      CMP	BEST_GUARD_DIST
   3665  72cb		       b0 06		      BCS	.end
   3666  72cd		       85 59		      STA	BEST_GUARD_DIST
   3667  72cf		       a9 03		      LDA	#GUARD_ACTION_MOVE_UP
   3668  72d1		       85 58		      STA	GUARD_ACTION
   3669  72d3
   3670  72d3				   .end
   3671  72d3		       60		      RTS
   3672  72d4
   3673  72d4					      ORG	$72D4
   3674  72d4				   PSEUDO_DISTANCE
   3675  72d4					      SUBROUTINE
   3676  72d4
   3677  72d4		       85 1a		      STA	TMP
   3678  72d6		       c5 01		      CMP	PLAYER_ROW
   3679  72d8		       d0 11		      BNE	.tmp_not_player_row
   3680  72da
   3681  72da							; TMP == PLAYER_ROW
   3682  72da							; return | X - GUARD_LOC_COL |
   3683  72da
   3684  72da		       e4 12		      CPX	GUARD_LOC_COL
   3685  72dc		       90 05		      BCC	.x_lt_guard_col
   3686  72de
   3687  72de							; X >= GUARD_LOC_COL
   3688  72de		       8a		      TXA
   3689  72df							; A = X - GUARD_LOC_COL
   3690  72df		       38		      SEC
   3691  72e0		       e5 12		      SBC	GUARD_LOC_COL
   3692  72e2		       60		      RTS
   3693  72e3
   3694  72e3				   .x_lt_guard_col
   3695  72e3		       86 1a		      STX	TMP
   3696  72e5
   3697  72e5							; A = GUARD_LOC_COL - X
   3698  72e5		       a5 12		      LDA	GUARD_LOC_COL
   3699  72e7		       38		      SEC
   3700  72e8		       e5 1a		      SBC	TMP
   3701  72ea		       60		      RTS
   3702  72eb
   3703  72eb				   .tmp_not_player_row
   3704  72eb							; If TMP >= PLAYER_ROW, return 200 + | TMP - PLAYER_ROW |
   3705  72eb							; otherwise return 100 + | TMP - PLAYER_ROW |
   3706  72eb
   3707  72eb		       90 07		      BCC	.tmp_lt_player_row
   3708  72ed
   3709  72ed							; TMP >= PLAYER_ROW
   3710  72ed							; A = TMP - PLAYER_ROW + 200
   3711  72ed		       38		      SEC
   3712  72ee		       e5 01		      SBC	PLAYER_ROW
   3713  72f0		       18		      CLC
   3714  72f1		       69 c8		      ADC	#200
   3715  72f3		       60		      RTS
   3716  72f4
   3717  72f4				   .tmp_lt_player_row
   3718  72f4							; A = PLAYER_ROW - TMP + 100
   3719  72f4		       a5 01		      LDA	PLAYER_ROW
   3720  72f6		       38		      SEC
   3721  72f7		       e5 1a		      SBC	TMP
   3722  72f9		       18		      CLC
   3723  72fa		       69 64		      ADC	#100
   3724  72fc		       60		      RTS
   3725  72fd
   3726  72fd					      ORG	$72FD
   3727  72fd					      SUBROUTINE
   3728  72fd				   .not_ladder
   3729  72fd		       a5 5e		      LDA	CHECK_TMP_ROW	; row
   3730  72ff		       60		      RTS
   3731  7300
   3732  7300				   GUARD_FIND_CANDIDATE_ROW_ABOVE
   3733  7300		       84 5e		      STY	CHECK_TMP_ROW	; row
   3734  7302		       86 5d		      STX	CHECK_TMP_COL	; col
   3735  7304
   3736  7304				   .loop
   3737  7304		       b9 05 1c 	      LDA	CURR_LEVEL_ROW_SPRITES_PTR_OFFSETS,Y
   3738  7307		       85 08		      STA	PTR2
   3739  7309		       b9 25 1c 	      LDA	CURR_LEVEL_ROW_SPRITES_PTR_PAGES2,Y
   3740  730c		       85 09		      STA	PTR2+1
   3741  730e
   3742  730e		       a4 5d		      LDY	CHECK_TMP_COL	; col
   3743  7310		       b1 08		      LDA	(PTR2),Y	; sprite on background
   3744  7312
   3745  7312		       c9 03		      CMP	#SPRITE_LADDER
   3746  7314		       d0 e7		      BNE	.not_ladder	; no ladder at row, col -> just return row.
   3747  7316
   3748  7316							; There is a ladder at row, col
   3749  7316		       c6 5e		      DEC	CHECK_TMP_ROW	; row--     ; up one
   3750  7318		       a4 5d		      LDY	CHECK_TMP_COL	; col
   3751  731a		       f0 2e		      BEQ	.at_leftmost
   3752  731c
   3753  731c		       88		      DEY		; to left (col-1)
   3754  731d		       b1 08		      LDA	(PTR2),Y
   3755  731f
   3756  731f							; To left of ladder is brick, stone, or ladder: .blocked_on_left
   3757  731f		       c9 01		      CMP	#SPRITE_BRICK
   3758  7321		       f0 1d		      BEQ	.blocked_on_left
   3759  7323		       c9 02		      CMP	#SPRITE_STONE
   3760  7325		       f0 19		      BEQ	.blocked_on_left
   3761  7327		       c9 03		      CMP	#SPRITE_LADDER
   3762  7329		       f0 15		      BEQ	.blocked_on_left
   3763  732b
   3764  732b		       a4 5e		      LDY	CHECK_TMP_ROW	; row (that is now up one)
   3765  732d		       b9 05 1c 	      LDA	CURR_LEVEL_ROW_SPRITES_PTR_OFFSETS,Y
   3766  7330		       85 08		      STA	PTR2
   3767  7332		       b9 25 1c 	      LDA	CURR_LEVEL_ROW_SPRITES_PTR_PAGES2,Y
   3768  7335		       85 09		      STA	PTR2+1
   3769  7337
   3770  7337		       a4 5d		      LDY	CHECK_TMP_COL	; col
   3771  7339		       88		      DEY
   3772  733a		       b1 08		      LDA	(PTR2),Y	; sprite on background
   3773  733c
   3774  733c		       c9 04		      CMP	#SPRITE_ROPE
   3775  733e		       d0 0a		      BNE	.at_leftmost
   3776  7340
   3777  7340							; There is a rope above the ladder
   3778  7340
   3779  7340				   .blocked_on_left
   3780  7340							; If row <= PLAYER_ROW (on or above player row), return row
   3781  7340		       a4 5e		      LDY	CHECK_TMP_ROW	; row
   3782  7342		       84 5c		      STY	SCRATCH_5C
   3783  7344		       c4 01		      CPY	PLAYER_ROW
   3784  7346		       90 4f		      BCC	.return_scratch_5C
   3785  7348		       f0 4d		      BEQ	.return_scratch_5C
   3786  734a
   3787  734a				   .at_leftmost
   3788  734a		       a4 5d		      LDY	CHECK_TMP_COL	; col
   3789  734c		       c0 1b		      CPY	#MAX_GAME_COL
   3790  734e		       f0 3c		      BEQ	.at_rightmost
   3791  7350
   3792  7350							; Look at background sprite below and to the right
   3793  7350		       a4 5e		      LDY	CHECK_TMP_ROW	; row
   3794  7352		       b9 06 1c 	      LDA	CURR_LEVEL_ROW_SPRITES_PTR_OFFSETS+1,Y
   3795  7355		       85 08		      STA	PTR2
   3796  7357		       b9 26 1c 	      LDA	CURR_LEVEL_ROW_SPRITES_PTR_PAGES2+1,Y
   3797  735a		       85 09		      STA	PTR2+1
   3798  735c
   3799  735c		       a4 5d		      LDY	CHECK_TMP_COL
   3800  735e		       c8		      INY
   3801  735f		       b1 08		      LDA	(PTR2),Y	; get background sprite at row+1, col+1
   3802  7361
   3803  7361							; Below and to the right of ladder is brick, stone, or ladder: .blocked_below
   3804  7361		       c9 01		      CMP	#SPRITE_BRICK
   3805  7363		       f0 1d		      BEQ	.blocked_below
   3806  7365		       c9 02		      CMP	#SPRITE_STONE
   3807  7367		       f0 19		      BEQ	.blocked_below
   3808  7369		       c9 03		      CMP	#SPRITE_LADDER
   3809  736b		       f0 15		      BEQ	.blocked_below
   3810  736d
   3811  736d							; Look at background sprite to the right
   3812  736d		       a4 5e		      LDY	CHECK_TMP_ROW	; row
   3813  736f		       b9 05 1c 	      LDA	CURR_LEVEL_ROW_SPRITES_PTR_OFFSETS,Y
   3814  7372		       85 08		      STA	PTR2
   3815  7374		       b9 25 1c 	      LDA	CURR_LEVEL_ROW_SPRITES_PTR_PAGES2,Y
   3816  7377		       85 09		      STA	PTR2+1
   3817  7379
   3818  7379		       a4 5d		      LDY	CHECK_TMP_COL	; col
   3819  737b		       c8		      INY
   3820  737c		       b1 08		      LDA	(PTR2),Y	; get background sprite at row, col+1
   3821  737e
   3822  737e		       c9 04		      CMP	#SPRITE_ROPE
   3823  7380		       d0 0a		      BNE	.at_rightmost
   3824  7382
   3825  7382							; There is a rope to the right of the ladder
   3826  7382
   3827  7382				   .blocked_below
   3828  7382							; If row <= PLAYER_ROW (on or above player row), return row
   3829  7382		       a4 5e		      LDY	CHECK_TMP_ROW	; row
   3830  7384		       84 5c		      STY	SCRATCH_5C
   3831  7386		       c4 01		      CPY	PLAYER_ROW
   3832  7388		       90 0d		      BCC	.return_scratch_5C
   3833  738a		       f0 0b		      BEQ	.return_scratch_5C
   3834  738c
   3835  738c				   .at_rightmost
   3836  738c							; If row < 1, return row, otherwise loop.
   3837  738c		       a4 5e		      LDY	CHECK_TMP_ROW	; row
   3838  738e		       c0 01		      CPY	#$01
   3839  7390		       90 03		      BCC	.return_Y
   3840  7392		       4c 04 73 	      JMP	.loop
   3841  7395
   3842  7395				   .return_Y
   3843  7395		       98		      TYA
   3844  7396		       60		      RTS
   3845  7397
   3846  7397				   .return_scratch_5C
   3847  7397		       a5 5c		      LDA	SCRATCH_5C
   3848  7399		       60		      RTS
   3849  739a
   3850  739a
   3851  739a							; Disk routines
   3852  739a
   3853  739a		       00 36	   INDIRECT_TARGET EQU	$36	; Init with DEFAULT_INDIRECT_TARGET
   3854  739a		       00 38	   DISABLE_INTS_CALL_RWTS_PTR EQU	$38	; Init with DISABLE_INTS_CALL_RWTS
   3855  739a		       b7 b5	   DISABLE_INTS_CALL_RWTS EQU	$B7B5
   3856  739a
   3857  739a		       00 23	   JMP_RWTS   EQU	$23	; JMP $0000, gets loaded with RWTS address later
   3858  739a
   3859  739a					      ORG	$739A
   3860  739a					      SUBROUTINE
   3861  739a				   .return_tmp_row
   3862  739a		       a5 5e		      LDA	CHECK_TMP_ROW
   3863  739c		       60		      RTS
   3864  739d
   3865  739d				   GUARD_FIND_CANDIDATE_ROW_BELOW
   3866  739d		       84 5e		      STY	CHECK_TMP_ROW
   3867  739f		       86 5d		      STX	CHECK_TMP_COL
   3868  73a1
   3869  73a1							; for CHECK_TMP_ROW = Y; CHECK_TMP_ROW <= MAX_GAME_ROW; CHECK_TMP_ROW++
   3870  73a1
   3871  73a1				   .loop
   3872  73a1							; if background sprite below tmp coords is brick or stone, return tmp row.
   3873  73a1
   3874  73a1		       b9 06 1c 	      LDA	CURR_LEVEL_ROW_SPRITES_PTR_OFFSETS+1,Y
   3875  73a4		       85 08		      STA	PTR2
   3876  73a6		       b9 26 1c 	      LDA	CURR_LEVEL_ROW_SPRITES_PTR_PAGES2+1,Y
   3877  73a9		       85 09		      STA	PTR2+1
   3878  73ab
   3879  73ab		       a4 5d		      LDY	CHECK_TMP_COL
   3880  73ad		       b1 08		      LDA	(PTR2),Y
   3881  73af
   3882  73af		       c9 01		      CMP	#SPRITE_BRICK
   3883  73b1		       f0 e7		      BEQ	.return_tmp_row
   3884  73b3		       c9 02		      CMP	#SPRITE_STONE
   3885  73b5		       f0 e3		      BEQ	.return_tmp_row
   3886  73b7
   3887  73b7							; Not brick or stone below
   3888  73b7							; if background sprite at tmp coords is empty, then next tmp row.
   3889  73b7
   3890  73b7		       a4 5e		      LDY	CHECK_TMP_ROW
   3891  73b9		       b9 05 1c 	      LDA	CURR_LEVEL_ROW_SPRITES_PTR_OFFSETS,Y
   3892  73bc		       85 08		      STA	PTR2
   3893  73be		       b9 25 1c 	      LDA	CURR_LEVEL_ROW_SPRITES_PTR_PAGES2,Y
   3894  73c1		       85 09		      STA	PTR2+1
   3895  73c3
   3896  73c3		       a4 5d		      LDY	CHECK_TMP_COL
   3897  73c5		       b1 08		      LDA	(PTR2),Y
   3898  73c7
   3899  73c7		       c9 00		      CMP	#SPRITE_EMPTY
   3900  73c9		       f0 62		      BEQ	.next
   3901  73cb
   3902  73cb		       c0 00		      CPY	#$00
   3903  73cd		       f0 2c		      BEQ	.check_right	; cannot check to left
   3904  73cf
   3905  73cf							; if background sprite to left of tmp coords is rope,
   3906  73cf							; then tmp_row -> curr_tmp_row
   3907  73cf		       88		      DEY
   3908  73d0		       b1 08		      LDA	(PTR2),Y	; Check to left
   3909  73d2
   3910  73d2		       c9 04		      CMP	#SPRITE_ROPE
   3911  73d4		       f0 1d		      BEQ	.store_as_curr_tmp_row
   3912  73d6
   3913  73d6							; if background sprite to left and below tmp coords is brick, stone, or ladder,
   3914  73d6							; then tmp_row -> curr_tmp_row
   3915  73d6		       a4 5e		      LDY	CHECK_TMP_ROW
   3916  73d8		       b9 06 1c 	      LDA	CURR_LEVEL_ROW_SPRITES_PTR_OFFSETS+1,Y
   3917  73db		       85 08		      STA	PTR2
   3918  73dd		       b9 26 1c 	      LDA	CURR_LEVEL_ROW_SPRITES_PTR_PAGES2+1,Y
   3919  73e0		       85 09		      STA	PTR2+1
   3920  73e2
   3921  73e2		       a4 5d		      LDY	CHECK_TMP_COL
   3922  73e4		       88		      DEY
   3923  73e5		       b1 08		      LDA	(PTR2),Y
   3924  73e7
   3925  73e7		       c9 01		      CMP	#SPRITE_BRICK
   3926  73e9		       f0 08		      BEQ	.store_as_curr_tmp_row
   3927  73eb		       c9 02		      CMP	#SPRITE_STONE
   3928  73ed		       f0 04		      BEQ	.store_as_curr_tmp_row
   3929  73ef		       c9 03		      CMP	#SPRITE_LADDER
   3930  73f1		       d0 08		      BNE	.check_right
   3931  73f3
   3932  73f3							; Otherwise check right
   3933  73f3
   3934  73f3				   .store_as_curr_tmp_row
   3935  73f3							; Store tmp row as curr tmp row, and if at or below player, return curr tmp row.
   3936  73f3		       a4 5e		      LDY	CHECK_TMP_ROW
   3937  73f5		       84 5c		      STY	CHECK_CURR_TMP_ROW
   3938  73f7		       c4 01		      CPY	PLAYER_ROW
   3939  73f9		       b0 40		      BCS	.return_curr_tmp_row
   3940  73fb							; CHECK_TMP_ROW < PLAYER_ROW
   3941  73fb
   3942  73fb				   .check_right
   3943  73fb		       a4 5d		      LDY	CHECK_TMP_COL
   3944  73fd		       c0 1b		      CPY	#MAX_GAME_COL
   3945  73ff		       b0 2c		      BCS	.next	; can't check right
   3946  7401
   3947  7401							; if background sprite to right is rope,
   3948  7401							; then tmp_row -> curr_tmp_row
   3949  7401		       c8		      INY
   3950  7402		       b1 08		      LDA	(PTR2),Y
   3951  7404
   3952  7404		       c9 04		      CMP	#SPRITE_ROPE
   3953  7406		       f0 1d		      BEQ	.store_as_curr_tmp_row_2
   3954  7408
   3955  7408							; if background sprite to right and below tmp coords is brick, stone, or ladder,
   3956  7408							; then tmp_row -> curr_tmp_row
   3957  7408		       a4 5e		      LDY	CHECK_TMP_ROW
   3958  740a		       b9 06 1c 	      LDA	CURR_LEVEL_ROW_SPRITES_PTR_OFFSETS+1,Y
   3959  740d		       85 08		      STA	PTR2
   3960  740f		       b9 26 1c 	      LDA	CURR_LEVEL_ROW_SPRITES_PTR_PAGES2+1,Y
   3961  7412		       85 09		      STA	PTR2+1
   3962  7414
   3963  7414		       a4 5d		      LDY	CHECK_TMP_COL
   3964  7416		       c8		      INY
   3965  7417		       b1 08		      LDA	(PTR2),Y
   3966  7419
   3967  7419		       c9 01		      CMP	#SPRITE_BRICK
   3968  741b		       f0 08		      BEQ	.store_as_curr_tmp_row_2
   3969  741d		       c9 03		      CMP	#SPRITE_LADDER
   3970  741f		       f0 04		      BEQ	.store_as_curr_tmp_row_2
   3971  7421		       c9 02		      CMP	#SPRITE_STONE
   3972  7423		       d0 08		      BNE	.next
   3973  7425							; Brick, ladder, or stone.
   3974  7425
   3975  7425				   .store_as_curr_tmp_row_2
   3976  7425		       a4 5e		      LDY	CHECK_TMP_ROW
   3977  7427		       84 5c		      STY	CHECK_CURR_TMP_ROW
   3978  7429		       c4 01		      CPY	PLAYER_ROW
   3979  742b		       b0 0e		      BCS	.return_curr_tmp_row
   3980  742d							; CHECK_TMP_ROW < PLAYER_ROW
   3981  742d
   3982  742d				   .next
   3983  742d		       e6 5e		      INC	CHECK_TMP_ROW
   3984  742f		       a4 5e		      LDY	CHECK_TMP_ROW
   3985  7431		       c0 10		      CPY	#MAX_GAME_ROW+1
   3986  7433		       b0 03		      BCS	.return_max_game_row
   3987  7435		       4c a1 73 	      JMP	.loop
   3988  7438
   3989  7438				   .return_max_game_row
   3990  7438		       a9 0f		      LDA	#MAX_GAME_ROW
   3991  743a		       60		      RTS
   3992  743b
   3993  743b				   .return_curr_tmp_row
   3994  743b		       a5 5c		      LDA	CHECK_CURR_TMP_ROW
   3995  743d		       60		      RTS
   3996  743e
   3997  743e					      ORG	$743E
   3998  743e				   DETERMINE_GUARD_LEFT_RIGHT_LIMITS
   3999  743e					      SUBROUTINE
   4000  743e
   4001  743e		       86 5a		      STX	GUARD_LEFT_COL_LIMIT
   4002  7440		       86 5b		      STX	GUARD_RIGHT_COL_LIMIT
   4003  7442		       84 1b		      STY	ROWNUM
   4004  7444
   4005  7444				   .loop
   4006  7444		       a5 5a		      LDA	GUARD_LEFT_COL_LIMIT
   4007  7446		       f0 48		      BEQ	.loop2
   4008  7448
   4009  7448		       a4 1b		      LDY	ROWNUM
   4010  744a		       b9 05 1c 	      LDA	CURR_LEVEL_ROW_SPRITES_PTR_OFFSETS,Y
   4011  744d		       85 06		      STA	PTR1
   4012  744f		       b9 15 1c 	      LDA	CURR_LEVEL_ROW_SPRITES_PTR_PAGES,Y
   4013  7452		       85 07		      STA	PTR1+1
   4014  7454
   4015  7454		       a4 5a		      LDY	GUARD_LEFT_COL_LIMIT
   4016  7456		       88		      DEY
   4017  7457		       b1 06		      LDA	(PTR1),Y
   4018  7459
   4019  7459		       c9 01		      CMP	#SPRITE_BRICK
   4020  745b		       f0 33		      BEQ	.loop2
   4021  745d		       c9 02		      CMP	#SPRITE_STONE
   4022  745f		       f0 2f		      BEQ	.loop2
   4023  7461
   4024  7461		       c9 03		      CMP	#SPRITE_LADDER
   4025  7463		       f0 25		      BEQ	.next
   4026  7465		       c9 04		      CMP	#SPRITE_ROPE
   4027  7467		       f0 21		      BEQ	.next
   4028  7469
   4029  7469		       a4 1b		      LDY	ROWNUM
   4030  746b		       c0 0f		      CPY	#MAX_GAME_ROW
   4031  746d		       f0 1b		      BEQ	.next
   4032  746f
   4033  746f		       b9 06 1c 	      LDA	CURR_LEVEL_ROW_SPRITES_PTR_OFFSETS+1,Y
   4034  7472		       85 08		      STA	PTR2
   4035  7474		       b9 26 1c 	      LDA	CURR_LEVEL_ROW_SPRITES_PTR_PAGES2+1,Y
   4036  7477		       85 09		      STA	PTR2+1
   4037  7479
   4038  7479		       a4 5a		      LDY	GUARD_LEFT_COL_LIMIT
   4039  747b		       88		      DEY
   4040  747c		       b1 08		      LDA	(PTR2),Y
   4041  747e
   4042  747e		       c9 01		      CMP	#SPRITE_BRICK
   4043  7480		       f0 08		      BEQ	.next
   4044  7482		       c9 02		      CMP	#SPRITE_STONE
   4045  7484		       f0 04		      BEQ	.next
   4046  7486		       c9 03		      CMP	#SPRITE_LADDER
   4047  7488		       d0 04		      BNE	.end_loop
   4048  748a
   4049  748a				   .next
   4050  748a		       c6 5a		      DEC	GUARD_LEFT_COL_LIMIT
   4051  748c		       10 b6		      BPL	.loop
   4052  748e
   4053  748e				   .end_loop
   4054  748e		       c6 5a		      DEC	GUARD_LEFT_COL_LIMIT
   4055  7490
   4056  7490				   .loop2
   4057  7490		       a5 5b		      LDA	GUARD_RIGHT_COL_LIMIT
   4058  7492		       c9 1b		      CMP	#MAX_GAME_COL
   4059  7494		       f0 48		      BEQ	.end
   4060  7496
   4061  7496		       a4 1b		      LDY	ROWNUM
   4062  7498		       b9 05 1c 	      LDA	CURR_LEVEL_ROW_SPRITES_PTR_OFFSETS,Y
   4063  749b		       85 06		      STA	PTR1
   4064  749d		       b9 15 1c 	      LDA	CURR_LEVEL_ROW_SPRITES_PTR_PAGES,Y
   4065  74a0		       85 07		      STA	PTR1+1
   4066  74a2
   4067  74a2		       a4 5b		      LDY	GUARD_RIGHT_COL_LIMIT
   4068  74a4		       c8		      INY
   4069  74a5		       b1 06		      LDA	(PTR1),Y
   4070  74a7
   4071  74a7		       c9 01		      CMP	#SPRITE_BRICK
   4072  74a9		       f0 33		      BEQ	.end
   4073  74ab		       c9 02		      CMP	#SPRITE_STONE
   4074  74ad		       f0 2f		      BEQ	.end
   4075  74af
   4076  74af		       c9 03		      CMP	#SPRITE_LADDER
   4077  74b1		       f0 25		      BEQ	.next_loop2
   4078  74b3		       c9 04		      CMP	#SPRITE_ROPE
   4079  74b5		       f0 21		      BEQ	.next_loop2
   4080  74b7
   4081  74b7		       a4 1b		      LDY	ROWNUM
   4082  74b9		       c0 0f		      CPY	#MAX_GAME_ROW
   4083  74bb		       f0 1b		      BEQ	.next_loop2
   4084  74bd
   4085  74bd		       b9 06 1c 	      LDA	CURR_LEVEL_ROW_SPRITES_PTR_OFFSETS+1,Y
   4086  74c0		       85 08		      STA	PTR2
   4087  74c2		       b9 26 1c 	      LDA	CURR_LEVEL_ROW_SPRITES_PTR_PAGES2+1,Y
   4088  74c5		       85 09		      STA	PTR2+1
   4089  74c7
   4090  74c7		       a4 5b		      LDY	GUARD_RIGHT_COL_LIMIT
   4091  74c9		       c8		      INY
   4092  74ca		       b1 08		      LDA	(PTR2),Y
   4093  74cc
   4094  74cc		       c9 01		      CMP	#SPRITE_BRICK
   4095  74ce		       f0 08		      BEQ	.next_loop2
   4096  74d0		       c9 02		      CMP	#SPRITE_STONE
   4097  74d2		       f0 04		      BEQ	.next_loop2
   4098  74d4		       c9 03		      CMP	#SPRITE_LADDER
   4099  74d6		       d0 04		      BNE	.end_loop2
   4100  74d8
   4101  74d8				   .next_loop2
   4102  74d8		       e6 5b		      INC	GUARD_RIGHT_COL_LIMIT
   4103  74da		       10 b4		      BPL	.loop2
   4104  74dc
   4105  74dc				   .end_loop2
   4106  74dc		       e6 5b		      INC	GUARD_RIGHT_COL_LIMIT
   4107  74de
   4108  74de				   .end
   4109  74de		       60		      RTS
   4110  74df
   4111  74df					      ORG	$74DF
   4112  74df				   GET_GUARD_SPRITE_AND_COORDS
   4113  74df					      SUBROUTINE
   4114  74df
   4115  74df		       a6 12		      LDX	GUARD_LOC_COL
   4116  74e1		       a4 17		      LDY	GUARD_X_ADJ
   4117  74e3		       20 8f 88 	      JSR	GET_HALF_SCREEN_COL_OFFSET_IN_Y_FOR
   4118  74e6		       86 1e		      STX	SPRITE_NUM
   4119  74e8
   4120  74e8		       a4 13		      LDY	GUARD_LOC_ROW
   4121  74ea		       a6 18		      LDX	GUARD_Y_ADJ
   4122  74ec		       20 7c 88 	      JSR	GET_SCREEN_ROW_OFFSET_IN_X_FOR
   4123  74ef		       a6 14		      LDX	GUARD_ANIM_STATE
   4124  74f1		       bd cb 6c 	      LDA	GUARD_ANIM_SPRITES,X
   4125  74f4
   4126  74f4		       a6 1e		      LDX	SPRITE_NUM
   4127  74f6		       60		      RTS
   4128  74f7
   4129  74f7					      ORG	$74F7
   4130  74f7				   CHECK_FOR_GOLD_PICKED_UP_BY_GUARD
   4131  74f7					      SUBROUTINE
   4132  74f7
   4133  74f7		       a5 17		      LDA	GUARD_X_ADJ
   4134  74f9		       c9 02		      CMP	#$02
   4135  74fb		       d0 40		      BNE	.end
   4136  74fd		       a5 18		      LDA	GUARD_Y_ADJ
   4137  74ff		       c9 02		      CMP	#$02
   4138  7501		       d0 3a		      BNE	.end
   4139  7503
   4140  7503		       a4 13		      LDY	GUARD_LOC_ROW
   4141  7505		       b9 05 1c 	      LDA	CURR_LEVEL_ROW_SPRITES_PTR_OFFSETS,Y
   4142  7508		       85 08		      STA	PTR2
   4143  750a		       b9 25 1c 	      LDA	CURR_LEVEL_ROW_SPRITES_PTR_PAGES2,Y
   4144  750d		       85 09		      STA	PTR2+1
   4145  750f
   4146  750f		       a4 12		      LDY	GUARD_LOC_COL
   4147  7511		       b1 08		      LDA	(PTR2),Y
   4148  7513
   4149  7513		       c9 07		      CMP	#SPRITE_GOLD
   4150  7515		       d0 26		      BNE	.end
   4151  7517
   4152  7517		       a5 16		      LDA	GUARD_GOLD_TIMER	; Does guard have gold already?
   4153  7519		       30 22		      BMI	.end
   4154  751b
   4155  751b		       a9 ff		      LDA	#$FF
   4156  751d		       38		      SEC
   4157  751e		       e5 53		      SBC	$53
   4158  7520		       85 16		      STA	GUARD_GOLD_TIMER	; GUARD_GOLD_TIMER = 0xFF - $53
   4159  7522
   4160  7522							; Remove gold from screen
   4161  7522		       a9 00		      LDA	#SPRITE_EMPTY
   4162  7524		       91 08		      STA	(PTR2),Y
   4163  7526		       a4 13		      LDY	GUARD_LOC_ROW
   4164  7528		       84 86		      STY	GAME_ROWNUM
   4165  752a		       a4 12		      LDY	GUARD_LOC_COL
   4166  752c		       84 85		      STY	GAME_COLNUM
   4167  752e		       20 b0 82 	      JSR	DRAW_SPRITE_PAGE2
   4168  7531
   4169  7531		       a4 86		      LDY	GAME_ROWNUM
   4170  7533		       a6 85		      LDX	GAME_COLNUM
   4171  7535		       20 5d 88 	      JSR	GET_SCREEN_COORDS_FOR
   4172  7538		       a9 07		      LDA	#SPRITE_GOLD
   4173  753a		       4c 36 83 	      JMP	ERASE_SPRITE_AT_PIXEL_COORDS	; tailcall
   4174  753d
   4175  753d				   .end
   4176  753d		       60		      RTS
   4177  753e
   4178  753e					      ORG	$753E
   4179  753e				   GUARD_DROP_GOLD
   4180  753e					      SUBROUTINE
   4181  753e
   4182  753e		       a5 16		      LDA	GUARD_GOLD_TIMER
   4183  7540		       10 31		      BPL	.end
   4184  7542		       e6 16		      INC	GUARD_GOLD_TIMER
   4185  7544		       d0 2d		      BNE	.end
   4186  7546
   4187  7546							; GUARD_GOLD_TIMER == 0
   4188  7546		       a4 13		      LDY	GUARD_LOC_ROW
   4189  7548		       84 86		      STY	GAME_ROWNUM
   4190  754a		       b9 05 1c 	      LDA	CURR_LEVEL_ROW_SPRITES_PTR_OFFSETS,Y
   4191  754d		       85 08		      STA	PTR2
   4192  754f		       b9 25 1c 	      LDA	CURR_LEVEL_ROW_SPRITES_PTR_PAGES2,Y
   4193  7552		       85 09		      STA	PTR2+1
   4194  7554
   4195  7554		       a4 12		      LDY	GUARD_LOC_COL
   4196  7556		       84 85		      STY	GAME_COLNUM
   4197  7558		       b1 08		      LDA	(PTR2),Y
   4198  755a
   4199  755a		       c9 00		      CMP	#SPRITE_EMPTY
   4200  755c		       d0 13		      BNE	.decrement_flag_0
   4201  755e
   4202  755e							; Put gold at location
   4203  755e		       a9 07		      LDA	#SPRITE_GOLD
   4204  7560		       91 08		      STA	(PTR2),Y
   4205  7562		       20 b0 82 	      JSR	DRAW_SPRITE_PAGE2
   4206  7565		       a4 86		      LDY	GAME_ROWNUM
   4207  7567		       a6 85		      LDX	GAME_COLNUM
   4208  7569		       20 5d 88 	      JSR	GET_SCREEN_COORDS_FOR
   4209  756c		       a9 07		      LDA	#SPRITE_GOLD
   4210  756e		       4c a7 83 	      JMP	DRAW_SPRITE_AT_PIXEL_COORDS
   4211  7571
   4212  7571				   .decrement_flag_0
   4213  7571		       c6 16		      DEC	GUARD_GOLD_TIMER
   4214  7573
   4215  7573				   .end
   4216  7573		       60		      RTS
   4217  7574
   4218  7574					      ORG	$7574
   4219  7574				   INC_GUARD_ANIM_STATE
   4220  7574					      SUBROUTINE
   4221  7574
   4222  7574		       e6 14		      INC	GUARD_ANIM_STATE
   4223  7576		       c5 14		      CMP	GUARD_ANIM_STATE
   4224  7578		       90 03		      BCC	.check_upper_bound	; lower bound < GUARD_ANIM_STATE?
   4225  757a							; otherwise PLAYER_ANIM_STATE <= lower bound:
   4226  757a
   4227  757a				   .write_lower_bound
   4228  757a		       85 14		      STA	GUARD_ANIM_STATE	; GUARD_ANIM_STATE = lower bound
   4229  757c		       60		      RTS
   4230  757d
   4231  757d				   .check_upper_bound
   4232  757d		       e4 14		      CPX	GUARD_ANIM_STATE
   4233  757f		       90 f9		      BCC	.write_lower_bound	; GUARD_ANIM_STATE > upper bound?
   4234  7581							; otherwise GUARD_ANIM_STATE <= upper bound:
   4235  7581		       60		      RTS
   4236  7582
   4237  7582					      ORG	$7582
   4238  7582				   NUDGE_GUARD_TOWARDS_EXACT_COLUMN
   4239  7582					      SUBROUTINE
   4240  7582
   4241  7582		       a5 17		      LDA	GUARD_X_ADJ
   4242  7584		       c9 02		      CMP	#$02
   4243  7586		       90 07		      BCC	.slightly_left
   4244  7588		       f0 0a		      BEQ	.end
   4245  758a
   4246  758a				   .slightly_right
   4247  758a		       c6 17		      DEC	GUARD_X_ADJ	; Nudge guard left
   4248  758c		       4c f7 74 	      JMP	CHECK_FOR_GOLD_PICKED_UP_BY_GUARD
   4249  758f
   4250  758f				   .slightly_left
   4251  758f		       e6 17		      INC	GUARD_X_ADJ	; Nudge guard right
   4252  7591		       4c f7 74 	      JMP	CHECK_FOR_GOLD_PICKED_UP_BY_GUARD
   4253  7594
   4254  7594				   .end
   4255  7594		       60		      RTS
   4256  7595
   4257  7595					      ORG	$7595
   4258  7595				   NUDGE_GUARD_TOWARDS_EXACT_ROW
   4259  7595					      SUBROUTINE
   4260  7595
   4261  7595		       a5 18		      LDA	GUARD_Y_ADJ
   4262  7597		       c9 02		      CMP	#$02
   4263  7599		       90 07		      BCC	.slightly_above
   4264  759b		       f0 0a		      BEQ	.end
   4265  759d
   4266  759d				   .slightly_below
   4267  759d		       c6 18		      DEC	GUARD_Y_ADJ	; Nudge guard up
   4268  759f		       4c f7 74 	      JMP	CHECK_FOR_GOLD_PICKED_UP_BY_GUARD
   4269  75a2
   4270  75a2				   .slightly_above
   4271  75a2		       e6 18		      INC	GUARD_Y_ADJ	; Nudge guard down
   4272  75a4		       4c f7 74 	      JMP	CHECK_FOR_GOLD_PICKED_UP_BY_GUARD
   4273  75a7
   4274  75a7				   .end
   4275  75a7		       60		      RTS
   4276  75a8
   4277  75a8					      ORG	$75A8
   4278  75a8				   STORE_GUARD_DATA
   4279  75a8					      SUBROUTINE
   4280  75a8
   4281  75a8		       a6 19		      LDX	GUARD_NUM
   4282  75aa		       a5 12		      LDA	GUARD_LOC_COL
   4283  75ac		       9d 60 0c 	      STA	GUARD_LOCS_COL,X
   4284  75af		       a5 13		      LDA	GUARD_LOC_ROW
   4285  75b1		       9d 68 0c 	      STA	GUARD_LOCS_ROW,X
   4286  75b4		       a5 17		      LDA	GUARD_X_ADJ
   4287  75b6		       9d 78 0c 	      STA	GUARD_X_ADJS,X
   4288  75b9		       a5 18		      LDA	GUARD_Y_ADJ
   4289  75bb		       9d 80 0c 	      STA	GUARD_Y_ADJS,X
   4290  75be		       a5 16		      LDA	GUARD_GOLD_TIMER
   4291  75c0		       9d 70 0c 	      STA	GUARD_GOLD_TIMERS,X
   4292  75c3		       a5 15		      LDA	GUARD_FACING_DIRECTION
   4293  75c5		       9d 90 0c 	      STA	GUARD_FACING_DIRECTIONS,X
   4294  75c8		       a5 14		      LDA	GUARD_ANIM_STATE
   4295  75ca		       9d 88 0c 	      STA	GUARD_ANIM_STATES,X
   4296  75cd		       60		      RTS
   4297  75ce
   4298  75ce				   LOAD_GUARD_DATA
   4299  75ce					      SUBROUTINE
   4300  75ce
   4301  75ce		       a6 19		      LDX	GUARD_NUM
   4302  75d0		       bd 60 0c 	      LDA	GUARD_LOCS_COL,X
   4303  75d3		       85 12		      STA	GUARD_LOC_COL
   4304  75d5		       bd 68 0c 	      LDA	GUARD_LOCS_ROW,X
   4305  75d8		       85 13		      STA	GUARD_LOC_ROW
   4306  75da		       bd 78 0c 	      LDA	GUARD_X_ADJS,X
   4307  75dd		       85 17		      STA	GUARD_X_ADJ
   4308  75df		       bd 80 0c 	      LDA	GUARD_Y_ADJS,X
   4309  75e2		       85 18		      STA	GUARD_Y_ADJ
   4310  75e4		       bd 88 0c 	      LDA	GUARD_ANIM_STATES,X
   4311  75e7		       85 14		      STA	GUARD_ANIM_STATE
   4312  75e9		       bd 90 0c 	      LDA	GUARD_FACING_DIRECTIONS,X
   4313  75ec		       85 15		      STA	GUARD_FACING_DIRECTION
   4314  75ee		       bd 70 0c 	      LDA	GUARD_GOLD_TIMERS,X
   4315  75f1		       85 16		      STA	GUARD_GOLD_TIMER
   4316  75f3		       60		      RTS
   4317  75f4
   4318  75f4					      ORG	$75F4
   4319  75f4				   HANDLE_TIMERS
   4320  75f4					      SUBROUTINE
   4321  75f4
   4322  75f4		       20 16 77 	      JSR	GUARD_RESURRECTIONS
   4323  75f7
   4324  75f7							; Increment GUARD_RESURRECT_COL mod 29
   4325  75f7
   4326  75f7		       e6 53		      INC	GUARD_RESURRECT_COL
   4327  75f9		       a5 53		      LDA	GUARD_RESURRECT_COL
   4328  75fb		       c9 1c		      CMP	#MAX_GAME_COL+1
   4329  75fd		       90 04		      BCC	.guard_col_incremented
   4330  75ff
   4331  75ff		       a9 00		      LDA	#$00
   4332  7601		       85 53		      STA	GUARD_RESURRECT_COL
   4333  7603
   4334  7603				   .guard_col_incremented
   4335  7603		       a2 1e		      LDX	#$1E	; 30
   4336  7605
   4337  7605				   .loop
   4338  7605		       bd e0 0c 	      LDA	BRICK_FILL_TIMERS,X
   4339  7608		       86 88		      STX	TMP_LOOP_CTR
   4340  760a		       d0 03		      BNE	.table_ce0_nonzero
   4341  760c		       4c 0d 77 	      JMP	.next
   4342  760f
   4343  760f				   .table_ce0_nonzero
   4344  760f		       de e0 0c 	      DEC	BRICK_FILL_TIMERS,X
   4345  7612		       f0 2d		      BEQ	.brick_fill_timer_expired
   4346  7614
   4347  7614		       bd a0 0c 	      LDA	BRICK_DIG_COLS,X
   4348  7617		       85 85		      STA	GAME_COLNUM
   4349  7619		       bd c0 0c 	      LDA	BRICK_DIG_ROWS,X
   4350  761c		       85 86		      STA	GAME_ROWNUM
   4351  761e
   4352  761e		       bd e0 0c 	      LDA	BRICK_FILL_TIMERS,X
   4353  7621		       c9 14		      CMP	#$14	; 20
   4354  7623		       d0 14		      BNE	.check_for_10
   4355  7625
   4356  7625		       a9 37		      LDA	#SPRITE_BRICK_FILL0
   4357  7627
   4358  7627				   .draw_sprite
   4359  7627		       20 b0 82 	      JSR	DRAW_SPRITE_PAGE2
   4360  762a		       a6 85		      LDX	GAME_COLNUM
   4361  762c		       a4 86		      LDY	GAME_ROWNUM
   4362  762e		       20 5d 88 	      JSR	GET_SCREEN_COORDS_FOR
   4363  7631		       a9 00		      LDA	#SPRITE_EMPTY
   4364  7633		       20 36 83 	      JSR	ERASE_SPRITE_AT_PIXEL_COORDS
   4365  7636
   4366  7636				   .next_
   4367  7636		       4c 0d 77 	      JMP	.next
   4368  7639
   4369  7639				   .check_for_10
   4370  7639		       c9 0a		      CMP	#$0A	; 10
   4371  763b		       d0 f9		      BNE	.next_
   4372  763d
   4373  763d		       a9 38		      LDA	#SPRITE_BRICK_FILL1
   4374  763f		       d0 e6		      BNE	.draw_sprite	; Unconditional
   4375  7641
   4376  7641				   .brick_fill_timer_expired
   4377  7641		       a6 88		      LDX	TMP_LOOP_CTR
   4378  7643		       bc c0 0c 	      LDY	BRICK_DIG_ROWS,X
   4379  7646		       84 86		      STY	GAME_ROWNUM
   4380  7648		       b9 05 1c 	      LDA	CURR_LEVEL_ROW_SPRITES_PTR_OFFSETS,Y
   4381  764b		       85 06		      STA	PTR1
   4382  764d		       85 08		      STA	PTR2
   4383  764f		       b9 15 1c 	      LDA	CURR_LEVEL_ROW_SPRITES_PTR_PAGES,Y
   4384  7652		       85 07		      STA	PTR1+1
   4385  7654		       b9 25 1c 	      LDA	CURR_LEVEL_ROW_SPRITES_PTR_PAGES2,Y
   4386  7657		       85 09		      STA	PTR2+1
   4387  7659
   4388  7659		       bc a0 0c 	      LDY	BRICK_DIG_COLS,X
   4389  765c		       84 85		      STY	GAME_COLNUM
   4390  765e		       b1 06		      LDA	(PTR1),Y
   4391  7660		       c9 00		      CMP	#SPRITE_EMPTY
   4392  7662		       d0 03		      BNE	.check_for_brick_fill_player_kill
   4393  7664		       4c 01 77 	      JMP	.draw_brick
   4394  7667
   4395  7667				   .check_for_brick_fill_player_kill
   4396  7667		       c9 09		      CMP	#SPRITE_PLAYER
   4397  7669		       d0 02		      BNE	.check_for_brick_fill_guard_kill
   4398  766b		       46 9a		      LSR	ALIVE
   4399  766d
   4400  766d				   .check_for_brick_fill_guard_kill
   4401  766d		       c9 08		      CMP	#SPRITE_GUARD
   4402  766f		       f0 09		      BEQ	.kill_guard
   4403  7671
   4404  7671		       c9 07		      CMP	#SPRITE_GOLD
   4405  7673		       d0 02		      BNE	.draw_brick_
   4406  7675		       c6 93		      DEC	GOLD_COUNT
   4407  7677
   4408  7677				   .draw_brick_
   4409  7677		       4c 01 77 	      JMP	.draw_brick
   4410  767a
   4411  767a				   .kill_guard
   4412  767a		       a9 01		      LDA	#SPRITE_BRICK
   4413  767c		       91 06		      STA	(PTR1),Y
   4414  767e		       91 08		      STA	(PTR2),Y
   4415  7680		       20 aa 82 	      JSR	DRAW_SPRITE_PAGE1
   4416  7683		       a9 01		      LDA	#SPRITE_BRICK
   4417  7685		       20 b0 82 	      JSR	DRAW_SPRITE_PAGE2
   4418  7688		       a6 8d		      LDX	GUARD_COUNT
   4419  768a
   4420  768a				   .find_killed_guard
   4421  768a		       bd 60 0c 	      LDA	GUARD_LOCS_COL,X
   4422  768d		       c5 85		      CMP	GAME_COLNUM
   4423  768f		       d0 6d		      BNE	.next_guard
   4424  7691		       bd 68 0c 	      LDA	GUARD_LOCS_ROW,X
   4425  7694		       c5 86		      CMP	GAME_ROWNUM
   4426  7696		       d0 66		      BNE	.next_guard
   4427  7698
   4428  7698		       bd 70 0c 	      LDA	GUARD_GOLD_TIMERS,X
   4429  769b		       10 02		      BPL	.reset_guard_gold_timer
   4430  769d		       c6 93		      DEC	GOLD_COUNT
   4431  769f
   4432  769f				   .reset_guard_gold_timer
   4433  769f		       a9 7f		      LDA	#$7F
   4434  76a1		       9d 70 0c 	      STA	GUARD_GOLD_TIMERS,X
   4435  76a4		       86 19		      STX	GUARD_NUM
   4436  76a6		       20 ce 75 	      JSR	LOAD_GUARD_DATA
   4437  76a9		       20 df 74 	      JSR	GET_GUARD_SPRITE_AND_COORDS
   4438  76ac		       20 36 83 	      JSR	ERASE_SPRITE_AT_PIXEL_COORDS
   4439  76af		       a6 19		      LDX	GUARD_NUM
   4440  76b1		       a0 01		      LDY	#$01
   4441  76b3		       84 86		      STY	GAME_ROWNUM
   4442  76b5
   4443  76b5				   .row_loop
   4444  76b5		       a4 86		      LDY	GAME_ROWNUM
   4445  76b7		       b9 05 1c 	      LDA	CURR_LEVEL_ROW_SPRITES_PTR_OFFSETS,Y
   4446  76ba		       85 08		      STA	PTR2
   4447  76bc		       b9 25 1c 	      LDA	CURR_LEVEL_ROW_SPRITES_PTR_PAGES2,Y
   4448  76bf		       85 09		      STA	PTR2+1
   4449  76c1
   4450  76c1		       a4 53		      LDY	GUARD_RESURRECT_COL
   4451  76c3
   4452  76c3				   .col_loop
   4453  76c3		       b1 08		      LDA	(PTR2),Y
   4454  76c5		       c9 00		      CMP	#$00
   4455  76c7		       f0 10		      BEQ	.found_good_resurrect_loc
   4456  76c9
   4457  76c9		       e6 53		      INC	GUARD_RESURRECT_COL
   4458  76cb		       a4 53		      LDY	GUARD_RESURRECT_COL
   4459  76cd		       c0 1c		      CPY	#MAX_GAME_COL+1
   4460  76cf		       90 f2		      BCC	.col_loop
   4461  76d1
   4462  76d1		       e6 86		      INC	GAME_ROWNUM
   4463  76d3		       a9 00		      LDA	#$00
   4464  76d5		       85 53		      STA	GUARD_RESURRECT_COL
   4465  76d7		       f0 dc		      BEQ	.row_loop	; unconditional
   4466  76d9
   4467  76d9				   .found_good_resurrect_loc
   4468  76d9		       98		      TYA
   4469  76da		       9d 60 0c 	      STA	GUARD_LOCS_COL,X
   4470  76dd		       a5 86		      LDA	GAME_ROWNUM
   4471  76df		       9d 68 0c 	      STA	GUARD_LOCS_ROW,X
   4472  76e2		       a9 14		      LDA	#$14	; 20
   4473  76e4		       9d 98 0c 	      STA	GUARD_RESURRECTION_TIMERS,X
   4474  76e7		       a9 02		      LDA	#$02
   4475  76e9		       9d 80 0c 	      STA	GUARD_Y_ADJS,X
   4476  76ec		       9d 78 0c 	      STA	GUARD_X_ADJS,X
   4477  76ef		       a9 00		      LDA	#$00
   4478  76f1		       9d 88 0c 	      STA	GUARD_ANIM_STATES,X
   4479  76f4		       a0 00		      LDY	#$00
   4480  76f6		       a9 75		      LDA	#$75
   4481  76f8		       20 92 7a 	      JSR	ADD_AND_UPDATE_SCORE	; SCORE += 75
   4482  76fb		       4c 0d 77 	      JMP	.next
   4483  76fe
   4484  76fe				   .next_guard
   4485  76fe		       ca		      DEX
   4486  76ff		       d0 89		      BNE	.find_killed_guard
   4487  7701
   4488  7701							; This should never fall through
   4489  7701
   4490  7701				   .draw_brick
   4491  7701		       a9 01		      LDA	#SPRITE_BRICK
   4492  7703		       91 06		      STA	(PTR1),Y
   4493  7705		       20 aa 82 	      JSR	DRAW_SPRITE_PAGE1
   4494  7708		       a9 01		      LDA	#SPRITE_BRICK
   4495  770a		       20 b0 82 	      JSR	DRAW_SPRITE_PAGE2
   4496  770d
   4497  770d				   .next
   4498  770d		       a6 88		      LDX	TMP_LOOP_CTR
   4499  770f		       ca		      DEX
   4500  7710		       30 03		      BMI	HANDLE_TIMERS_COMMON_RETURN
   4501  7712		       4c 05 76 	      JMP	.loop
   4502  7715
   4503  7715				   HANDLE_TIMERS_COMMON_RETURN
   4504  7715		       60		      RTS
   4505  7716
   4506  7716					      ORG	$7716
   4507  7716				   GUARD_RESURRECTIONS
   4508  7716					      SUBROUTINE
   4509  7716
   4510  7716		       a6 8d		      LDX	GUARD_COUNT
   4511  7718		       f0 fb		      BEQ	HANDLE_TIMERS_COMMON_RETURN
   4512  771a
   4513  771a		       a5 19		      LDA	GUARD_NUM
   4514  771c		       48		      PHA
   4515  771d
   4516  771d				   .loop
   4517  771d		       bd 98 0c 	      LDA	GUARD_RESURRECTION_TIMERS,X
   4518  7720		       f0 43		      BEQ	.next
   4519  7722
   4520  7722		       86 19		      STX	GUARD_NUM
   4521  7724		       20 ce 75 	      JSR	LOAD_GUARD_DATA
   4522  7727		       a9 7f		      LDA	#$7F
   4523  7729		       9d 70 0c 	      STA	GUARD_GOLD_TIMERS,X
   4524  772c		       bd 60 0c 	      LDA	GUARD_LOCS_COL,X
   4525  772f		       85 85		      STA	GAME_COLNUM
   4526  7731		       bd 68 0c 	      LDA	GUARD_LOCS_ROW,X
   4527  7734		       85 86		      STA	GAME_ROWNUM
   4528  7736
   4529  7736		       de 98 0c 	      DEC	GUARD_RESURRECTION_TIMERS,X
   4530  7739		       f0 31		      BEQ	.resurrect
   4531  773b
   4532  773b		       bd 98 0c 	      LDA	GUARD_RESURRECTION_TIMERS,X
   4533  773e		       c9 13		      CMP	#$13	; 19
   4534  7740		       d0 10		      BNE	.check_guard_flag_5_is_10
   4535  7742
   4536  7742							; GUARD_RESURRECTION_TIMER is 19
   4537  7742
   4538  7742		       a9 39		      LDA	#SPRITE_GUARD_EGG0
   4539  7744		       20 b0 82 	      JSR	DRAW_SPRITE_PAGE2
   4540  7747		       20 df 74 	      JSR	GET_GUARD_SPRITE_AND_COORDS
   4541  774a		       a9 39		      LDA	#SPRITE_GUARD_EGG0
   4542  774c		       20 a7 83 	      JSR	DRAW_SPRITE_AT_PIXEL_COORDS
   4543  774f		       4c 63 77 	      JMP	.next2
   4544  7752
   4545  7752				   .check_guard_flag_5_is_10
   4546  7752		       c9 0a		      CMP	#$0A	; 10
   4547  7754		       d0 0f		      BNE	.next
   4548  7756
   4549  7756							; GUARD_RESURRECTION_TIMER is 10
   4550  7756		       a9 3a		      LDA	#SPRITE_GUARD_EGG1
   4551  7758		       20 b0 82 	      JSR	DRAW_SPRITE_PAGE2
   4552  775b		       20 df 74 	      JSR	GET_GUARD_SPRITE_AND_COORDS
   4553  775e		       a9 3a		      LDA	#SPRITE_GUARD_EGG1
   4554  7760		       20 a7 83 	      JSR	DRAW_SPRITE_AT_PIXEL_COORDS
   4555  7763
   4556  7763				   .next2
   4557  7763							; Restores the counter
   4558  7763		       a6 19		      LDX	GUARD_NUM
   4559  7765
   4560  7765				   .next
   4561  7765		       ca		      DEX
   4562  7766		       d0 b5		      BNE	.loop
   4563  7768
   4564  7768		       68		      PLA
   4565  7769		       85 19		      STA	GUARD_NUM
   4566  776b		       60		      RTS
   4567  776c
   4568  776c				   .resurrect
   4569  776c		       a4 86		      LDY	GAME_ROWNUM
   4570  776e		       b9 05 1c 	      LDA	CURR_LEVEL_ROW_SPRITES_PTR_OFFSETS,Y
   4571  7771		       85 06		      STA	PTR1
   4572  7773		       b9 15 1c 	      LDA	CURR_LEVEL_ROW_SPRITES_PTR_PAGES,Y
   4573  7776		       85 07		      STA	PTR1+1
   4574  7778
   4575  7778		       a6 19		      LDX	GUARD_NUM
   4576  777a		       fe 98 0c 	      INC	GUARD_RESURRECTION_TIMERS,X
   4577  777d		       a4 85		      LDY	GAME_COLNUM
   4578  777f		       b1 06		      LDA	(PTR1),Y
   4579  7781		       d0 e2		      BNE	.next
   4580  7783
   4581  7783							; empty
   4582  7783		       a9 08		      LDA	#SPRITE_GUARD
   4583  7785		       91 06		      STA	(PTR1),Y
   4584  7787		       a9 00		      LDA	#SPRITE_EMPTY
   4585  7789		       20 b0 82 	      JSR	DRAW_SPRITE_PAGE2
   4586  778c		       a9 00		      LDA	#$00
   4587  778e		       a6 19		      LDX	GUARD_NUM
   4588  7790		       9d 70 0c 	      STA	GUARD_GOLD_TIMERS,X
   4589  7793		       9d 98 0c 	      STA	GUARD_RESURRECTION_TIMERS,X
   4590  7796		       a9 08		      LDA	#SPRITE_GUARD
   4591  7798		       20 aa 82 	      JSR	DRAW_SPRITE_PAGE1
   4592  779b
   4593  779b							; Play the "guard resurrection" sound
   4594  779b		       20 e1 87 	      JSR	LOAD_SOUND_DATA
   4595  779e		       02 7c 03 78*	      HEX	02 7C 03 78 04 74 05 70 00
   4596  77a7
   4597  77a7		       a6 19		      LDX	GUARD_NUM
   4598  77a9		       4c 65 77 	      JMP	.next
   4599  77ac
   4600  77ac					      ORG	$77AC
   4601  77ac				   RETURN_HANDLER
   4602  77ac					      SUBROUTINE
   4603  77ac
   4604  77ac		       20 6b 78 	      JSR	HI_SCORE_SCREEN	; show high score screen
   4605  77af		       a2 ff		      LDX	#$FF
   4606  77b1		       a0 ff		      LDY	#$FF
   4607  77b3		       a9 04		      LDA	#$04
   4608  77b5		       85 a1		      STA	SCRATCH_A1	; loop 256x256x4 times
   4609  77b7
   4610  77b7				   .loop
   4611  77b7		       a5 95		      LDA	INPUT_MODE
   4612  77b9		       c9 cb		      CMP	#KEYBOARD_MODE	; Keyboard mode
   4613  77bb		       f0 0a		      BEQ	.check_keyboard
   4614  77bd
   4615  77bd		       ad 62 c0 	      LDA	BUTN1
   4616  77c0		       30 14		      BMI	.button_pressed
   4617  77c2		       ad 61 c0 	      LDA	BUTN0
   4618  77c5		       30 0f		      BMI	.button_pressed
   4619  77c7
   4620  77c7				   .check_keyboard
   4621  77c7		       ad 00 c0 	      LDA	KBD
   4622  77ca		       30 0a		      BMI	.button_pressed
   4623  77cc
   4624  77cc		       ca		      DEX
   4625  77cd		       d0 e8		      BNE	.loop
   4626  77cf		       88		      DEY
   4627  77d0		       d0 e5		      BNE	.loop
   4628  77d2		       c6 a1		      DEC	SCRATCH_A1
   4629  77d4		       d0 e1		      BNE	.loop
   4630  77d6
   4631  77d6				   .button_pressed
   4632  77d6		       8d 10 c0 	      STA	KBDSTRB
   4633  77d9		       8d 54 c0 	      STA	TXTPAGE1
   4634  77dc		       20 57 7a 	      JSR	CLEAR_HGR2
   4635  77df		       a0 0f		      LDY	#MAX_GAME_ROW
   4636  77e1		       84 86		      STY	GAME_ROWNUM
   4637  77e3
   4638  77e3				   .loop2
   4639  77e3		       b9 05 1c 	      LDA	CURR_LEVEL_ROW_SPRITES_PTR_OFFSETS,Y
   4640  77e6		       85 08		      STA	PTR2
   4641  77e8		       b9 25 1c 	      LDA	CURR_LEVEL_ROW_SPRITES_PTR_PAGES2,Y
   4642  77eb		       85 09		      STA	PTR2+1
   4643  77ed
   4644  77ed		       a0 1b		      LDY	#MAX_GAME_COL
   4645  77ef		       84 85		      STY	GAME_COLNUM
   4646  77f1
   4647  77f1				   .loop3
   4648  77f1		       b1 08		      LDA	(PTR2),Y
   4649  77f3		       c9 05		      CMP	#SPRITE_TRAP
   4650  77f5		       d0 02		      BNE	.draw_sprite
   4651  77f7		       a9 01		      LDA	#SPRITE_BRICK
   4652  77f9				   .draw_sprite
   4653  77f9		       20 b0 82 	      JSR	DRAW_SPRITE_PAGE2
   4654  77fc
   4655  77fc		       c6 85		      DEC	GAME_COLNUM
   4656  77fe		       a4 85		      LDY	GAME_COLNUM
   4657  7800		       10 ef		      BPL	.loop3
   4658  7802
   4659  7802		       c6 86		      DEC	GAME_ROWNUM
   4660  7804		       a4 86		      LDY	GAME_ROWNUM
   4661  7806		       10 db		      BPL	.loop2
   4662  7808
   4663  7808		       a2 1e		      LDX	#$1E
   4664  780a				   .loop4
   4665  780a		       86 88		      STX	TMP_LOOP_CTR
   4666  780c		       bd e0 0c 	      LDA	BRICK_FILL_TIMERS,X
   4667  780f		       f0 27		      BEQ	.next4
   4668  7811
   4669  7811		       bc c0 0c 	      LDY	BRICK_DIG_ROWS,X
   4670  7814		       84 86		      STY	GAME_ROWNUM
   4671  7816		       bc a0 0c 	      LDY	BRICK_DIG_COLS,X
   4672  7819		       84 85		      STY	GAME_COLNUM
   4673  781b		       c9 15		      CMP	#$15
   4674  781d		       90 08		      BCC	.check_b
   4675  781f
   4676  781f		       a9 00		      LDA	#SPRITE_EMPTY
   4677  7821		       20 b0 82 	      JSR	DRAW_SPRITE_PAGE2
   4678  7824		       4c 38 78 	      JMP	.next4
   4679  7827
   4680  7827				   .check_b
   4681  7827		       c9 0b		      CMP	#$0B
   4682  7829		       90 08		      BCC	.draw_sprite_56
   4683  782b		       a9 37		      LDA	#$37
   4684  782d		       20 b0 82 	      JSR	DRAW_SPRITE_PAGE2
   4685  7830		       4c 38 78 	      JMP	.next4
   4686  7833
   4687  7833				   .draw_sprite_56
   4688  7833		       a9 38		      LDA	#$38
   4689  7835		       20 b0 82 	      JSR	DRAW_SPRITE_PAGE2
   4690  7838
   4691  7838				   .next4
   4692  7838		       a6 88		      LDX	TMP_LOOP_CTR
   4693  783a		       ca		      DEX
   4694  783b		       10 cd		      BPL	.loop4
   4695  783d
   4696  783d		       a6 8d		      LDX	GUARD_COUNT
   4697  783f		       f0 27		      BEQ	.check_for_input
   4698  7841
   4699  7841				   .loop5
   4700  7841		       bd 98 0c 	      LDA	GUARD_RESURRECTION_TIMERS,X
   4701  7844		       86 88		      STX	TMP_LOOP_CTR
   4702  7846		       f0 1b		      BEQ	.next5
   4703  7848
   4704  7848		       bc 60 0c 	      LDY	GUARD_LOCS_COL,X
   4705  784b		       84 85		      STY	GAME_COLNUM
   4706  784d		       bc 68 0c 	      LDY	GUARD_LOCS_ROW,X
   4707  7850		       84 86		      STY	GAME_ROWNUM
   4708  7852		       c9 14		      CMP	#$14
   4709  7854		       b0 0d		      BCS	.next5
   4710  7856
   4711  7856		       c9 0b		      CMP	#$0B
   4712  7858		       90 04		      BCC	.draw_sprite_58
   4713  785a		       a9 39		      LDA	#$39	; sprite 57
   4714  785c		       d0 02		      BNE	.draw_sprite2	; unconditional
   4715  785e
   4716  785e				   .draw_sprite_58
   4717  785e		       a9 3a		      LDA	#$3A
   4718  7860
   4719  7860				   .draw_sprite2
   4720  7860		       20 b0 82 	      JSR	DRAW_SPRITE_PAGE2
   4721  7863
   4722  7863				   .next5
   4723  7863		       a6 88		      LDX	TMP_LOOP_CTR
   4724  7865		       ca		      DEX
   4725  7866		       d0 d9		      BNE	.loop5
   4726  7868
   4727  7868				   .check_for_input
   4728  7868		       4c 12 6a 	      JMP	CHECK_FOR_INPUT
   4729  786b
   4730  786b					      ORG	$786B
   4731  786b
   4732  786b				   HI_SCORE_SCREEN
   4733  786b					      SUBROUTINE
   4734  786b
   4735  786b		       20 57 7a 	      JSR	CLEAR_HGR2
   4736  786e		       a9 40		      LDA	#$40
   4737  7870		       85 87		      STA	DRAW_PAGE
   4738  7872		       a9 00		      LDA	#$00
   4739  7874		       85 85		      STA	GAME_COLNUM
   4740  7876		       85 86		      STA	GAME_ROWNUM
   4741  7878
   4742  7878							; "	LODE RUNNER HIGH SCORES\r"
   4743  7878							; "\r"
   4744  7878							; "\r"
   4745  7878							; "	INITIALS LEVEL	SCORE\r"
   4746  7878							; "	-------- ----- --------\r"
   4747  7878		       20 e0 86 	      JSR	PUT_STRING
   4748  787b		       a0 a0 a0 a0*	      HEX	A0 A0 A0 A0 CC CF C4 C5 A0 D2 D5 CE CE C5 D2 A0
   4749  788b		       c8 c9 c7 c8*	      HEX	C8 C9 C7 C8 A0 D3 C3 CF D2 C5 D3 8D 8D 8D A0 A0
   4750  789b		       a0 a0 c9 ce*	      HEX	A0 A0 C9 CE C9 D4 C9 C1 CC D3 A0 CC C5 D6 C5 CC
   4751  78ab		       a0 a0 d3 c3*	      HEX	A0 A0 D3 C3 CF D2 C5 8D A0 A0 A0 A0 AD AD AD AD
   4752  78bb		       ad ad ad ad*	      HEX	AD AD AD AD A0 AD AD AD AD AD A0 AD AD AD AD AD
   4753  78cb		       ad ad ad 8d*	      HEX	AD AD AD 8D 00
   4754  78d0
   4755  78d0		       a9 01		      LDA	#$01
   4756  78d2		       85 55		      STA	HI_SCORE_INDEX	; Used for row number
   4757  78d4				   .loop
   4758  78d4		       c9 0a		      CMP	#$0A
   4759  78d6		       d0 0d		      BNE	.display_0_to_9
   4760  78d8		       a9 01		      LDA	#1
   4761  78da		       20 15 7b 	      JSR	PUT_DIGIT
   4762  78dd		       a9 00		      LDA	#0
   4763  78df		       20 15 7b 	      JSR	PUT_DIGIT
   4764  78e2		       4c ef 78 	      JMP	.rest_of_row_number
   4765  78e5
   4766  78e5				   .display_0_to_9
   4767  78e5		       a9 a0		      LDA	#$A0
   4768  78e7		       20 64 7b 	      JSR	PUT_CHAR	; space
   4769  78ea		       a5 55		      LDA	HI_SCORE_INDEX
   4770  78ec		       20 15 7b 	      JSR	PUT_DIGIT
   4771  78ef
   4772  78ef				   .rest_of_row_number
   4773  78ef							; ".	 "
   4774  78ef		       20 e0 86 	      JSR	PUT_STRING
   4775  78f2		       ae a0 a0 a0*	      HEX	AE A0 A0 A0 A0 00
   4776  78f8
   4777  78f8		       a6 55		      LDX	HI_SCORE_INDEX
   4778  78fa		       bc a2 79 	      LDY	HI_SCORE_TABLE_OFFSETS,X
   4779  78fd		       84 56		      STY	HI_SCORE_OFFSET
   4780  78ff		       b9 03 1f 	      LDA	HI_SCORE_DATA+3,Y
   4781  7902		       d0 03		      BNE	.draw_initials
   4782  7904		       4c 8c 79 	      JMP	.next_high_score_row
   4783  7907				   .draw_initials
   4784  7907		       a4 56		      LDY	HI_SCORE_OFFSET
   4785  7909		       b9 00 1f 	      LDA	HI_SCORE_DATA,Y
   4786  790c		       20 64 7b 	      JSR	PUT_CHAR
   4787  790f		       a4 56		      LDY	HI_SCORE_OFFSET
   4788  7911		       b9 01 1f 	      LDA	HI_SCORE_DATA+1,Y
   4789  7914		       20 64 7b 	      JSR	PUT_CHAR
   4790  7917		       a4 56		      LDY	HI_SCORE_OFFSET
   4791  7919		       b9 02 1f 	      LDA	HI_SCORE_DATA+2,Y
   4792  791c		       20 64 7b 	      JSR	PUT_CHAR
   4793  791f
   4794  791f							; "	"
   4795  791f		       20 e0 86 	      JSR	PUT_STRING
   4796  7922		       a0 a0 a0 a0*	      HEX	A0 A0 A0 A0 00
   4797  7927
   4798  7927		       a4 56		      LDY	HI_SCORE_OFFSET
   4799  7929		       b9 03 1f 	      LDA	HI_SCORE_DATA+3,Y
   4800  792c		       20 f8 7a 	      JSR	TO_DECIMAL3
   4801  792f		       a5 89		      LDA	HUNDREDS
   4802  7931		       20 15 7b 	      JSR	PUT_DIGIT
   4803  7934		       a5 8a		      LDA	TENS
   4804  7936		       20 15 7b 	      JSR	PUT_DIGIT
   4805  7939		       a5 8b		      LDA	UNITS
   4806  793b		       20 15 7b 	      JSR	PUT_DIGIT
   4807  793e
   4808  793e							; "  "
   4809  793e		       20 e0 86 	      JSR	PUT_STRING
   4810  7941		       a0 a0 00 	      HEX	A0 A0 00
   4811  7944
   4812  7944		       a4 56		      LDY	HI_SCORE_OFFSET
   4813  7946		       b9 04 1f 	      LDA	HI_SCORE_DATA+4,Y
   4814  7949		       20 e9 7a 	      JSR	BCD_TO_DECIMAL2
   4815  794c		       a5 8a		      LDA	TENS
   4816  794e		       20 15 7b 	      JSR	PUT_DIGIT
   4817  7951		       a5 8b		      LDA	UNITS
   4818  7953		       20 15 7b 	      JSR	PUT_DIGIT
   4819  7956
   4820  7956		       a4 56		      LDY	HI_SCORE_OFFSET
   4821  7958		       b9 05 1f 	      LDA	HI_SCORE_DATA+5,Y
   4822  795b		       20 e9 7a 	      JSR	BCD_TO_DECIMAL2
   4823  795e		       a5 8a		      LDA	TENS
   4824  7960		       20 15 7b 	      JSR	PUT_DIGIT
   4825  7963		       a5 8b		      LDA	UNITS
   4826  7965		       20 15 7b 	      JSR	PUT_DIGIT
   4827  7968
   4828  7968		       a4 56		      LDY	HI_SCORE_OFFSET
   4829  796a		       b9 06 1f 	      LDA	HI_SCORE_DATA+6,Y
   4830  796d		       20 e9 7a 	      JSR	BCD_TO_DECIMAL2
   4831  7970		       a5 8a		      LDA	TENS
   4832  7972		       20 15 7b 	      JSR	PUT_DIGIT
   4833  7975		       a5 8b		      LDA	UNITS
   4834  7977		       20 15 7b 	      JSR	PUT_DIGIT
   4835  797a
   4836  797a		       a4 56		      LDY	HI_SCORE_OFFSET
   4837  797c		       b9 07 1f 	      LDA	HI_SCORE_DATA+7,Y
   4838  797f		       20 e9 7a 	      JSR	BCD_TO_DECIMAL2
   4839  7982		       a5 8a		      LDA	TENS
   4840  7984		       20 15 7b 	      JSR	PUT_DIGIT
   4841  7987		       a5 8b		      LDA	UNITS
   4842  7989		       20 15 7b 	      JSR	PUT_DIGIT
   4843  798c
   4844  798c				   .next_high_score_row
   4845  798c		       20 7d 7b 	      JSR	NEWLINE
   4846  798f		       e6 55		      INC	HI_SCORE_INDEX
   4847  7991		       a5 55		      LDA	HI_SCORE_INDEX
   4848  7993		       c9 0b		      CMP	#11
   4849  7995		       b0 03		      BCS	.end
   4850  7997		       4c d4 78 	      JMP	.loop
   4851  799a
   4852  799a
   4853  799a				   .end
   4854  799a		       8d 55 c0 	      STA	TXTPAGE2	; Flip to page 2
   4855  799d		       a9 20		      LDA	#$20
   4856  799f		       85 87		      STA	DRAW_PAGE	; Set draw page to 1
   4857  79a1		       60		      RTS
   4858  79a2
   4859  79a2
   4860  79a2					      ORG	$79A2
   4861  79a2							; Because table indices are 1-based, there's an extra 00
   4862  79a2							; at the beginning that never gets used.
   4863  79a2				   HI_SCORE_TABLE_OFFSETS
   4864  79a2		       00 00 08 10*	      HEX	00 00 08 10 18 20 28 30 38 40 48
   4865  79ad					      ORG	$79AD
   4866  79ad				   PUT_STATUS
   4867  79ad					      SUBROUTINE
   4868  79ad
   4869  79ad		       20 51 7a 	      JSR	CLEAR_HGR1
   4870  79b0		       20 57 7a 	      JSR	CLEAR_HGR2
   4871  79b3
   4872  79b3				   PUT_STATUS_DRAW
   4873  79b3		       a0 27		      LDY	#$27
   4874  79b5		       a5 87		      LDA	DRAW_PAGE
   4875  79b7		       c9 40		      CMP	#$40
   4876  79b9		       f0 22		      BEQ	.draw_line_on_page_2
   4877  79bb
   4878  79bb				   .draw_line_on_page_1
   4879  79bb		       a9 aa		      LDA	#$AA
   4880  79bd		       99 50 23 	      STA	$2350,Y
   4881  79c0		       99 50 27 	      STA	$2750,Y
   4882  79c3		       99 50 2b 	      STA	$2B50,Y
   4883  79c6		       99 50 2f 	      STA	$2F50,Y
   4884  79c9		       88		      DEY
   4885  79ca		       a9 d5		      LDA	#$D5
   4886  79cc		       99 50 23 	      STA	$2350,Y
   4887  79cf		       99 50 27 	      STA	$2750,Y
   4888  79d2		       99 50 2b 	      STA	$2B50,Y
   4889  79d5		       99 50 2f 	      STA	$2F50,Y
   4890  79d8		       88		      DEY
   4891  79d9		       10 e0		      BPL	.draw_line_on_page_1
   4892  79db		       30 20		      BMI	.end	; Unconditional
   4893  79dd
   4894  79dd				   .draw_line_on_page_2
   4895  79dd		       a9 aa		      LDA	#$AA
   4896  79df		       99 50 43 	      STA	$4350,Y
   4897  79e2		       99 50 47 	      STA	$4750,Y
   4898  79e5		       99 50 4b 	      STA	$4B50,Y
   4899  79e8		       99 50 4f 	      STA	$4F50,Y
   4900  79eb		       88		      DEY
   4901  79ec		       a9 d5		      LDA	#$D5
   4902  79ee		       99 50 43 	      STA	$4350,Y
   4903  79f1		       99 50 47 	      STA	$4750,Y
   4904  79f4		       99 50 4b 	      STA	$4B50,Y
   4905  79f7		       99 50 4f 	      STA	$4F50,Y
   4906  79fa		       88		      DEY
   4907  79fb		       10 e0		      BPL	.draw_line_on_page_2
   4908  79fd
   4909  79fd				   .end
   4910  79fd		       a9 10		      LDA	#$10
   4911  79ff		       85 86		      STA	GAME_ROWNUM
   4912  7a01		       a9 00		      LDA	#$00
   4913  7a03		       85 85		      STA	GAME_COLNUM
   4914  7a05
   4915  7a05							; "SCORE	 MEN	LEVEL	"
   4916  7a05		       20 e0 86 	      JSR	PUT_STRING
   4917  7a08		       d3 c3 cf d2*	      HEX	D3 C3 CF D2 C5 A0 A0 A0 A0 A0 A0 A0 A0 CD C5 CE
   4918  7a18		       a0 a0 a0 a0*	      HEX	A0 A0 A0 A0 CC C5 D6 C5 CC A0 A0 A0 00
   4919  7a25
   4920  7a25		       20 70 7a 	      JSR	PUT_STATUS_LIVES
   4921  7a28		       20 8c 7a 	      JSR	PUT_STATUS_LEVEL
   4922  7a2b		       a9 00		      LDA	#$00
   4923  7a2d		       a8		      TAY
   4924  7a2e		       4c 92 7a 	      JMP	ADD_AND_UPDATE_SCORE	; tailcall
   4925  7a31
   4926  7a31
   4927  7a31					      ORG	$7A31
   4928  7a31				   ROW_TO_ADDR
   4929  7a31					      SUBROUTINE
   4930  7a31							; Enter routine with Y set to row. Base address
   4931  7a31							; (for column 0) will be placed in ROW_ADDR.
   4932  7a31
   4933  7a31		       b9 85 1a 	      LDA	ROW_TO_OFFSET_LO,Y
   4934  7a34		       85 0c		      STA	ROW_ADDR
   4935  7a36		       b9 45 1b 	      LDA	ROW_TO_OFFSET_HI,Y
   4936  7a39		       05 1f		      ORA	HGR_PAGE
   4937  7a3b		       85 0d		      STA	ROW_ADDR+1
   4938  7a3d		       60		      RTS
   4939  7a3e					      ORG	$7A3E
   4940  7a3e				   ROW_TO_ADDR_FOR_BOTH_PAGES
   4941  7a3e					      SUBROUTINE
   4942  7a3e							; Enter routine with Y set to row. Base address
   4943  7a3e							; (for column 0) will be placed in ROW_ADDR (for page 1)
   4944  7a3e							; and ROW_ADDR2 (for page 2).
   4945  7a3e
   4946  7a3e		       b9 85 1a 	      LDA	ROW_TO_OFFSET_LO,Y
   4947  7a41		       85 0c		      STA	ROW_ADDR
   4948  7a43		       85 0e		      STA	ROW_ADDR2
   4949  7a45		       b9 45 1b 	      LDA	ROW_TO_OFFSET_HI,Y
   4950  7a48		       09 20		      ORA	#$20
   4951  7a4a		       85 0d		      STA	ROW_ADDR+1
   4952  7a4c		       49 60		      EOR	#$60
   4953  7a4e		       85 0f		      STA	ROW_ADDR2+1
   4954  7a50		       60		      RTS
   4955  7a51					      ORG	$7A51
   4956  7a51				   CLEAR_HGR1
   4957  7a51					      SUBROUTINE
   4958  7a51
   4959  7a51		       a9 20		      LDA	#$20	; Start at $2000
   4960  7a53		       a2 40		      LDX	#$40	; End at $4000 (but not including)
   4961  7a55		       d0 04		      BNE	CLEAR_PAGE	; Unconditional jump
   4962  7a57
   4963  7a57				   CLEAR_HGR2
   4964  7a57					      SUBROUTINE
   4965  7a57
   4966  7a57		       a9 40		      LDA	#$40	; Start at $4000
   4967  7a59		       a2 60		      LDX	#$60	; End at $6000 (but not including)
   4968  7a5b							; fallthrough
   4969  7a5b
   4970  7a5b				   CLEAR_PAGE
   4971  7a5b		       85 0b		      STA	TMP_PTR+1	; Start with the page in A.
   4972  7a5d		       a9 00		      LDA	#$00
   4973  7a5f		       85 0a		      STA	TMP_PTR
   4974  7a61		       a8		      TAY
   4975  7a62		       a9 80		      LDA	#$80	; fill byte = 0x80
   4976  7a64
   4977  7a64				   .loop
   4978  7a64		       91 0a		      STA	(TMP_PTR),Y
   4979  7a66		       c8		      INY
   4980  7a67		       d0 fb		      BNE	.loop
   4981  7a69		       e6 0b		      INC	TMP_PTR+1
   4982  7a6b		       e4 0b		      CPX	TMP_PTR+1
   4983  7a6d		       d0 f5		      BNE	.loop	; while TMP_PTR != X * 0x100
   4984  7a6f		       60		      RTS
   4985  7a70					      ORG	$7A70
   4986  7a70				   PUT_STATUS_LIVES
   4987  7a70					      SUBROUTINE
   4988  7a70
   4989  7a70		       a5 98		      LDA	LIVES
   4990  7a72		       a2 10		      LDX	#16
   4991  7a74							; fallthrough
   4992  7a74
   4993  7a74				   PUT_STATUS_BYTE
   4994  7a74					      SUBROUTINE
   4995  7a74							; Puts the number in A as a three-digit decimal on the screen
   4996  7a74							; at row 16, column X.
   4997  7a74
   4998  7a74		       86 85		      STX	GAME_COLNUM
   4999  7a76		       20 f8 7a 	      JSR	TO_DECIMAL3
   5000  7a79		       a9 10		      LDA	#16
   5001  7a7b		       85 86		      STA	GAME_ROWNUM
   5002  7a7d		       a5 89		      LDA	HUNDREDS
   5003  7a7f		       20 15 7b 	      JSR	PUT_DIGIT
   5004  7a82		       a5 8a		      LDA	TENS
   5005  7a84		       20 15 7b 	      JSR	PUT_DIGIT
   5006  7a87		       a5 8b		      LDA	UNITS
   5007  7a89		       4c 15 7b 	      JMP	PUT_DIGIT	; tail call
   5008  7a8c
   5009  7a8c				   PUT_STATUS_LEVEL
   5010  7a8c					      SUBROUTINE
   5011  7a8c
   5012  7a8c		       a5 a6		      LDA	LEVELNUM
   5013  7a8e		       a2 19		      LDX	#25
   5014  7a90		       d0 e2		      BNE	PUT_STATUS_BYTE	; Unconditional jump
   5015  7a92
   5016  7a92					      ORG	$7A92
   5017  7a92				   ADD_AND_UPDATE_SCORE
   5018  7a92					      SUBROUTINE
   5019  7a92							; Enter routine with A set to BCD tens/units and
   5020  7a92							; Y set to BCD thousands/hundreds.
   5021  7a92
   5022  7a92		       18		      CLC
   5023  7a93		       f8		      SED		; Turn on BCD addition mode.
   5024  7a94		       65 8e		      ADC	SCORE
   5025  7a96		       85 8e		      STA	SCORE
   5026  7a98		       98		      TYA
   5027  7a99		       65 8f		      ADC	SCORE+1
   5028  7a9b		       85 8f		      STA	SCORE+1
   5029  7a9d		       a9 00		      LDA	#$00
   5030  7a9f		       65 90		      ADC	SCORE+2
   5031  7aa1		       85 90		      STA	SCORE+2
   5032  7aa3		       a9 00		      LDA	#$00
   5033  7aa5		       65 91		      ADC	SCORE+3
   5034  7aa7		       85 91		      STA	SCORE+3	; SCORE += param
   5035  7aa9		       d8		      CLD		; Turn off BCD addition mode.
   5036  7aaa
   5037  7aaa		       a9 05		      LDA	#5
   5038  7aac		       85 85		      STA	GAME_COLNUM
   5039  7aae		       a9 10		      LDA	#16
   5040  7ab0		       85 86		      STA	GAME_ROWNUM
   5041  7ab2
   5042  7ab2		       a5 91		      LDA	SCORE+3
   5043  7ab4		       20 e9 7a 	      JSR	BCD_TO_DECIMAL2
   5044  7ab7		       a5 8b		      LDA	UNITS	; Note we skipped TENS.
   5045  7ab9		       20 15 7b 	      JSR	PUT_DIGIT
   5046  7abc
   5047  7abc		       a5 90		      LDA	SCORE+2
   5048  7abe		       20 e9 7a 	      JSR	BCD_TO_DECIMAL2
   5049  7ac1		       a5 8a		      LDA	TENS
   5050  7ac3		       20 15 7b 	      JSR	PUT_DIGIT
   5051  7ac6		       a5 8b		      LDA	UNITS
   5052  7ac8		       20 15 7b 	      JSR	PUT_DIGIT
   5053  7acb
   5054  7acb		       a5 8f		      LDA	SCORE+1
   5055  7acd		       20 e9 7a 	      JSR	BCD_TO_DECIMAL2
   5056  7ad0		       a5 8a		      LDA	TENS
   5057  7ad2		       20 15 7b 	      JSR	PUT_DIGIT
   5058  7ad5		       a5 8b		      LDA	UNITS
   5059  7ad7		       20 15 7b 	      JSR	PUT_DIGIT
   5060  7ada
   5061  7ada		       a5 8e		      LDA	SCORE
   5062  7adc		       20 e9 7a 	      JSR	BCD_TO_DECIMAL2
   5063  7adf		       a5 8a		      LDA	TENS
   5064  7ae1		       20 15 7b 	      JSR	PUT_DIGIT
   5065  7ae4		       a5 8b		      LDA	UNITS
   5066  7ae6		       4c 15 7b 	      JMP	PUT_DIGIT	; tail call
   5067  7ae9
   5068  7ae9
   5069  7ae9					      ORG	$7AE9
   5070  7ae9				   BCD_TO_DECIMAL2
   5071  7ae9					      SUBROUTINE
   5072  7ae9							; Enter routine with A set to the BCD number to convert.
   5073  7ae9
   5074  7ae9		       85 8a		      STA	TENS
   5075  7aeb		       29 0f		      AND	#$0F
   5076  7aed		       85 8b		      STA	UNITS
   5077  7aef		       a5 8a		      LDA	TENS
   5078  7af1		       4a		      LSR
   5079  7af2		       4a		      LSR
   5080  7af3		       4a		      LSR
   5081  7af4		       4a		      LSR
   5082  7af5		       85 8a		      STA	TENS
   5083  7af7		       60		      RTS
   5084  7af8
   5085  7af8
   5086  7af8							; Screen and level routines
   5087  7af8
   5088  7af8					      ORG	$7AF8
   5089  7af8				   TO_DECIMAL3
   5090  7af8					      SUBROUTINE
   5091  7af8							; Enter routine with A set to the number to convert.
   5092  7af8
   5093  7af8		       a2 00		      LDX	#$00
   5094  7afa		       86 8a		      STX	TENS
   5095  7afc		       86 89		      STX	HUNDREDS
   5096  7afe
   5097  7afe				   .loop1
   5098  7afe		       c9 64		      CMP	#100
   5099  7b00		       90 06		      BCC	.loop2
   5100  7b02		       e6 89		      INC	HUNDREDS
   5101  7b04		       e9 64		      SBC	#100
   5102  7b06		       d0 f6		      BNE	.loop1
   5103  7b08
   5104  7b08				   .loop2
   5105  7b08		       c9 0a		      CMP	#10
   5106  7b0a		       90 06		      BCC	.end
   5107  7b0c		       e6 8a		      INC	TENS
   5108  7b0e		       e9 0a		      SBC	#10
   5109  7b10		       d0 f6		      BNE	.loop2
   5110  7b12
   5111  7b12				   .end
   5112  7b12		       85 8b		      STA	UNITS
   5113  7b14		       60		      RTS
   5114  7b15
   5115  7b15					      ORG	$7B15
   5116  7b15				   PUT_DIGIT
   5117  7b15					      SUBROUTINE
   5118  7b15							; Enter routine with A set to the digit to put on the screen.
   5119  7b15
   5120  7b15		       18		      CLC
   5121  7b16		       69 3b		      ADC	#$3B	; '0' -> sprite 59, '9' -> sprite 68.
   5122  7b18		       a6 87		      LDX	DRAW_PAGE
   5123  7b1a		       e0 40		      CPX	#$40
   5124  7b1c		       f0 06		      BEQ	.draw_to_page2
   5125  7b1e		       20 aa 82 	      JSR	DRAW_SPRITE_PAGE1
   5126  7b21		       e6 85		      INC	GAME_COLNUM
   5127  7b23		       60		      RTS
   5128  7b24
   5129  7b24				   .draw_to_page2
   5130  7b24		       20 b0 82 	      JSR	DRAW_SPRITE_PAGE2
   5131  7b27		       e6 85		      INC	GAME_COLNUM
   5132  7b29		       60		      RTS
   5133  7b2a
   5134  7b2a					      ORG	$7B2A
   5135  7b2a				   CHAR_TO_SPRITE_NUM
   5136  7b2a					      SUBROUTINE
   5137  7b2a							; Enter routine with A set to the ASCII code of the
   5138  7b2a							; character to convert to sprite number, with the high bit set.
   5139  7b2a							; The sprite number is returned in A.
   5140  7b2a
   5141  7b2a		       c9 c1		      CMP	#$C1	; 'A' -> sprite 69
   5142  7b2c		       90 04		      BCC	.not_letter
   5143  7b2e		       c9 db		      CMP	#$DB	; 'Z' -> sprite 94
   5144  7b30		       90 2e		      BCC	.letter
   5145  7b32
   5146  7b32				   .not_letter
   5147  7b32							; On return, we will subtract 0x7C from X to
   5148  7b32							; get the actual sprite. This is to make A-Z
   5149  7b32							; easier to handle.
   5150  7b32		       a2 7c		      LDX	#$7C
   5151  7b34		       c9 a0		      CMP	#$A0	; ' ' -> sprite 0
   5152  7b36		       f0 27		      BEQ	.end
   5153  7b38		       a2 db		      LDX	#$DB
   5154  7b3a		       c9 be		      CMP	#$BE	; '>' -> sprite 95
   5155  7b3c		       f0 21		      BEQ	.end
   5156  7b3e		       e8		      INX
   5157  7b3f		       c9 ae		      CMP	#$AE	; '.' -> sprite 96
   5158  7b41		       f0 1c		      BEQ	.end
   5159  7b43		       e8		      INX
   5160  7b44		       c9 a8		      CMP	#$A8	; '(' -> sprite 97
   5161  7b46		       f0 17		      BEQ	.end
   5162  7b48		       e8		      INX
   5163  7b49		       c9 a9		      CMP	#$A9	; ')' -> sprite 98
   5164  7b4b		       f0 12		      BEQ	.end
   5165  7b4d		       e8		      INX
   5166  7b4e		       c9 af		      CMP	#$AF	; '/' -> sprite 99
   5167  7b50		       f0 0d		      BEQ	.end
   5168  7b52		       e8		      INX
   5169  7b53		       c9 ad		      CMP	#$AD	; '-' -> sprite 100
   5170  7b55		       f0 08		      BEQ	.end
   5171  7b57		       e8		      INX
   5172  7b58		       c9 bc		      CMP	#$BC	; '<' -> sprite 101
   5173  7b5a		       f0 03		      BEQ	.end
   5174  7b5c		       a9 10		      LDA	#$10	; sprite 16: just one of the man sprites
   5175  7b5e		       60		      RTS
   5176  7b5f
   5177  7b5f				   .end
   5178  7b5f		       8a		      TXA
   5179  7b60
   5180  7b60				   .letter
   5181  7b60		       38		      SEC
   5182  7b61		       e9 7c		      SBC	#$7C
   5183  7b63		       60		      RTS
   5184  7b64
   5185  7b64
   5186  7b64					      ORG	$7B64
   5187  7b64				   PUT_CHAR
   5188  7b64					      SUBROUTINE
   5189  7b64							; Enter routine with A set to the ASCII code of the
   5190  7b64							; character to put on the screen, with the high bit set.
   5191  7b64
   5192  7b64		       c9 8d		      CMP	#$8D
   5193  7b66		       f0 15		      BEQ	NEWLINE	; If newline, do NEWLINE instead.
   5194  7b68		       20 2a 7b 	      JSR	CHAR_TO_SPRITE_NUM
   5195  7b6b		       a6 87		      LDX	DRAW_PAGE
   5196  7b6d		       e0 40		      CPX	#$40
   5197  7b6f		       f0 06		      BEQ	.draw_to_page2
   5198  7b71
   5199  7b71		       20 aa 82 	      JSR	DRAW_SPRITE_PAGE1
   5200  7b74		       e6 85		      INC	GAME_COLNUM
   5201  7b76		       60		      RTS
   5202  7b77
   5203  7b77				   .draw_to_page2
   5204  7b77		       20 b0 82 	      JSR	DRAW_SPRITE_PAGE2
   5205  7b7a		       e6 85		      INC	GAME_COLNUM
   5206  7b7c		       60		      RTS
   5207  7b7d
   5208  7b7d				   NEWLINE
   5209  7b7d					      SUBROUTINE
   5210  7b7d		       e6 86		      INC	GAME_ROWNUM
   5211  7b7f		       a9 00		      LDA	#$00
   5212  7b81		       85 85		      STA	GAME_COLNUM
   5213  7b83		       60		      RTS
   5214  7b84
   5215  7b84					      ORG	$7B84
   5216  7b84				   LEVEL_EDITOR
   5217  7b84					      SUBROUTINE
   5218  7b84
   5219  7b84		       a9 00		      LDA	#$00
   5220  7b86		       85 8e		      STA	SCORE
   5221  7b88		       85 8f		      STA	SCORE+1
   5222  7b8a		       85 90		      STA	SCORE+2
   5223  7b8c		       85 91		      STA	SCORE+3
   5224  7b8e
   5225  7b8e		       a5 36		      LDA	INDIRECT_TARGET
   5226  7b90		       85 24		      STA	RWTS_ADDR
   5227  7b92		       a5 37		      LDA	INDIRECT_TARGET+1
   5228  7b94		       85 25		      STA	RWTS_ADDR+1
   5229  7b96
   5230  7b96		       a9 05		      LDA	#$05
   5231  7b98		       85 98		      STA	LIVES
   5232  7b9a		       85 a7		      STA	GAME_MODE
   5233  7b9c		       a5 95		      LDA	INPUT_MODE
   5234  7b9e		       8d 77 7c 	      STA	READ_SAVED_INPUT_MODE+1
   5235  7ba1
   5236  7ba1		       a9 cb		      LDA	#KEYBOARD_MODE
   5237  7ba3		       85 95		      STA	INPUT_MODE
   5238  7ba5
   5239  7ba5		       8d 54 c0 	      STA	TXTPAGE1
   5240  7ba8
   5241  7ba8		       a5 96		      LDA	DISK_LEVEL_LOC
   5242  7baa		       c9 96		      CMP	#$96
   5243  7bac		       90 04		      BCC	START_LEVEL_EDITOR
   5244  7bae		       a9 00		      LDA	#$00
   5245  7bb0		       85 96		      STA	DISK_LEVEL_LOC
   5246  7bb2
   5247  7bb2				   START_LEVEL_EDITOR
   5248  7bb2		       20 51 7a 	      JSR	CLEAR_HGR1
   5249  7bb5		       a9 20		      LDA	#$20
   5250  7bb7		       85 87		      STA	DRAW_PAGE
   5251  7bb9		       a9 00		      LDA	#$00
   5252  7bbb		       85 85		      STA	GAME_COLNUM
   5253  7bbd		       85 86		      STA	GAME_ROWNUM
   5254  7bbf
   5255  7bbf							; "  LODE RUNNER BOARD EDITOR\r
   5256  7bbf							; "----------------------------\r
   5257  7bbf							; "  <ESC> ABORTS ANY COMMAND\r"
   5258  7bbf		       20 e0 86 	      JSR	PUT_STRING
   5259  7bc2		       a0 a0 cc cf*	      HEX	A0 A0 CC CF C4 C5 A0 D2 D5 CE CE C5 D2 A0 C2 CF
   5260  7bd2		       c1 d2 c4 a0*	      HEX	C1 D2 C4 A0 C5 C4 C9 D4 CF D2 8D AD AD AD AD AD
   5261  7be2		       ad ad ad ad*	      HEX	AD AD AD AD AD AD AD AD AD AD AD AD AD AD AD AD
   5262  7bf2		       ad ad ad ad*	      HEX	AD AD AD AD AD AD AD 8D A0 A0 BC C5 D3 C3 BE A0
   5263  7c02		       c1 c2 cf d2*	      HEX	C1 C2 CF D2 D4 D3 A0 C1 CE D9 A0 C3 CF CD CD C1
   5264  7c12		       ce c4 8d 00	      HEX	CE C4 8D 00
   5265  7c16
   5266  7c16				   EDITOR_COMMAND_LOOP
   5267  7c16		       a5 86		      LDA	GAME_ROWNUM
   5268  7c18		       c9 09		      CMP	#$09
   5269  7c1a		       b0 96		      BCS	START_LEVEL_EDITOR
   5270  7c1c
   5271  7c1c							; "\r"
   5272  7c1c							; "COMMAND>"
   5273  7c1c		       20 e0 86 	      JSR	PUT_STRING
   5274  7c1f		       8d c3 cf cd*	      HEX	8D C3 CF CD CD C1 CE C4 BE 00
   5275  7c29
   5276  7c29		       20 3d 82 	      JSR	EDITOR_WAIT_FOR_KEY
   5277  7c2c		       a2 00		      LDX	#$00
   5278  7c2e
   5279  7c2e				   .loop2
   5280  7c2e		       bc 4d 7c 	      LDY	EDITOR_KEYS,X
   5281  7c31		       f0 08		      BEQ	EDITOR_COMMAND_LOOP_BEEP
   5282  7c33		       dd 4d 7c 	      CMP	EDITOR_KEYS,X
   5283  7c36		       f0 09		      BEQ	.end
   5284  7c38		       e8		      INX
   5285  7c39		       d0 f3		      BNE	.loop2
   5286  7c3b
   5287  7c3b				   EDITOR_COMMAND_LOOP_BEEP
   5288  7c3b		       20 ce 86 	      JSR	BEEP
   5289  7c3e		       4c 16 7c 	      JMP	EDITOR_COMMAND_LOOP
   5290  7c41
   5291  7c41				   .end
   5292  7c41		       8a		      TXA
   5293  7c42		       0a		      ASL
   5294  7c43		       aa		      TAX
   5295  7c44		       bd 55 7c 	      LDA	EDITOR_ROUTINE_ADDRESS+1,X
   5296  7c47		       48		      PHA
   5297  7c48		       bd 54 7c 	      LDA	EDITOR_ROUTINE_ADDRESS,X
   5298  7c4b		       48		      PHA
   5299  7c4c		       60		      RTS
   5300  7c4d
   5301  7c4d
   5302  7c4d					      ORG	$7C4D
   5303  7c4d				   EDITOR_KEYS
   5304  7c4d							; P (Play level)
   5305  7c4d							; C (Clear level)
   5306  7c4d							; E (Edit level)
   5307  7c4d							; M (Move level)
   5308  7c4d							; I (Initialize disk)
   5309  7c4d							; S (clear high Scores)
   5310  7c4d		       d0 c3 c5 cd*	      HEX	D0 C3 C5 CD C9 D3 00	; P C E M I S
   5311  7c54				   EDITOR_ROUTINE_ADDRESS
   5312  7c54		       5f 7c		      WORD.w	EDITOR_PLAY_LEVEL-1
   5313  7c56		       8d 7c		      WORD.w	EDITOR_CLEAR_LEVEL-1
   5314  7c58		       bb 7c		      WORD.w	EDITOR_EDIT_LEVEL-1
   5315  7c5a		       d7 7c		      WORD.w	EDITOR_MOVE_LEVEL-1
   5316  7c5c		       5c 7d		      WORD.w	EDITOR_INITIALIZE_DISK-1
   5317  7c5e		       74 7e		      WORD.w	EDITOR_CLEAR_HIGH_SCORES-1
   5318  7c60					      ORG	$7C60
   5319  7c60				   EDITOR_PLAY_LEVEL
   5320  7c60					      SUBROUTINE
   5321  7c60
   5322  7c60							; "\r"
   5323  7c60							; ">>PLAY LEVEL"
   5324  7c60		       20 e0 86 	      JSR	PUT_STRING
   5325  7c63		       8d be be d0*	      HEX	8D BE BE D0 CC C1 D9 A0 CC C5 D6 C5 CC 00
   5326  7c71
   5327  7c71		       20 7b 81 	      JSR	GET_LEVEL_FROM_KEYBOARD
   5328  7c74		       b0 15		      BCS	.beep
   5329  7c76
   5330  7c76				   READ_SAVED_INPUT_MODE
   5331  7c76		       a9 00		      LDA	#$00
   5332  7c78		       85 95		      STA	INPUT_MODE
   5333  7c7a		       a9 03		      LDA	#GAME_MODE_PLAY_IN_EDITOR
   5334  7c7c		       85 a7		      STA	GAME_MODE
   5335  7c7e		       a9 01		      LDA	#$01
   5336  7c80		       85 9d		      STA	$9D
   5337  7c82		       a5 96		      LDA	DISK_LEVEL_LOC
   5338  7c84		       f0 02		      BEQ	.init_game_data_
   5339  7c86		       46 9d		      LSR	$9D
   5340  7c88
   5341  7c88				   .init_game_data_
   5342  7c88		       4c 56 60 	      JMP	INIT_GAME_DATA
   5343  7c8b
   5344  7c8b				   .beep
   5345  7c8b		       4c 3b 7c 	      JMP	EDITOR_COMMAND_LOOP_BEEP
   5346  7c8e
   5347  7c8e					      ORG	$7C8E
   5348  7c8e				   EDITOR_CLEAR_LEVEL
   5349  7c8e					      SUBROUTINE
   5350  7c8e
   5351  7c8e							; "\r"
   5352  7c8e							; ">>CLEAR LEVEL"
   5353  7c8e		       20 e0 86 	      JSR	PUT_STRING
   5354  7c91		       8d be be c3*	      HEX	8D BE BE C3 CC C5 C1 D2 A0 CC C5 D6 C5 CC 00
   5355  7ca0
   5356  7ca0		       20 7b 81 	      JSR	GET_LEVEL_FROM_KEYBOARD
   5357  7ca3		       b0 14		      BCS	.beep
   5358  7ca5		       20 7f 80 	      JSR	CHECK_FOR_VALID_DATA_DISK
   5359  7ca8
   5360  7ca8		       a0 00		      LDY	#$00
   5361  7caa		       98		      TYA
   5362  7cab				   .loop
   5363  7cab		       99 00 0d 	      STA	DISK_BUFFER,Y
   5364  7cae		       c8		      INY
   5365  7caf		       d0 fa		      BNE	.loop
   5366  7cb1
   5367  7cb1		       a9 02		      LDA	#DISK_ACCESS_WRITE
   5368  7cb3		       20 0e 63 	      JSR	ACCESS_COMPRESSED_LEVEL_DATA	; write level
   5369  7cb6		       4c 16 7c 	      JMP	EDITOR_COMMAND_LOOP
   5370  7cb9
   5371  7cb9				   .beep
   5372  7cb9		       4c 3b 7c 	      JMP	EDITOR_COMMAND_LOOP_BEEP
   5373  7cbc
   5374  7cbc					      ORG	$7CBC
   5375  7cbc				   EDITOR_EDIT_LEVEL
   5376  7cbc					      SUBROUTINE
   5377  7cbc
   5378  7cbc							; "\r"
   5379  7cbc							; ">>EDIT LEVEL"
   5380  7cbc		       20 e0 86 	      JSR	PUT_STRING
   5381  7cbf		       8d be be c5*	      HEX	8D BE BE C5 C4 C9 D4 A0 CC C5 D6 C5 CC 00
   5382  7ccd
   5383  7ccd		       20 7b 81 	      JSR	GET_LEVEL_FROM_KEYBOARD
   5384  7cd0		       b0 03		      BCS	.beep
   5385  7cd2		       4c 01 7f 	      JMP	EDIT_LEVEL
   5386  7cd5
   5387  7cd5				   .beep
   5388  7cd5		       4c 3b 7c 	      JMP	EDITOR_COMMAND_LOOP_BEEP
   5389  7cd8					      ORG	$7CD8
   5390  7cd8				   EDITOR_MOVE_LEVEL
   5391  7cd8					      SUBROUTINE
   5392  7cd8
   5393  7cd8							; "\r"
   5394  7cd8							; ">>MOVE LEVEL"
   5395  7cd8		       20 e0 86 	      JSR	PUT_STRING
   5396  7cdb		       8d be be cd*	      HEX	8D BE BE CD CF D6 C5 A0 CC C5 D6 C5 CC 00
   5397  7ce9
   5398  7ce9		       20 7b 81 	      JSR	GET_LEVEL_FROM_KEYBOARD
   5399  7cec		       b0 6c		      BCS	.beep
   5400  7cee		       8c 4f 82 	      STY	EDITOR_LEVEL_ENTRY	; source level
   5401  7cf1
   5402  7cf1							; " TO LEVEL"
   5403  7cf1		       20 e0 86 	      JSR	PUT_STRING
   5404  7cf4		       a0 d4 cf a0*	      HEX	A0 D4 CF A0 CC C5 D6 C5 CC 00
   5405  7cfe
   5406  7cfe		       20 7b 81 	      JSR	GET_LEVEL_FROM_KEYBOARD
   5407  7d01		       b0 57		      BCS	.beep
   5408  7d03		       8c 50 82 	      STY	SAVED_VTOC_DATA	; convenient place for target level
   5409  7d06
   5410  7d06							; "\r"
   5411  7d06							; "  SOURCE DISKETTE"
   5412  7d06		       20 e0 86 	      JSR	PUT_STRING
   5413  7d09		       8d a0 a0 d3*	      HEX	8D A0 A0 D3 CF D5 D2 C3 C5 A0 C4 C9 D3 CB C5 D4 D4 C5 00
   5414  7d1c
   5415  7d1c		       20 3d 82 	      JSR	EDITOR_WAIT_FOR_KEY
   5416  7d1f							; Deny and dump user back to editor if not valid data disk
   5417  7d1f		       20 7f 80 	      JSR	CHECK_FOR_VALID_DATA_DISK
   5418  7d22		       ad 4f 82 	      LDA	EDITOR_LEVEL_ENTRY	; source level
   5419  7d25		       85 96		      STA	DISK_LEVEL_LOC
   5420  7d27		       a9 01		      LDA	#DISK_ACCESS_READ
   5421  7d29		       20 0e 63 	      JSR	ACCESS_COMPRESSED_LEVEL_DATA	; read source level
   5422  7d2c
   5423  7d2c							; "\r"
   5424  7d2c							; "  DESTINATION DISKETTE"
   5425  7d2c		       20 e0 86 	      JSR	PUT_STRING
   5426  7d2f		       8d a0 a0 c4*	      HEX	8D A0 A0 C4 C5 D3 D4 C9 CE C1 D4 C9 CF CE A0 C4 C9 D3 CB C5 D4 D4 C5 00
   5427  7d47
   5428  7d47		       20 3d 82 	      JSR	EDITOR_WAIT_FOR_KEY
   5429  7d4a							; Deny and dump user back to editor if not valid data disk
   5430  7d4a		       20 7f 80 	      JSR	CHECK_FOR_VALID_DATA_DISK
   5431  7d4d		       ad 50 82 	      LDA	SAVED_VTOC_DATA	; target level
   5432  7d50		       85 96		      STA	DISK_LEVEL_LOC
   5433  7d52		       a9 02		      LDA	#DISK_ACCESS_WRITE
   5434  7d54		       20 0e 63 	      JSR	ACCESS_COMPRESSED_LEVEL_DATA	; write target level
   5435  7d57		       4c 16 7c 	      JMP	EDITOR_COMMAND_LOOP
   5436  7d5a
   5437  7d5a				   .beep
   5438  7d5a		       4c 3b 7c 	      JMP	EDITOR_COMMAND_LOOP_BEEP
   5439  7d5d
   5440  7d5d					      ORG	$7D5D
   5441  7d5d				   EDITOR_INITIALIZE_DISK
   5442  7d5d					      SUBROUTINE
   5443  7d5d
   5444  7d5d							; "\r"
   5445  7d5d							; ">>INITIALIZE\r"
   5446  7d5d							; "  THIS FORMATS THE DISKETTE\r"
   5447  7d5d							; "  FOR USER CREATED LEVELS.\r"
   5448  7d5d							; "  (CAUTION. IT ERASES THE\r"
   5449  7d5d							; "   ENTIRE DISKETTE FIRST)\r"
   5450  7d5d							; "\r"
   5451  7d5d							; "  ARE YOU SURE (Y/N) "
   5452  7d5d		       20 e0 86 	      JSR	PUT_STRING
   5453  7d60		       8d be be c9*	      HEX	8D BE BE C9 CE C9 D4 C9 C1 CC C9 DA C5 8D A0 A0
   5454  7d70		       d4 c8 c9 d3*	      HEX	D4 C8 C9 D3 A0 C6 CF D2 CD C1 D4 D3 A0 D4 C8 C5
   5455  7d80		       a0 c4 c9 d3*	      HEX	A0 C4 C9 D3 CB C5 D4 D4 C5 8D A0 A0 C6 CF D2 A0
   5456  7d90		       d5 d3 c5 d2*	      HEX	D5 D3 C5 D2 A0 C3 D2 C5 C1 D4 C5 C4 A0 CC C5 D6
   5457  7da0		       c5 cc d3 ae*	      HEX	C5 CC D3 AE 8D A0 A0 A8 C3 C1 D5 D4 C9 CF CE AE
   5458  7db0		       a0 c9 d4 a0*	      HEX	A0 C9 D4 A0 C5 D2 C1 D3 C5 D3 A0 D4 C8 C5 8D A0
   5459  7dc0		       a0 a0 c5 ce*	      HEX	A0 A0 C5 CE D4 C9 D2 C5 A0 C4 C9 D3 CB C5 D4 D4
   5460  7dd0		       c5 a0 c6 c9*	      HEX	C5 A0 C6 C9 D2 D3 D4 A9 8D 8D A0 A0 C1 D2 C5 A0
   5461  7de0		       d9 cf d5 a0*	      HEX	D9 CF D5 A0 D3 D5 D2 C5 A0 A8 D9 AF CE A9 A0 00
   5462  7df0
   5463  7df0		       20 3d 82 	      JSR	EDITOR_WAIT_FOR_KEY
   5464  7df3		       c9 d9		      CMP	#$D9	; Y
   5465  7df5		       d0 7b		      BNE	.end
   5466  7df7
   5467  7df7		       ea		      NOP		; NOP x 15
   5468  7df8		       ea		      NOP
   5469  7df9		       ea		      NOP
   5470  7dfa		       ea		      NOP
   5471  7dfb		       ea		      NOP
   5472  7dfc		       ea		      NOP
   5473  7dfd		       ea		      NOP
   5474  7dfe		       ea		      NOP
   5475  7dff		       ea		      NOP
   5476  7e00		       ea		      NOP
   5477  7e01		       ea		      NOP
   5478  7e02		       ea		      NOP
   5479  7e03		       ea		      NOP
   5480  7e04		       ea		      NOP
   5481  7e05		       ea		      NOP
   5482  7e06
   5483  7e06		       a5 96		      LDA	DISK_LEVEL_LOC
   5484  7e08		       48		      PHA
   5485  7e09
   5486  7e09							; Format the disk
   5487  7e09		       a9 04		      LDA	#DISK_ACCESS_FORMAT
   5488  7e0b		       20 0e 63 	      JSR	ACCESS_COMPRESSED_LEVEL_DATA
   5489  7e0e
   5490  7e0e							; Write the boot sector (T0S0)
   5491  7e0e		       a9 b2		      LDA	#<DISK_BOOT_SECTOR_DATA
   5492  7e10		       8d f0 b7 	      STA	IOB_READ_WRITE_BUFFER_PTR
   5493  7e13		       a9 1d		      LDA	#>DISK_BOOT_SECTOR_DATA
   5494  7e15		       8d f1 b7 	      STA	IOB_READ_WRITE_BUFFER_PTR+1
   5495  7e18		       a9 00		      LDA	#$00
   5496  7e1a		       8d ed b7 	      STA	IOB_SECTOR_NUMBER
   5497  7e1d		       8d ec b7 	      STA	IOB_TRACK_NUMBER
   5498  7e20		       a9 02		      LDA	#$02
   5499  7e22		       8d f4 b7 	      STA	IOB_COMMAND_CODE
   5500  7e25		       20 38 63 	      JSR	ACCESS_DISK_OR_RESET_GAME	; write T0S0 with DISK_BOOT_SECTOR_DATA.
   5501  7e28
   5502  7e28							; Read the VTOC (T17S0)
   5503  7e28		       a9 e0		      LDA	#$E0
   5504  7e2a		       85 96		      STA	DISK_LEVEL_LOC	; ends up being T17S0 (the VTOC)
   5505  7e2c		       a9 01		      LDA	#DISK_ACCESS_READ
   5506  7e2e		       20 0e 63 	      JSR	ACCESS_COMPRESSED_LEVEL_DATA
   5507  7e31
   5508  7e31							; Copy from SAVED_VTOC_DATA to DISK_BUFFER and write it.
   5509  7e31		       a0 37		      LDY	#$37
   5510  7e33				   .loop
   5511  7e33		       b9 51 82 	      LDA	SAVED_VTOC_DATA+1,Y
   5512  7e36		       99 00 0d 	      STA	DISK_BUFFER,Y
   5513  7e39		       88		      DEY
   5514  7e3a		       10 f7		      BPL	.loop
   5515  7e3c
   5516  7e3c		       a9 02		      LDA	#$02
   5517  7e3e		       20 0e 63 	      JSR	ACCESS_COMPRESSED_LEVEL_DATA
   5518  7e41
   5519  7e41							; Read the first catalog sector (T17S15)
   5520  7e41		       a9 ef		      LDA	#$EF
   5521  7e43		       85 96		      STA	DISK_LEVEL_LOC
   5522  7e45		       a9 01		      LDA	#DISK_ACCESS_READ
   5523  7e47		       20 0e 63 	      JSR	ACCESS_COMPRESSED_LEVEL_DATA
   5524  7e4a
   5525  7e4a							; Copy from SAVED_FILE_DESCRIPTIVE_ENTRY_DATA the first file descriptive
   5526  7e4a							; entry to DISK_BUFFER and write it.
   5527  7e4a		       a0 20		      LDY	#$20
   5528  7e4c				   .loop2
   5529  7e4c		       b9 89 82 	      LDA	SAVED_FILE_DESCRIPTIVE_ENTRY_DATA,Y
   5530  7e4f		       99 0b 0d 	      STA	DISK_BUFFER+11,Y
   5531  7e52		       88		      DEY
   5532  7e53		       10 f7		      BPL	.loop2
   5533  7e55
   5534  7e55							; Write it back
   5535  7e55		       a9 02		      LDA	#DISK_ACCESS_WRITE
   5536  7e57		       20 0e 63 	      JSR	ACCESS_COMPRESSED_LEVEL_DATA
   5537  7e5a
   5538  7e5a							; Read the high score sector
   5539  7e5a		       a9 01		      LDA	#$01
   5540  7e5c		       20 59 63 	      JSR	ACCESS_HI_SCORE_DATA_FROM_DISK
   5541  7e5f
   5542  7e5f							; Copy from HI_SCORE_DATA_MARKER and write it.
   5543  7e5f		       a0 0a		      LDY	#$0A
   5544  7e61				   .loop3
   5545  7e61		       b9 a8 63 	      LDA	HI_SCORE_DATA_MARKER,Y
   5546  7e64		       99 f4 1f 	      STA	$1FF4,Y
   5547  7e67		       88		      DEY
   5548  7e68		       10 f7		      BPL	.loop3
   5549  7e6a
   5550  7e6a							; Write it back
   5551  7e6a		       a9 02		      LDA	#$02
   5552  7e6c		       20 59 63 	      JSR	ACCESS_HI_SCORE_DATA_FROM_DISK
   5553  7e6f
   5554  7e6f		       68		      PLA
   5555  7e70		       85 96		      STA	DISK_LEVEL_LOC
   5556  7e72				   .end
   5557  7e72		       4c 16 7c 	      JMP	EDITOR_COMMAND_LOOP
   5558  7e75
   5559  7e75					      ORG	$7E75
   5560  7e75				   EDITOR_CLEAR_HIGH_SCORES
   5561  7e75					      SUBROUTINE
   5562  7e75
   5563  7e75							; "\r"
   5564  7e75							; ">>CLEAR SCORE FILE\r"
   5565  7e75							; "  THIS CLEARS THE HIGH\r"
   5566  7e75							; "  SCORE FILE OF ALL\r"
   5567  7e75							; "  ENTRIES.\r"
   5568  7e75							; "\r"
   5569  7e75							; "  ARE YOU SURE (Y/N) "
   5570  7e75		       20 e0 86 	      JSR	PUT_STRING
   5571  7e78		       8d be be c3*	      HEX	8D BE BE C3 CC C5 C1 D2 A0 D3 C3 CF D2 C5 A0 C6
   5572  7e88		       c9 cc c5 8d*	      HEX	C9 CC C5 8D A0 A0 D4 C8 C9 D3 A0 C3 CC C5 C1 D2
   5573  7e98		       d3 a0 d4 c8*	      HEX	D3 A0 D4 C8 C5 A0 C8 C9 C7 C8 8D A0 A0 D3 C3 CF
   5574  7ea8		       d2 c5 a0 c6*	      HEX	D2 C5 A0 C6 C9 CC C5 A0 CF C6 A0 C1 CC CC 8D A0
   5575  7eb8		       a0 c5 ce d4*	      HEX	A0 C5 CE D4 D2 C9 C5 D3 AE 8D 8D A0 A0 C1 D2 C5
   5576  7ec8		       a0 d9 cf d5*	      HEX	A0 D9 CF D5 A0 D3 D5 D2 C5 A0 A8 D9 AF CE A9 A0
   5577  7ed8		       00		      HEX	00
   5578  7ed9
   5579  7ed9		       20 3d 82 	      JSR	EDITOR_WAIT_FOR_KEY
   5580  7edc		       c9 d9		      CMP	#$D9	; 'Y'
   5581  7ede		       d0 1e		      BNE	.end
   5582  7ee0
   5583  7ee0		       a9 01		      LDA	#$01
   5584  7ee2		       20 59 63 	      JSR	ACCESS_HI_SCORE_DATA_FROM_DISK	; read table
   5585  7ee5		       c9 00		      CMP	#$00
   5586  7ee7		       d0 06		      BNE	.good_disk
   5587  7ee9		       20 06 81 	      JSR	BAD_DATA_DISK
   5588  7eec		       4c b2 7b 	      JMP	START_LEVEL_EDITOR
   5589  7eef
   5590  7eef				   .good_disk
   5591  7eef		       a0 4f		      LDY	#$4F
   5592  7ef1		       a9 00		      LDA	#$00
   5593  7ef3
   5594  7ef3				   .loop
   5595  7ef3		       99 00 1f 	      STA	HI_SCORE_DATA,Y
   5596  7ef6		       88		      DEY
   5597  7ef7		       10 fa		      BPL	.loop
   5598  7ef9
   5599  7ef9		       a9 02		      LDA	#$02
   5600  7efb		       20 59 63 	      JSR	ACCESS_HI_SCORE_DATA_FROM_DISK	; write table
   5601  7efe
   5602  7efe				   .end
   5603  7efe		       4c 16 7c 	      JMP	EDITOR_COMMAND_LOOP
   5604  7f01
   5605  7f01					      ORG	$7F01
   5606  7f01				   EDIT_LEVEL
   5607  7f01					      SUBROUTINE
   5608  7f01
   5609  7f01		       20 57 7a 	      JSR	CLEAR_HGR2
   5610  7f04		       a9 40		      LDA	#$40
   5611  7f06		       85 87		      STA	DRAW_PAGE
   5612  7f08		       20 b3 79 	      JSR	PUT_STATUS_DRAW
   5613  7f0b		       a9 20		      LDA	#$20
   5614  7f0d		       85 87		      STA	DRAW_PAGE
   5615  7f0f
   5616  7f0f		       20 7f 80 	      JSR	CHECK_FOR_VALID_DATA_DISK
   5617  7f12		       a2 01		      LDX	#$01
   5618  7f14		       86 ad		      STX	$AD
   5619  7f16		       ca		      DEX
   5620  7f17		       20 38 62 	      JSR	LOAD_LEVEL
   5621  7f1a		       90 03		      BCC	.start_editing
   5622  7f1c		       4c 3b 7c 	      JMP	EDITOR_COMMAND_LOOP_BEEP
   5623  7f1f
   5624  7f1f				   .start_editing
   5625  7f1f		       a9 00		      LDA	#$00
   5626  7f21		       85 85		      STA	GAME_COLNUM
   5627  7f23		       85 86		      STA	GAME_ROWNUM
   5628  7f25
   5629  7f25				   EDIT_LEVEL_KEY_LOOP
   5630  7f25		       20 4b 81 	      JSR	GET_KEY_FOR_EDIT_LEVEL
   5631  7f28		       c9 ba		      CMP	#$BA
   5632  7f2a		       b0 28		      BCS	.store_sprite_num	; key >= '9'+1
   5633  7f2c		       c9 b0		      CMP	#$B0
   5634  7f2e		       90 24		      BCC	.store_sprite_num	; key < '0'
   5635  7f30							; key is digit
   5636  7f30
   5637  7f30		       29 0f		      AND	#$0F
   5638  7f32		       85 1e		      STA	SPRITE_NUM
   5639  7f34		       a4 86		      LDY	GAME_ROWNUM
   5640  7f36		       b9 05 1c 	      LDA	CURR_LEVEL_ROW_SPRITES_PTR_OFFSETS,Y
   5641  7f39		       85 06		      STA	PTR1
   5642  7f3b		       b9 15 1c 	      LDA	CURR_LEVEL_ROW_SPRITES_PTR_PAGES,Y
   5643  7f3e		       85 07		      STA	PTR1+1
   5644  7f40
   5645  7f40		       a4 85		      LDY	GAME_COLNUM
   5646  7f42		       a5 1e		      LDA	SPRITE_NUM
   5647  7f44		       51 06		      EOR	(PTR1),Y
   5648  7f46		       f0 02		      BEQ	.store_sprite
   5649  7f48		       46 ad		      LSR	$AD
   5650  7f4a
   5651  7f4a				   .store_sprite
   5652  7f4a		       a5 1e		      LDA	SPRITE_NUM
   5653  7f4c		       91 06		      STA	(PTR1),Y
   5654  7f4e		       20 aa 82 	      JSR	DRAW_SPRITE_PAGE1
   5655  7f51		       4c 25 7f 	      JMP	EDIT_LEVEL_KEY_LOOP
   5656  7f54
   5657  7f54				   .store_sprite_num
   5658  7f54		       85 1e		      STA	SPRITE_NUM
   5659  7f56		       a0 ff		      LDY	#$FF
   5660  7f58
   5661  7f58				   .loop2
   5662  7f58		       c8		      INY
   5663  7f59		       b9 62 81 	      LDA	LEVEL_EDIT_KEY_TABLE,Y
   5664  7f5c		       f0 10		      BEQ	EDIT_LEVEL_BEEP
   5665  7f5e
   5666  7f5e		       c5 1e		      CMP	SPRITE_NUM
   5667  7f60		       d0 f6		      BNE	.loop2
   5668  7f62
   5669  7f62		       98		      TYA
   5670  7f63		       0a		      ASL
   5671  7f64		       a8		      TAY
   5672  7f65		       b9 6c 81 	      LDA	LEVEL_EDIT_KEY_FUNCTIONS+1,Y
   5673  7f68		       48		      PHA
   5674  7f69		       b9 6b 81 	      LDA	LEVEL_EDIT_KEY_FUNCTIONS,Y
   5675  7f6c		       48		      PHA
   5676  7f6d		       60		      RTS
   5677  7f6e
   5678  7f6e				   EDIT_LEVEL_BEEP
   5679  7f6e		       20 ce 86 	      JSR	BEEP
   5680  7f71		       4c 25 7f 	      JMP	EDIT_LEVEL_KEY_LOOP
   5681  7f74
   5682  7f74					      ORG	$7F74
   5683  7f74				   LEVEL_EDIT_UP
   5684  7f74					      SUBROUTINE
   5685  7f74
   5686  7f74		       a5 86		      LDA	GAME_ROWNUM
   5687  7f76		       f0 f6		      BEQ	EDIT_LEVEL_BEEP	; nope!
   5688  7f78
   5689  7f78		       c6 86		      DEC	GAME_ROWNUM
   5690  7f7a		       10 a9		      BPL	EDIT_LEVEL_KEY_LOOP	; unconditional
   5691  7f7c
   5692  7f7c				   LEVEL_EDIT_LEFT
   5693  7f7c					      SUBROUTINE
   5694  7f7c
   5695  7f7c		       a5 85		      LDA	GAME_COLNUM
   5696  7f7e		       f0 ee		      BEQ	EDIT_LEVEL_BEEP	; nope!
   5697  7f80
   5698  7f80		       c6 85		      DEC	GAME_COLNUM
   5699  7f82		       10 a1		      BPL	EDIT_LEVEL_KEY_LOOP	; unconditional
   5700  7f84
   5701  7f84				   LEVEL_EDIT_RIGHT
   5702  7f84					      SUBROUTINE
   5703  7f84
   5704  7f84		       a5 85		      LDA	GAME_COLNUM
   5705  7f86		       c9 1b		      CMP	#MAX_GAME_COL
   5706  7f88		       b0 e4		      BCS	EDIT_LEVEL_BEEP	; nope!
   5707  7f8a
   5708  7f8a		       e6 85		      INC	GAME_COLNUM
   5709  7f8c		       d0 97		      BNE	EDIT_LEVEL_KEY_LOOP	; unconditional
   5710  7f8e
   5711  7f8e				   LEVEL_EDIT_DOWN
   5712  7f8e					      SUBROUTINE
   5713  7f8e
   5714  7f8e		       a5 86		      LDA	GAME_ROWNUM
   5715  7f90		       c9 0f		      CMP	#MAX_GAME_ROW
   5716  7f92		       b0 da		      BCS	EDIT_LEVEL_BEEP	; nope!
   5717  7f94
   5718  7f94		       e6 86		      INC	GAME_ROWNUM
   5719  7f96		       d0 8d		      BNE	EDIT_LEVEL_KEY_LOOP	; unconditional
   5720  7f98
   5721  7f98				   LEVEL_EDIT_SAVE1
   5722  7f98					      SUBROUTINE
   5723  7f98
   5724  7f98		       a5 86		      LDA	GAME_ROWNUM
   5725  7f9a		       48		      PHA
   5726  7f9b		       a5 85		      LDA	GAME_COLNUM
   5727  7f9d		       48		      PHA
   5728  7f9e		       a9 01		      LDA	#$01
   5729  7fa0		       20 59 63 	      JSR	ACCESS_HI_SCORE_DATA_FROM_DISK
   5730  7fa3		       c9 00		      CMP	#$00
   5731  7fa5		       d0 06		      BNE	.check_for_master_disk
   5732  7fa7
   5733  7fa7		       20 06 81 	      JSR	BAD_DATA_DISK
   5734  7faa		       4c c5 7f 	      JMP	.end
   5735  7fad
   5736  7fad				   .check_for_master_disk
   5737  7fad		       c9 01		      CMP	#$01
   5738  7faf		       d0 06		      BNE	.save_data
   5739  7fb1
   5740  7fb1		       20 98 80 	      JSR	DONT_MANIPULATE_MASTER_DISK
   5741  7fb4		       4c c5 7f 	      JMP	.end
   5742  7fb7
   5743  7fb7				   .save_data
   5744  7fb7		       20 c7 62 	      JSR	COMPRESS_AND_SAVE_LEVEL_DATA
   5745  7fba		       68		      PLA
   5746  7fbb		       85 85		      STA	GAME_COLNUM
   5747  7fbd		       68		      PLA
   5748  7fbe		       85 86		      STA	GAME_ROWNUM
   5749  7fc0		       a9 01		      LDA	#$01
   5750  7fc2		       85 ad		      STA	$AD
   5751  7fc4		       60		      RTS
   5752  7fc5
   5753  7fc5				   .end
   5754  7fc5		       a9 00		      LDA	#$00
   5755  7fc7		       85 85		      STA	GAME_COLNUM
   5756  7fc9		       85 86		      STA	GAME_ROWNUM
   5757  7fcb		       4c 25 7f 	      JMP	EDIT_LEVEL_KEY_LOOP
   5758  7fce
   5759  7fce				   LEVEL_EDIT_SAVE
   5760  7fce					      SUBROUTINE
   5761  7fce
   5762  7fce		       20 98 7f 	      JSR	LEVEL_EDIT_SAVE1
   5763  7fd1		       4c 25 7f 	      JMP	EDIT_LEVEL_KEY_LOOP
   5764  7fd4
   5765  7fd4				   LEVEL_EDIT_RIGHT_ARROW
   5766  7fd4					      SUBROUTINE
   5767  7fd4
   5768  7fd4		       a5 96		      LDA	DISK_LEVEL_LOC
   5769  7fd6		       c9 95		      CMP	#$95
   5770  7fd8
   5771  7fd8				   LEVEL_EDIT_RIGHT_ARROW_CHECK
   5772  7fd8		       f0 94		      BEQ	EDIT_LEVEL_BEEP
   5773  7fda		       20 f8 7f 	      JSR	LEVEL_EDIT_CHANGE_LEVEL
   5774  7fdd		       e6 96		      INC	DISK_LEVEL_LOC
   5775  7fdf		       e6 a6		      INC	LEVELNUM
   5776  7fe1		       4c 01 7f 	      JMP	EDIT_LEVEL
   5777  7fe4
   5778  7fe4				   LEVEL_EDIT_LEFT_ARROW
   5779  7fe4					      SUBROUTINE
   5780  7fe4
   5781  7fe4		       a5 96		      LDA	DISK_LEVEL_LOC
   5782  7fe6		       f0 f0		      BEQ	LEVEL_EDIT_RIGHT_ARROW_CHECK
   5783  7fe8		       20 f8 7f 	      JSR	LEVEL_EDIT_CHANGE_LEVEL
   5784  7feb		       c6 a6		      DEC	LEVELNUM
   5785  7fed		       c6 96		      DEC	DISK_LEVEL_LOC
   5786  7fef		       4c 01 7f 	      JMP	EDIT_LEVEL
   5787  7ff2
   5788  7ff2				   LEVEL_EDIT_Q
   5789  7ff2					      SUBROUTINE
   5790  7ff2
   5791  7ff2		       20 f8 7f 	      JSR	LEVEL_EDIT_CHANGE_LEVEL
   5792  7ff5		       4c b2 7b 	      JMP	START_LEVEL_EDITOR
   5793  7ff8
   5794  7ff8				   LEVEL_EDIT_CHANGE_LEVEL
   5795  7ff8					      SUBROUTINE
   5796  7ff8
   5797  7ff8		       a5 ad		      LDA	$AD
   5798  7ffa		       d0 79		      BNE	.end
   5799  7ffc		       20 57 7a 	      JSR	CLEAR_HGR2
   5800  7fff		       a9 40		      LDA	#$40
   5801  8001		       85 87		      STA	DRAW_PAGE
   5802  8003		       a9 00		      LDA	#$00
   5803  8005		       85 85		      STA	GAME_COLNUM
   5804  8007		       85 86		      STA	GAME_ROWNUM
   5805  8009
   5806  8009							; "LEVEL HAS BEEN CHANGED BUT\r"
   5807  8009							; "NOT SAVED. DO YOU WISH TO\r"
   5808  8009							; "SAVE MODIFIED LEVEL (Y/N) "
   5809  8009		       20 e0 86 	      JSR	PUT_STRING
   5810  800c		       cc c5 d6 c5*	      HEX	CC C5 D6 C5 CC A0 C8 C1 D3 A0 C2 C5 C5 CE A0 C3
   5811  801c		       c8 c1 ce c7*	      HEX	C8 C1 CE C7 C5 C4 A0 C2 D5 D4 8D CE CF D4 A0 D3
   5812  802c		       c1 d6 c5 c4*	      HEX	C1 D6 C5 C4 AE A0 C4 CF A0 D9 CF D5 A0 D7 C9 D3
   5813  803c		       c8 a0 d4 cf*	      HEX	C8 A0 D4 CF 8D D3 C1 D6 C5 A0 CD CF C4 C9 C6 C9
   5814  804c		       c5 c4 a0 cc*	      HEX	C5 C4 A0 CC C5 D6 C5 CC A0 A8 D9 AF CE A9 A0 00
   5815  805c
   5816  805c		       20 ce 86 	      JSR	BEEP
   5817  805f		       8d 55 c0 	      STA	TXTPAGE2
   5818  8062
   5819  8062				   .loop
   5820  8062		       a9 00		      LDA	#$00
   5821  8064		       20 f3 85 	      JSR	WAIT_FOR_KEY
   5822  8067		       8d 10 c0 	      STA	KBDSTRB
   5823  806a		       c9 ce		      CMP	#$CE	; 'N'
   5824  806c		       f0 07		      BEQ	.end
   5825  806e
   5826  806e		       c9 d9		      CMP	#$D9	; 'Y'
   5827  8070		       d0 f0		      BNE	.loop
   5828  8072
   5829  8072		       20 98 7f 	      JSR	LEVEL_EDIT_SAVE1
   5830  8075
   5831  8075				   .end
   5832  8075		       8d 54 c0 	      STA	TXTPAGE1
   5833  8078		       a9 00		      LDA	#$00
   5834  807a		       85 85		      STA	GAME_COLNUM
   5835  807c		       85 86		      STA	GAME_ROWNUM
   5836  807e		       60		      RTS
   5837  807f
   5838  807f
   5839  807f					      ORG	$807F
   5840  807f				   CHECK_FOR_VALID_DATA_DISK
   5841  807f					      SUBROUTINE
   5842  807f
   5843  807f		       a9 01		      LDA	#$01
   5844  8081		       20 59 63 	      JSR	ACCESS_HI_SCORE_DATA_FROM_DISK	; read table
   5845  8084		       c9 00		      CMP	#$00	; bad table
   5846  8086		       d0 06		      BNE	.check_for_master_disk
   5847  8088
   5848  8088		       20 06 81 	      JSR	BAD_DATA_DISK
   5849  808b		       4c b2 7b 	      JMP	START_LEVEL_EDITOR
   5850  808e
   5851  808e				   .check_for_master_disk
   5852  808e		       c9 01		      CMP	#$01	; master disk
   5853  8090		       d0 73		      BNE	RETURN_FROM_SUBROUTINE
   5854  8092
   5855  8092		       20 98 80 	      JSR	DONT_MANIPULATE_MASTER_DISK
   5856  8095		       4c b2 7b 	      JMP	START_LEVEL_EDITOR
   5857  8098
   5858  8098					      ORG	$8098
   5859  8098				   DONT_MANIPULATE_MASTER_DISK
   5860  8098					      SUBROUTINE
   5861  8098
   5862  8098		       20 57 7a 	      JSR	CLEAR_HGR2
   5863  809b		       a9 40		      LDA	#$40
   5864  809d		       85 87		      STA	DRAW_PAGE
   5865  809f		       a9 00		      LDA	#$00
   5866  80a1		       85 85		      STA	GAME_COLNUM
   5867  80a3		       85 86		      STA	GAME_ROWNUM
   5868  80a5
   5869  80a5							; "USER NOT ALLOWED TO\r"
   5870  80a5							; "MANIPULATE MASTER DISKETTE."
   5871  80a5		       20 e0 86 	      JSR	PUT_STRING
   5872  80a8		       d5 d3 c5 d2*	      HEX	D5 D3 C5 D2 A0 CE CF D4 A0 C1 CC CC CF D7 C5 C4
   5873  80b8		       a0 d4 cf 8d*	      HEX	A0 D4 CF 8D CD C1 CE C9 D0 D5 CC C1 D4 C5 A0 CD
   5874  80c8		       c1 d3 d4 c5*	      HEX	C1 D3 D4 C5 D2 A0 C4 C9 D3 CB C5 D4 D4 C5 AE 00
   5875  80d8
   5876  80d8							; fallthrough to HIT_KEY_TO_CONTINUE
   5877  80d8
   5878  80d8					      ORG	$80D8
   5879  80d8				   HIT_KEY_TO_CONTINUE
   5880  80d8					      SUBROUTINE
   5881  80d8
   5882  80d8							; "\r"
   5883  80d8							; "\r"
   5884  80d8							; "HIT A KEY TO CONTINUE "
   5885  80d8		       20 e0 86 	      JSR	PUT_STRING
   5886  80db		       8d 8d c8 c9*	      HEX	8D 8D C8 C9 D4 A0 C1 A0 CB C5 D9 A0 D4 CF A0 C3
   5887  80eb		       cf ce d4 c9*	      HEX	CF CE D4 C9 CE D5 C5 A0 00
   5888  80f4
   5889  80f4		       20 ce 86 	      JSR	BEEP
   5890  80f7		       8d 55 c0 	      STA	TXTPAGE2
   5891  80fa		       a9 00		      LDA	#$00
   5892  80fc		       20 f3 85 	      JSR	WAIT_FOR_KEY
   5893  80ff		       8d 10 c0 	      STA	KBDSTRB
   5894  8102		       8d 54 c0 	      STA	TXTPAGE1
   5895  8105				   RETURN_FROM_SUBROUTINE
   5896  8105		       60		      RTS
   5897  8106
   5898  8106					      ORG	$8106
   5899  8106				   BAD_DATA_DISK
   5900  8106					      SUBROUTINE
   5901  8106
   5902  8106		       20 57 7a 	      JSR	CLEAR_HGR2
   5903  8109		       a9 40		      LDA	#$40
   5904  810b		       85 87		      STA	DRAW_PAGE
   5905  810d		       a9 00		      LDA	#$00
   5906  810f		       85 85		      STA	GAME_COLNUM
   5907  8111		       85 86		      STA	GAME_ROWNUM
   5908  8113
   5909  8113							; "DISKETTE IN DRIVE IS NOT A\r"
   5910  8113							; "LODE RUNNER DATA DISK."
   5911  8113		       20 e0 86 	      JSR	PUT_STRING
   5912  8116		       c4 c9 d3 cb*	      HEX	C4 C9 D3 CB C5 D4 D4 C5 A0 C9 CE A0 C4 D2 C9 D6
   5913  8126		       c5 a0 c9 d3*	      HEX	C5 A0 C9 D3 A0 CE CF D4 A0 C1 8D CC CF C4 C5 A0
   5914  8136		       d2 d5 ce ce*	      HEX	D2 D5 CE CE C5 D2 A0 C4 C1 D4 C1 A0 C4 C9 D3 CB
   5915  8146		       ae 00		      HEX	AE 00
   5916  8148
   5917  8148		       4c d8 80 	      JMP	HIT_KEY_TO_CONTINUE
   5918  814b
   5919  814b					      ORG	$814B
   5920  814b				   GET_KEY_FOR_EDIT_LEVEL
   5921  814b					      SUBROUTINE
   5922  814b
   5923  814b		       a4 86		      LDY	GAME_ROWNUM
   5924  814d		       b9 05 1c 	      LDA	CURR_LEVEL_ROW_SPRITES_PTR_OFFSETS,Y
   5925  8150		       85 06		      STA	PTR1
   5926  8152		       b9 15 1c 	      LDA	CURR_LEVEL_ROW_SPRITES_PTR_PAGES,Y
   5927  8155		       85 07		      STA	PTR1+1
   5928  8157
   5929  8157		       a4 85		      LDY	GAME_COLNUM
   5930  8159		       b1 06		      LDA	(PTR1),Y
   5931  815b		       20 00 87 	      JSR	WAIT_FOR_KEY_WITH_CURSOR_PAGE_1
   5932  815e		       8d 10 c0 	      STA	KBDSTRB
   5933  8161		       60		      RTS
   5934  8162
   5935  8162					      ORG	$8162
   5936  8162				   LEVEL_EDIT_KEY_TABLE
   5937  8162							; J (left)
   5938  8162							; I (up)
   5939  8162							; K (right)
   5940  8162							; M (down)
   5941  8162							; ctrl-S (save)
   5942  8162							; right arrow
   5943  8162							; left arrow
   5944  8162							; ctrl-Q
   5945  8162		       ca c9 cb cd*	      HEX	CA C9 CB CD 93 95 88 91 00
   5946  816b				   LEVEL_EDIT_KEY_FUNCTIONS
   5947  816b		       7b 7f		      WORD.w	LEVEL_EDIT_LEFT-1
   5948  816d		       73 7f		      WORD.w	LEVEL_EDIT_UP-1
   5949  816f		       83 7f		      WORD.w	LEVEL_EDIT_RIGHT-1
   5950  8171		       8d 7f		      WORD.w	LEVEL_EDIT_DOWN-1
   5951  8173		       cd 7f		      WORD.w	LEVEL_EDIT_SAVE-1
   5952  8175		       d3 7f		      WORD.w	LEVEL_EDIT_RIGHT_ARROW-1
   5953  8177		       e3 7f		      WORD.w	LEVEL_EDIT_LEFT_ARROW-1
   5954  8179		       f1 7f		      WORD.w	LEVEL_EDIT_Q-1
   5955  817b
   5956  817b
   5957  817b					      ORG	$817B
   5958  817b				   GET_LEVEL_FROM_KEYBOARD
   5959  817b					      SUBROUTINE
   5960  817b
   5961  817b		       a4 96		      LDY	DISK_LEVEL_LOC
   5962  817d		       c8		      INY
   5963  817e		       98		      TYA
   5964  817f		       20 f8 7a 	      JSR	TO_DECIMAL3	; make 1-based
   5965  8182		       a5 85		      LDA	GAME_COLNUM
   5966  8184		       8d 4e 82 	      STA	SAVED_GAME_COLNUM
   5967  8187		       a0 00		      LDY	#$00
   5968  8189
   5969  8189							; Print current level
   5970  8189				   .loop
   5971  8189		       b9 89 00 	      LDA	HUNDREDS,Y
   5972  818c		       8c 4d 82 	      STY	KBD_ENTRY_INDEX	; save Y
   5973  818f		       20 15 7b 	      JSR	PUT_DIGIT
   5974  8192		       ac 4d 82 	      LDY	KBD_ENTRY_INDEX	; restore Y
   5975  8195		       c8		      INY
   5976  8196		       c0 03		      CPY	#$03
   5977  8198		       90 ef		      BCC	.loop
   5978  819a
   5979  819a		       ad 4e 82 	      LDA	SAVED_GAME_COLNUM
   5980  819d		       85 85		      STA	GAME_COLNUM
   5981  819f		       a0 00		      LDY	#$00
   5982  81a1		       8c 4d 82 	      STY	KBD_ENTRY_INDEX
   5983  81a4
   5984  81a4				   .loop2
   5985  81a4		       ae 4d 82 	      LDX	KBD_ENTRY_INDEX
   5986  81a7		       b5 89		      LDA	HUNDREDS,X
   5987  81a9		       18		      CLC
   5988  81aa		       69 3b		      ADC	#$3B	; sprite = '0' + X
   5989  81ac		       20 00 87 	      JSR	WAIT_FOR_KEY_WITH_CURSOR_PAGE_1
   5990  81af		       8d 10 c0 	      STA	KBDSTRB
   5991  81b2		       c9 8d		      CMP	#$8D	; return
   5992  81b4		       f0 57		      BEQ	.return_pressed
   5993  81b6
   5994  81b6		       c9 88		      CMP	#$88	; backspace
   5995  81b8		       d0 0d		      BNE	.check_for_fwd_arrow
   5996  81ba
   5997  81ba		       ae 4d 82 	      LDX	KBD_ENTRY_INDEX
   5998  81bd		       f0 48		      BEQ	.beep	; can't backspace past the beginning
   5999  81bf
   6000  81bf		       ce 4d 82 	      DEC	KBD_ENTRY_INDEX
   6001  81c2		       c6 85		      DEC	GAME_COLNUM
   6002  81c4		       4c a4 81 	      JMP	.loop2
   6003  81c7
   6004  81c7				   .check_for_fwd_arrow
   6005  81c7		       c9 95		      CMP	#$95	; fwd arrow
   6006  81c9		       d0 0f		      BNE	.check_for_escape
   6007  81cb
   6008  81cb		       ae 4d 82 	      LDX	KBD_ENTRY_INDEX
   6009  81ce		       e0 02		      CPX	#$02
   6010  81d0		       f0 35		      BEQ	.beep	; can't fwd past the end
   6011  81d2
   6012  81d2		       e6 85		      INC	GAME_COLNUM
   6013  81d4		       ee 4d 82 	      INC	KBD_ENTRY_INDEX
   6014  81d7		       4c a4 81 	      JMP	.loop2
   6015  81da
   6016  81da				   .check_for_escape
   6017  81da		       c9 9b		      CMP	#$9B	; ESC
   6018  81dc		       d0 03		      BNE	.check_for_digit
   6019  81de		       4c 16 7c 	      JMP	EDITOR_COMMAND_LOOP
   6020  81e1
   6021  81e1				   .check_for_digit
   6022  81e1		       c9 b0		      CMP	#$B0	; '0'
   6023  81e3		       90 22		      BCC	.beep	; less than '0' not allowed
   6024  81e5		       c9 ba		      CMP	#$BA	; '9'+1
   6025  81e7		       b0 1e		      BCS	.beep	; greater than '9' not allowed
   6026  81e9
   6027  81e9		       38		      SEC
   6028  81ea		       e9 b0		      SBC	#$B0	; char - '0'
   6029  81ec		       ac 4d 82 	      LDY	KBD_ENTRY_INDEX
   6030  81ef		       99 89 00 	      STA	HUNDREDS,Y
   6031  81f2		       20 15 7b 	      JSR	PUT_DIGIT
   6032  81f5		       ee 4d 82 	      INC	KBD_ENTRY_INDEX
   6033  81f8		       ad 4d 82 	      LDA	KBD_ENTRY_INDEX
   6034  81fb		       c9 03		      CMP	#$03
   6035  81fd		       90 a5		      BCC	.loop2
   6036  81ff
   6037  81ff							; Don't allow a fourth digit
   6038  81ff		       ce 4d 82 	      DEC	KBD_ENTRY_INDEX
   6039  8202		       c6 85		      DEC	GAME_COLNUM
   6040  8204		       4c a4 81 	      JMP	.loop2
   6041  8207
   6042  8207				   .beep
   6043  8207		       20 ce 86 	      JSR	BEEP
   6044  820a		       4c a4 81 	      JMP	.loop2
   6045  820d
   6046  820d				   .return_pressed
   6047  820d		       ad 4e 82 	      LDA	SAVED_GAME_COLNUM
   6048  8210		       18		      CLC
   6049  8211		       69 03		      ADC	#$03
   6050  8213		       85 85		      STA	GAME_COLNUM
   6051  8215		       a9 00		      LDA	#$00
   6052  8217		       a6 89		      LDX	HUNDREDS
   6053  8219		       f0 08		      BEQ	.add_tens
   6054  821b
   6055  821b		       18		      CLC
   6056  821c				   .loop_hundreds
   6057  821c		       69 64		      ADC	#100
   6058  821e		       b0 1c		      BCS	.end
   6059  8220		       ca		      DEX
   6060  8221		       d0 f9		      BNE	.loop_hundreds
   6061  8223
   6062  8223				   .add_tens
   6063  8223		       a6 8a		      LDX	TENS
   6064  8225		       f0 08		      BEQ	.add_units
   6065  8227
   6066  8227		       18		      CLC
   6067  8228				   .loop_tens
   6068  8228		       69 0a		      ADC	#10
   6069  822a		       b0 10		      BCS	.end
   6070  822c		       ca		      DEX
   6071  822d		       d0 f9		      BNE	.loop_tens
   6072  822f
   6073  822f				   .add_units
   6074  822f		       18		      CLC
   6075  8230		       65 8b		      ADC	UNITS
   6076  8232		       b0 08		      BCS	.end
   6077  8234
   6078  8234		       85 a6		      STA	LEVELNUM
   6079  8236		       a8		      TAY
   6080  8237		       88		      DEY
   6081  8238		       84 96		      STY	DISK_LEVEL_LOC
   6082  823a		       c0 96		      CPY	#$96
   6083  823c
   6084  823c				   .end
   6085  823c		       60		      RTS
   6086  823d
   6087  823d
   6088  823d							; Player movement routines
   6089  823d
   6090  823d					      ORG	$823D
   6091  823d				   EDITOR_WAIT_FOR_KEY
   6092  823d					      SUBROUTINE
   6093  823d
   6094  823d		       a9 00		      LDA	#$00
   6095  823f		       20 00 87 	      JSR	WAIT_FOR_KEY_WITH_CURSOR_PAGE_1
   6096  8242		       8d 10 c0 	      STA	KBDSTRB
   6097  8245		       c9 9b		      CMP	#$9B	; ESC
   6098  8247		       d0 03		      BNE	.return
   6099  8249		       4c 16 7c 	      JMP	EDITOR_COMMAND_LOOP
   6100  824c
   6101  824c				   .return
   6102  824c		       60		      RTS
   6103  824d
   6104  824d					      ORG	$824D
   6105  824d				   KBD_ENTRY_INDEX
   6106  824d		       60		      HEX	60
   6107  824e
   6108  824e					      ORG	$824E
   6109  824e				   SAVED_GAME_COLNUM
   6110  824e		       85		      HEX	85
   6111  824f					      ORG	$824F
   6112  824f				   EDITOR_LEVEL_ENTRY
   6113  824f		       0f		      HEX	0F
   6114  824f		       00 3c	   SRC_PTR    EQU	$3C	; 2 bytes
   6115  824f		       00 3e	   DEST_PTR   EQU	$3E	; 2 bytes
   6116  8250
   6117  8250					      ORG	$8250
   6118  8250				   SAVED_VTOC_DATA
   6119  8250		       60 02 11 0f*	      HEX	60 02 11 0F 04 00 00 FE 00 00 00 00 00 00 00 00
   6120  8260		       00 00 00 00*	      HEX	00 00 00 00 00 00 00 00 00 00 00 00 00 00 00 00
   6121  8270		       00 00 00 00*	      HEX	00 00 00 00 00 00 00 00 7A 00 00 00 00 00 00 00
   6122  8280		       00 ff ff 00*	      HEX	00 FF FF 00 00 23 0F 00 01
   6123  8289
   6124  8289					      ORG	$8289
   6125  8289				   SAVED_FILE_DESCRIPTIVE_ENTRY_DATA
   6126  8289		       22		      HEX	22	; Track of first track/sector list sector (T34)
   6127  828a		       0f		      HEX	0F	; Sector of first track/sector list sector (S15)
   6128  828b		       88		      HEX	88	; File type and flags: locked, S-type file
   6129  828c							; File name: "^H^H^H^H^H^H^HLODE RUNNER DATA DISK  "
   6130  828c		       88 88 88 88*	      HEX	88 88 88 88 88 88 88 CC CF C4 C5 A0 D2 D5 CE CE
   6131  829c		       c5 d2 a0 c4*	      HEX	C5 D2 A0 C4 C1 D4 C1 A0 C4 C9 D3 CB A0 A0
   6132  82aa					      ORG	$82AA
   6133  82aa				   DRAW_SPRITE_PAGE1
   6134  82aa					      SUBROUTINE
   6135  82aa							; Enter routine with A set to sprite number to draw,
   6136  82aa							; GAME_ROWNUM set to the row to draw it at, and GAME_COLNUM
   6137  82aa							; set to the column to draw it at.
   6138  82aa
   6139  82aa		       85 1e		      STA	SPRITE_NUM
   6140  82ac		       a9 20		      LDA	#$20	; Page number for HGR1
   6141  82ae		       d0 04		      BNE	DRAW_SPRITE	; Actually unconditional jump
   6142  82b0
   6143  82b0				   DRAW_SPRITE_PAGE2
   6144  82b0					      SUBROUTINE
   6145  82b0							; Enter routine with A set to sprite number to draw,
   6146  82b0							; GAME_ROWNUM set to the row to draw it at, and GAME_COLNUM
   6147  82b0							; set to the column to draw it at.
   6148  82b0
   6149  82b0		       85 1e		      STA	SPRITE_NUM
   6150  82b2		       a9 40		      LDA	#$40	; Page number for HGR2
   6151  82b4							; fallthrough
   6152  82b4
   6153  82b4				   DRAW_SPRITE
   6154  82b4		       85 1f		      STA	HGR_PAGE
   6155  82b6		       a4 86		      LDY	GAME_ROWNUM
   6156  82b8		       20 5d 88 	      JSR	GET_SCREEN_COORDS_FOR
   6157  82bb		       84 1b		      STY	ROWNUM	; ROWNUM = SCREEN_ROW_TABLE[GAME_ROWNUM]
   6158  82bd
   6159  82bd		       a6 85		      LDX	GAME_COLNUM
   6160  82bf		       20 68 88 	      JSR	GET_BYTE_AND_SHIFT_FOR_COL
   6161  82c2		       85 1c		      STA	COLNUM	; COLNUM = COL_BYTE_TABLE[GAME_COLNUM]
   6162  82c4		       86 71		      STX	COL_SHIFT_AMT	; COL_SHIFT_AMT = COL_SHIFT_TABLE[GAME_COLNUM]
   6163  82c6
   6164  82c6		       bd 28 83 	      LDA	PIXEL_MASK0,X
   6165  82c9		       85 50		      STA	MASK0	; MASK0 = PIXEL_MASK0[COL_SHIFT_AMT]
   6166  82cb		       bd 2f 83 	      LDA	PIXEL_MASK1,X
   6167  82ce		       85 51		      STA	MASK1	; MASK1 = PIXEL_MASK1[COL_SHIFT_AMT]
   6168  82d0
   6169  82d0		       20 38 84 	      JSR	COMPUTE_SHIFTED_SPRITE
   6170  82d3
   6171  82d3		       a9 0b		      LDA	#$0B
   6172  82d5		       85 1d		      STA	ROW_COUNT
   6173  82d7		       a2 00		      LDX	#$00
   6174  82d9		       a5 71		      LDA	COL_SHIFT_AMT
   6175  82db		       c9 05		      CMP	#$05
   6176  82dd		       b0 22		      BCS	.need_3_bytes	; If COL_SHIFT_AMT >= 5, we need to alter three
   6177  82df							; screen bytes, otherwise just two bytes.
   6178  82df
   6179  82df				   .loop1
   6180  82df		       a4 1b		      LDY	ROWNUM
   6181  82e1		       20 31 7a 	      JSR	ROW_TO_ADDR
   6182  82e4		       a4 1c		      LDY	COLNUM
   6183  82e6		       b1 0c		      LDA	(ROW_ADDR),Y
   6184  82e8		       25 50		      AND	MASK0
   6185  82ea		       15 df		      ORA	BLOCK_DATA,X
   6186  82ec		       91 0c		      STA	(ROW_ADDR),Y	; screen[COLNUM] =
   6187  82ee							;   screen[COLNUM] & MASK0 | BLOCK_DATA[i]
   6188  82ee
   6189  82ee		       e8		      INX		; X++
   6190  82ef		       c8		      INY		; Y++
   6191  82f0		       b1 0c		      LDA	(ROW_ADDR),Y
   6192  82f2		       25 51		      AND	MASK1
   6193  82f4		       15 df		      ORA	BLOCK_DATA,X
   6194  82f6		       91 0c		      STA	(ROW_ADDR),Y	; screen[COLNUM+1] =
   6195  82f8							;   screen[COLNUM+1] & MASK1 | BLOCK_DATA[i+1]
   6196  82f8
   6197  82f8		       e8		      INX
   6198  82f9		       e8		      INX		; X += 2
   6199  82fa		       e6 1b		      INC	ROWNUM	; ROWNUM++
   6200  82fc		       c6 1d		      DEC	ROW_COUNT	; ROW_COUNT--
   6201  82fe		       d0 df		      BNE	.loop1	; loop while ROW_COUNT > 0
   6202  8300		       60		      RTS
   6203  8301
   6204  8301				   .need_3_bytes
   6205  8301		       a4 1b		      LDY	ROWNUM
   6206  8303		       20 31 7a 	      JSR	ROW_TO_ADDR
   6207  8306		       a4 1c		      LDY	COLNUM
   6208  8308		       b1 0c		      LDA	(ROW_ADDR),Y
   6209  830a		       25 50		      AND	MASK0
   6210  830c		       15 df		      ORA	BLOCK_DATA,X
   6211  830e		       91 0c		      STA	(ROW_ADDR),Y	; screen[COLNUM] =
   6212  8310							;   screen[COLNUM] & MASK0 | BLOCK_DATA[i]
   6213  8310
   6214  8310		       e8		      INX		; X++
   6215  8311		       c8		      INY		; Y++
   6216  8312		       b5 df		      LDA	BLOCK_DATA,X
   6217  8314		       91 0c		      STA	(ROW_ADDR),Y	; screen[COLNUM+1] = BLOCK_DATA[i+1]
   6218  8316
   6219  8316		       e8		      INX		; X++
   6220  8317		       c8		      INY		; Y++
   6221  8318		       b1 0c		      LDA	(ROW_ADDR),Y
   6222  831a		       25 51		      AND	MASK1
   6223  831c		       15 df		      ORA	BLOCK_DATA,X
   6224  831e		       91 0c		      STA	(ROW_ADDR),Y	; screen[COLNUM+2] =
   6225  8320							;   screen[COLNUM+2] & MASK1 | BLOCK_DATA[i+2]
   6226  8320
   6227  8320		       e8		      INX		; X++
   6228  8321		       e6 1b		      INC	ROWNUM	; ROWNUM++
   6229  8323		       c6 1d		      DEC	ROW_COUNT	; ROW_COUNT--
   6230  8325		       d0 da		      BNE	.need_3_bytes	; loop while ROW_COUNT > 0
   6231  8327		       60		      RTS
   6232  8328					      ORG	$8328
   6233  8328				   PIXEL_MASK0
   6234  8328		       00		      BYTE.b	%00000000
   6235  8329		       01		      BYTE.b	%00000001
   6236  832a		       03		      BYTE.b	%00000011
   6237  832b		       07		      BYTE.b	%00000111
   6238  832c		       0f		      BYTE.b	%00001111
   6239  832d		       1f		      BYTE.b	%00011111
   6240  832e		       3f		      BYTE.b	%00111111
   6241  832f				   PIXEL_MASK1
   6242  832f		       f8		      BYTE.b	%11111000
   6243  8330		       f0		      BYTE.b	%11110000
   6244  8331		       e0		      BYTE.b	%11100000
   6245  8332		       c0		      BYTE.b	%11000000
   6246  8333		       80		      BYTE.b	%10000000
   6247  8334		       fe		      BYTE.b	%11111110
   6248  8335		       fc		      BYTE.b	%11111100
   6249  8336					      ORG	$8336
   6250  8336				   ERASE_SPRITE_AT_PIXEL_COORDS
   6251  8336					      SUBROUTINE
   6252  8336							; Enter routine with A set to sprite number to draw,
   6253  8336							; Y set to the screen row to erase it at, and X
   6254  8336							; set to *half* the screen column to erase it at.
   6255  8336
   6256  8336		       84 1b		      STY	ROWNUM
   6257  8338		       85 1e		      STA	SPRITE_NUM
   6258  833a		       20 72 88 	      JSR	GET_BYTE_AND_SHIFT_FOR_HALF_SCREEN_COL
   6259  833d		       85 1c		      STA	COLNUM
   6260  833f		       86 71		      STX	COL_SHIFT_AMT
   6261  8341		       20 38 84 	      JSR	COMPUTE_SHIFTED_SPRITE
   6262  8344
   6263  8344		       a2 0b		      LDX	#$0B
   6264  8346		       86 1d		      STX	ROW_COUNT
   6265  8348		       a2 00		      LDX	#$00
   6266  834a		       a5 71		      LDA	COL_SHIFT_AMT
   6267  834c		       c9 05		      CMP	#$05
   6268  834e		       b0 26		      BCS	.need_3_bytes	; If COL_SHIFT_AMT >= 5, we need to alter three
   6269  8350							; screen bytes, otherwise just two bytes.
   6270  8350
   6271  8350				   .loop1
   6272  8350		       a4 1b		      LDY	ROWNUM
   6273  8352		       20 3e 7a 	      JSR	ROW_TO_ADDR_FOR_BOTH_PAGES
   6274  8355		       a4 1c		      LDY	COLNUM
   6275  8357		       b5 df		      LDA	BLOCK_DATA,X
   6276  8359		       49 7f		      EOR	#$7F
   6277  835b		       31 0c		      AND	(ROW_ADDR),Y
   6278  835d		       11 0e		      ORA	(ROW_ADDR2),Y
   6279  835f		       91 0c		      STA	(ROW_ADDR),Y	; screen[COLNUM] =
   6280  8361							;   (screen[COLNUM] & (BLOCK_DATA[i] ^ 0x7F)) |
   6281  8361							;   screen2[COLNUM]
   6282  8361
   6283  8361		       e8		      INX		; X++
   6284  8362		       c8		      INY		; Y++
   6285  8363		       b5 df		      LDA	BLOCK_DATA,X
   6286  8365		       49 7f		      EOR	#$7F
   6287  8367		       31 0c		      AND	(ROW_ADDR),Y
   6288  8369		       11 0e		      ORA	(ROW_ADDR2),Y
   6289  836b		       91 0c		      STA	(ROW_ADDR),Y	; screen[COLNUM+1] =
   6290  836d							;   (screen[COLNUM+1] & (BLOCK_DATA[i+1] ^ 0x7F)) |
   6291  836d							;   screen2[COLNUM+1]
   6292  836d
   6293  836d		       e8		      INX		; X++
   6294  836e		       e8		      INX		; X++
   6295  836f		       e6 1b		      INC	ROWNUM
   6296  8371		       c6 1d		      DEC	ROW_COUNT
   6297  8373		       d0 db		      BNE	.loop1
   6298  8375		       60		      RTS
   6299  8376
   6300  8376				   .need_3_bytes
   6301  8376		       a4 1b		      LDY	ROWNUM
   6302  8378		       20 3e 7a 	      JSR	ROW_TO_ADDR_FOR_BOTH_PAGES
   6303  837b		       a4 1c		      LDY	COLNUM
   6304  837d		       b5 df		      LDA	BLOCK_DATA,X
   6305  837f		       49 7f		      EOR	#$7F
   6306  8381		       31 0c		      AND	(ROW_ADDR),Y
   6307  8383		       11 0e		      ORA	(ROW_ADDR2),Y
   6308  8385		       91 0c		      STA	(ROW_ADDR),Y	; screen[COLNUM] =
   6309  8387							;   (screen[COLNUM] & (BLOCK_DATA[i] ^ 0x7F)) |
   6310  8387							;   screen2[COLNUM]
   6311  8387
   6312  8387		       e8		      INX		; X++
   6313  8388		       c8		      INY		; Y++
   6314  8389		       b5 df		      LDA	BLOCK_DATA,X
   6315  838b		       49 7f		      EOR	#$7F
   6316  838d		       31 0c		      AND	(ROW_ADDR),Y
   6317  838f		       11 0e		      ORA	(ROW_ADDR2),Y
   6318  8391		       91 0c		      STA	(ROW_ADDR),Y	; screen[COLNUM+1] =
   6319  8393							;   (screen[COLNUM+1] & (BLOCK_DATA[i+1] ^ 0x7F)) |
   6320  8393							;   screen2[COLNUM+1]
   6321  8393
   6322  8393		       e8		      INX		; X++
   6323  8394		       c8		      INY		; Y++
   6324  8395		       b5 df		      LDA	BLOCK_DATA,X
   6325  8397		       49 7f		      EOR	#$7F
   6326  8399		       31 0c		      AND	(ROW_ADDR),Y
   6327  839b		       11 0e		      ORA	(ROW_ADDR2),Y
   6328  839d		       91 0c		      STA	(ROW_ADDR),Y	; screen[COLNUM+2] =
   6329  839f							;   (screen[COLNUM+2] & (BLOCK_DATA[i+2] ^ 0x7F)) |
   6330  839f							;   screen2[COLNUM+2]
   6331  839f
   6332  839f		       e8		      INX		; X++
   6333  83a0		       e6 1b		      INC	ROWNUM
   6334  83a2		       c6 1d		      DEC	ROW_COUNT
   6335  83a4		       d0 d0		      BNE	.need_3_bytes
   6336  83a6		       60		      RTS
   6337  83a7
   6338  83a7					      ORG	$83A7
   6339  83a7				   DRAW_SPRITE_AT_PIXEL_COORDS
   6340  83a7					      SUBROUTINE
   6341  83a7							; Enter routine with A set to sprite number to draw,
   6342  83a7							; Y set to the screen row to draw it at, and X
   6343  83a7							; set to *half* the screen column to draw it at.
   6344  83a7
   6345  83a7		       84 1b		      STY	ROWNUM
   6346  83a9		       85 1e		      STA	SPRITE_NUM
   6347  83ab		       20 72 88 	      JSR	GET_BYTE_AND_SHIFT_FOR_HALF_SCREEN_COL
   6348  83ae		       85 1c		      STA	COLNUM
   6349  83b0		       86 71		      STX	COL_SHIFT_AMT
   6350  83b2		       20 38 84 	      JSR	COMPUTE_SHIFTED_SPRITE
   6351  83b5
   6352  83b5		       a9 0b		      LDA	#$0B
   6353  83b7		       85 1d		      STA	ROW_COUNT
   6354  83b9		       a2 00		      LDX	#$00
   6355  83bb		       86 52		      STX	SCREENS_DIFFER	; SCREENS_DIFFER = 0
   6356  83bd		       a5 71		      LDA	COL_SHIFT_AMT
   6357  83bf		       c9 05		      CMP	#$05
   6358  83c1		       b0 32		      BCS	.need_3_bytes	; If COL_SHIFT_AMT >= 5, we need to alter three
   6359  83c3							; screen bytes, otherwise just two bytes.
   6360  83c3
   6361  83c3				   .loop1
   6362  83c3		       a4 1b		      LDY	ROWNUM
   6363  83c5		       20 3e 7a 	      JSR	ROW_TO_ADDR_FOR_BOTH_PAGES
   6364  83c8		       a4 1c		      LDY	COLNUM
   6365  83ca		       b1 0c		      LDA	(ROW_ADDR),Y
   6366  83cc		       51 0e		      EOR	(ROW_ADDR2),Y
   6367  83ce		       35 df		      AND	BLOCK_DATA,X
   6368  83d0		       05 52		      ORA	SCREENS_DIFFER
   6369  83d2		       85 52		      STA	SCREENS_DIFFER	; SCREENS_DIFFER |=
   6370  83d4							;   ( (screen[COLNUM] ^ screen2[COLNUM]) &
   6371  83d4							;     BLOCK_DATA[i])
   6372  83d4		       b5 df		      LDA	BLOCK_DATA,X
   6373  83d6		       11 0c		      ORA	(ROW_ADDR),Y
   6374  83d8		       91 0c		      STA	(ROW_ADDR),Y	; screen[COLNUM] |= BLOCK_DATA[i]
   6375  83da
   6376  83da		       e8		      INX		; X++
   6377  83db		       c8		      INY		; Y++
   6378  83dc		       b1 0c		      LDA	(ROW_ADDR),Y
   6379  83de		       51 0e		      EOR	(ROW_ADDR2),Y
   6380  83e0		       35 df		      AND	BLOCK_DATA,X
   6381  83e2		       05 52		      ORA	SCREENS_DIFFER
   6382  83e4		       85 52		      STA	SCREENS_DIFFER	; SCREENS_DIFFER |=
   6383  83e6							;   ( (screen[COLNUM+1] ^ screen2[COLNUM+1]) &
   6384  83e6							;     BLOCK_DATA[i+1])
   6385  83e6		       b5 df		      LDA	BLOCK_DATA,X
   6386  83e8		       11 0c		      ORA	(ROW_ADDR),Y
   6387  83ea		       91 0c		      STA	(ROW_ADDR),Y	; screen[COLNUM+1] |= BLOCK_DATA[i+1]
   6388  83ec
   6389  83ec		       e8		      INX		; X++
   6390  83ed		       e8		      INX		; X++
   6391  83ee		       e6 1b		      INC	ROWNUM
   6392  83f0		       c6 1d		      DEC	ROW_COUNT
   6393  83f2		       d0 cf		      BNE	.loop1
   6394  83f4		       60		      RTS
   6395  83f5
   6396  83f5				   .need_3_bytes
   6397  83f5		       a4 1b		      LDY	ROWNUM
   6398  83f7		       20 3e 7a 	      JSR	ROW_TO_ADDR_FOR_BOTH_PAGES
   6399  83fa		       a4 1c		      LDY	COLNUM
   6400  83fc		       b1 0c		      LDA	(ROW_ADDR),Y
   6401  83fe		       51 0e		      EOR	(ROW_ADDR2),Y
   6402  8400		       35 df		      AND	BLOCK_DATA,X
   6403  8402		       05 52		      ORA	SCREENS_DIFFER
   6404  8404		       85 52		      STA	SCREENS_DIFFER	; SCREENS_DIFFER |=
   6405  8406							;   ( (screen[COLNUM] ^ screen2[COLNUM]) &
   6406  8406							;     BLOCK_DATA[i])
   6407  8406		       b5 df		      LDA	BLOCK_DATA,X
   6408  8408		       11 0c		      ORA	(ROW_ADDR),Y
   6409  840a		       91 0c		      STA	(ROW_ADDR),Y	; screen[COLNUM] |= BLOCK_DATA[i]
   6410  840c
   6411  840c		       e8		      INX		; X++
   6412  840d		       c8		      INY		; Y++
   6413  840e		       b1 0c		      LDA	(ROW_ADDR),Y
   6414  8410		       51 0e		      EOR	(ROW_ADDR2),Y
   6415  8412		       35 df		      AND	BLOCK_DATA,X
   6416  8414		       05 52		      ORA	SCREENS_DIFFER
   6417  8416		       85 52		      STA	SCREENS_DIFFER	; SCREENS_DIFFER |=
   6418  8418							;   ( (screen[COLNUM+1] ^ screen2[COLNUM+1]) &
   6419  8418							;     BLOCK_DATA[i+1])
   6420  8418		       b5 df		      LDA	BLOCK_DATA,X
   6421  841a		       11 0c		      ORA	(ROW_ADDR),Y
   6422  841c		       91 0c		      STA	(ROW_ADDR),Y	; screen[COLNUM+1] |= BLOCK_DATA[i+1]
   6423  841e
   6424  841e		       e8		      INX		; X++
   6425  841f		       c8		      INY		; Y++
   6426  8420		       b1 0c		      LDA	(ROW_ADDR),Y
   6427  8422		       51 0e		      EOR	(ROW_ADDR2),Y
   6428  8424		       35 df		      AND	BLOCK_DATA,X
   6429  8426		       05 52		      ORA	SCREENS_DIFFER
   6430  8428		       85 52		      STA	SCREENS_DIFFER	; SCREENS_DIFFER |=
   6431  842a							;   ( (screen[COLNUM+2] ^ screen2[COLNUM+2]) &
   6432  842a							;     BLOCK_DATA[i+2])
   6433  842a		       b5 df		      LDA	BLOCK_DATA,X
   6434  842c		       11 0c		      ORA	(ROW_ADDR),Y
   6435  842e		       91 0c		      STA	(ROW_ADDR),Y	; screen[COLNUM+2] |= BLOCK_DATA[i+2]
   6436  8430
   6437  8430		       e8		      INX		; X++
   6438  8431		       e6 1b		      INC	ROWNUM
   6439  8433		       c6 1d		      DEC	ROW_COUNT
   6440  8435		       d0 be		      BNE	.need_3_bytes
   6441  8437		       60		      RTS
   6442  8438
   6443  8438					      ORG	$8438
   6444  8438				   COMPUTE_SHIFTED_SPRITE
   6445  8438					      SUBROUTINE
   6446  8438							; Enter routine with X set to pixel shift amount and
   6447  8438							; SPRITE_NUM containing the sprite number to read.
   6448  8438
   6449  8438		       a0 00	   .offset_table EQU	$A000	; Target addresses in read
   6450  8438		       a0 80	   .page_table EQU	$A080	; instructions. The only truly
   6451  8438		       a0 00	   .shift_ptr_byte0 EQU	$A000	; necessary value here is the
   6452  8438		       a0 00	   .shift_ptr_byte1 EQU	$A000	; 0x80 in .shift_ptr_byte0.
   6453  8438
   6454  8438		       a9 0b		      LDA	#$0B	; 11 rows
   6455  843a		       85 1d		      STA	ROW_COUNT
   6456  843c		       a9 00		      LDA	#<SPRITE_DATA
   6457  843e		       85 0a		      STA	TMP_PTR
   6458  8440		       a9 ad		      LDA	#>SPRITE_DATA
   6459  8442		       85 0b		      STA	TMP_PTR+1	; TMP_PTR = SPRITE_DATA
   6460  8444		       bd c1 84 	      LDA	PIXEL_SHIFT_PAGES,X
   6461  8447		       8d 5c 84 	      STA	.rd_offset_table + 2
   6462  844a		       8d 68 84 	      STA	.rd_page_table + 2
   6463  844d		       8d 8d 84 	      STA	.rd_offset_table2 + 2
   6464  8450		       8d 99 84 	      STA	.rd_page_table2 + 2	; Fix up pages in lookup instructions
   6465  8453							; based on shift amount (X).
   6466  8453
   6467  8453		       a2 00		      LDX	#$00	; X is the offset into BLOCK_DATA.
   6468  8455
   6469  8455				   .loop		; === LOOP === (over all 11 rows)
   6470  8455		       a4 1e		      LDY	SPRITE_NUM
   6471  8457		       b1 0a		      LDA	(TMP_PTR),Y
   6472  8459		       a8		      TAY		; Get sprite pixel data.
   6473  845a
   6474  845a				   .rd_offset_table
   6475  845a		       b9 00 a0 	      LDA	.offset_table,Y	; Load offset for shift amount.
   6476  845d		       8d 70 84 	      STA	.rd_shift_ptr_byte0 + 1
   6477  8460		       18		      CLC
   6478  8461		       69 01		      ADC	#$01
   6479  8463		       8d 75 84 	      STA	.rd_shift_ptr_byte1 + 1	; Fix up instruction offsets with it.
   6480  8466				   .rd_page_table
   6481  8466		       b9 80 a0 	      LDA	.page_table,Y	; Load page for shift amount.
   6482  8469		       8d 71 84 	      STA	.rd_shift_ptr_byte0 + 2
   6483  846c		       8d 76 84 	      STA	.rd_shift_ptr_byte1 + 2	; Fix up instruction page with it.
   6484  846f
   6485  846f				   .rd_shift_ptr_byte0
   6486  846f		       ad 00 a0 	      LDA	.shift_ptr_byte0	; Read shifted pixel data byte 0
   6487  8472		       95 df		      STA	BLOCK_DATA,X	; and store in block data byte 0.
   6488  8474				   .rd_shift_ptr_byte1
   6489  8474		       ad 00 a0 	      LDA	.shift_ptr_byte1	; Read shifted pixel data byte 1
   6490  8477		       95 e0		      STA	BLOCK_DATA+1,X	; and store in block data byte 1.
   6491  8479
   6492  8479		       a5 0a		      LDA	TMP_PTR
   6493  847b		       18		      CLC
   6494  847c		       69 68		      ADC	#$68
   6495  847e		       85 0a		      STA	TMP_PTR
   6496  8480		       a5 0b		      LDA	TMP_PTR+1
   6497  8482		       69 00		      ADC	#$00
   6498  8484		       85 0b		      STA	TMP_PTR+1	; TMP_PTR++
   6499  8486
   6500  8486							; Now basically do the same thing with the second sprite byte
   6501  8486
   6502  8486		       a4 1e		      LDY	SPRITE_NUM
   6503  8488		       b1 0a		      LDA	(TMP_PTR),Y
   6504  848a		       a8		      TAY		; Get sprite pixel data.
   6505  848b
   6506  848b				   .rd_offset_table2
   6507  848b		       b9 00 a0 	      LDA	.offset_table,Y	; Load offset for shift amount.
   6508  848e		       8d a1 84 	      STA	.rd_shift_ptr2_byte0 + 1
   6509  8491		       18		      CLC
   6510  8492		       69 01		      ADC	#$01
   6511  8494		       8d a8 84 	      STA	.rd_shift_ptr2_byte1 + 1	; Fix up instruction offsets with it.
   6512  8497				   .rd_page_table2
   6513  8497		       b9 80 a0 	      LDA	.page_table,Y	; Load page for shift amount.
   6514  849a		       8d a2 84 	      STA	.rd_shift_ptr2_byte0 + 2
   6515  849d		       8d a9 84 	      STA	.rd_shift_ptr2_byte1 + 2	; Fix up instruction page with it.
   6516  84a0
   6517  84a0				   .rd_shift_ptr2_byte0
   6518  84a0		       ad 00 a0 	      LDA	.shift_ptr_byte0	; Read shifted pixel data byte 0
   6519  84a3		       15 e0		      ORA	BLOCK_DATA+1,X	; OR with previous block data byte 1
   6520  84a5		       95 e0		      STA	BLOCK_DATA+1,X	; and store in block data byte 1.
   6521  84a7				   .rd_shift_ptr2_byte1
   6522  84a7		       ad 00 a0 	      LDA	.shift_ptr_byte1	; Read shifted pixel data byte 1
   6523  84aa		       95 e1		      STA	BLOCK_DATA+2,X	; and store in block data byte 2.
   6524  84ac
   6525  84ac		       a5 0a		      LDA	TMP_PTR
   6526  84ae		       18		      CLC
   6527  84af		       69 68		      ADC	#$68
   6528  84b1		       85 0a		      STA	TMP_PTR
   6529  84b3		       a5 0b		      LDA	TMP_PTR+1
   6530  84b5		       69 00		      ADC	#$00
   6531  84b7		       85 0b		      STA	TMP_PTR+1	; TMP_PTR++
   6532  84b9
   6533  84b9		       e8		      INX
   6534  84ba		       e8		      INX
   6535  84bb		       e8		      INX		; X += 3
   6536  84bc		       c6 1d		      DEC	ROW_COUNT	; ROW_COUNT--
   6537  84be		       d0 95		      BNE	.loop	; loop while ROW_COUNT > 0
   6538  84c0		       60		      RTS
   6539  84c1					      ORG	$84C1
   6540  84c1				   PIXEL_SHIFT_PAGES
   6541  84c1		       a2 a3 a4 a5*	      HEX	A2 A3 A4 A5 A6 A7 A8
   6542  84c8					      ORG	$84C8
   6543  84c8				   RECORD_HI_SCORE_DATA_TO_DISK
   6544  84c8					      SUBROUTINE
   6545  84c8
   6546  84c8		       a5 9d		      LDA	$9D
   6547  84ca		       f0 48		      BEQ	.end
   6548  84cc
   6549  84cc		       a5 8e		      LDA	SCORE
   6550  84ce		       05 8f		      ORA	SCORE+1
   6551  84d0		       05 90		      ORA	SCORE+2
   6552  84d2		       05 91		      ORA	SCORE+3
   6553  84d4		       f0 3e		      BEQ	.end
   6554  84d6
   6555  84d6		       a9 01		      LDA	#$01
   6556  84d8		       20 59 63 	      JSR	ACCESS_HI_SCORE_DATA_FROM_DISK	; read table
   6557  84db							; Return value of 0 means the hi score marker wasn't present,
   6558  84db							; so don't write the hi score table.
   6559  84db		       f0 37		      BEQ	.end
   6560  84dd
   6561  84dd		       a0 01		      LDY	#$01
   6562  84df				   .loop
   6563  84df		       be a2 79 	      LDX	HI_SCORE_TABLE_OFFSETS,Y
   6564  84e2		       a5 a6		      LDA	LEVELNUM
   6565  84e4		       dd 03 1f 	      CMP	HI_SCORE_DATA+3,X	; level
   6566  84e7		       90 26		      BCC	.next
   6567  84e9		       d0 2a		      BNE	.record_it
   6568  84eb
   6569  84eb		       a5 91		      LDA	SCORE+3
   6570  84ed		       dd 04 1f 	      CMP	HI_SCORE_DATA+4,X
   6571  84f0		       90 1d		      BCC	.next
   6572  84f2		       d0 21		      BNE	.record_it
   6573  84f4
   6574  84f4		       a5 90		      LDA	SCORE+2
   6575  84f6		       dd 05 1f 	      CMP	HI_SCORE_DATA+5,X
   6576  84f9		       90 14		      BCC	.next
   6577  84fb		       d0 18		      BNE	.record_it
   6578  84fd
   6579  84fd		       a5 8f		      LDA	SCORE+1
   6580  84ff		       dd 06 1f 	      CMP	HI_SCORE_DATA+6,X
   6581  8502		       90 0b		      BCC	.next
   6582  8504		       d0 0f		      BNE	.record_it
   6583  8506
   6584  8506		       a5 8e		      LDA	SCORE
   6585  8508		       dd 07 1f 	      CMP	HI_SCORE_DATA+7,X
   6586  850b		       90 02		      BCC	.next
   6587  850d		       d0 06		      BNE	.record_it
   6588  850f
   6589  850f				   .next
   6590  850f		       c8		      INY
   6591  8510		       c0 0b		      CPY	#$0B
   6592  8512		       90 cb		      BCC	.loop
   6593  8514
   6594  8514				   .end
   6595  8514		       60		      RTS
   6596  8515
   6597  8515				   .record_it
   6598  8515		       c0 0a		      CPY	#$0A
   6599  8517		       f0 1d		      BEQ	.write_here
   6600  8519		       84 56		      STY	HI_SCORE_TARGET_INDEX
   6601  851b
   6602  851b							; Move the table rows to make room at index HI_SCORE_TARGET_INDEX
   6603  851b		       a0 09		      LDY	#$09
   6604  851d				   .loop2
   6605  851d		       be a2 79 	      LDX	HI_SCORE_TABLE_OFFSETS,Y
   6606  8520
   6607  8520							; Move 8 bytes of hi score data
   6608  8520		       a9 08		      LDA	#$08
   6609  8522		       85 1d		      STA	ROW_COUNT	; temporary counter
   6610  8524				   .loop3
   6611  8524		       bd 00 1f 	      LDA	HI_SCORE_DATA,X
   6612  8527		       9d 08 1f 	      STA	HI_SCORE_DATA+8,X
   6613  852a		       e8		      INX
   6614  852b		       c6 1d		      DEC	ROW_COUNT
   6615  852d		       d0 f5		      BNE	.loop3
   6616  852f
   6617  852f		       c4 56		      CPY	HI_SCORE_TARGET_INDEX
   6618  8531		       f0 03		      BEQ	.write_here
   6619  8533		       88		      DEY
   6620  8534		       d0 e7		      BNE	.loop2
   6621  8536
   6622  8536				   .write_here
   6623  8536		       be a2 79 	      LDX	HI_SCORE_TABLE_OFFSETS,Y
   6624  8539		       a9 a0		      LDA	#$A0
   6625  853b		       9d 00 1f 	      STA	HI_SCORE_DATA,X
   6626  853e		       9d 01 1f 	      STA	HI_SCORE_DATA+1,X
   6627  8541		       9d 02 1f 	      STA	HI_SCORE_DATA+2,X
   6628  8544		       a5 a6		      LDA	LEVELNUM
   6629  8546		       9d 03 1f 	      STA	HI_SCORE_DATA+3,X
   6630  8549		       a5 91		      LDA	SCORE+3
   6631  854b		       9d 04 1f 	      STA	HI_SCORE_DATA+4,X
   6632  854e		       a5 90		      LDA	SCORE+2
   6633  8550		       9d 05 1f 	      STA	HI_SCORE_DATA+5,X
   6634  8553		       a5 8f		      LDA	SCORE+1
   6635  8555		       9d 06 1f 	      STA	HI_SCORE_DATA+6,X
   6636  8558		       a5 8e		      LDA	SCORE
   6637  855a		       9d 07 1f 	      STA	HI_SCORE_DATA+7,X
   6638  855d		       84 69		      STY	WIPE0	; temporary
   6639  855f		       b9 a2 79 	      LDA	HI_SCORE_TABLE_OFFSETS,Y
   6640  8562		       8d 83 85 	      STA	.rd_loc+1
   6641  8565		       8d ca 85 	      STA	.wr_loc+1
   6642  8568		       20 6b 78 	      JSR	HI_SCORE_SCREEN
   6643  856b
   6644  856b		       a9 40		      LDA	#$40
   6645  856d		       85 87		      STA	DRAW_PAGE
   6646  856f		       a5 69		      LDA	WIPE0
   6647  8571		       18		      CLC
   6648  8572		       69 04		      ADC	#$04
   6649  8574		       85 86		      STA	GAME_ROWNUM
   6650  8576		       a9 07		      LDA	#$07
   6651  8578		       85 85		      STA	GAME_COLNUM
   6652  857a
   6653  857a		       a2 00		      LDX	#$00
   6654  857c		       8e 4d 82 	      STX	HIGH_SCORE_INITIALS_INDEX
   6655  857f				   .get_initial_from_player
   6656  857f		       ae 4d 82 	      LDX	HIGH_SCORE_INITIALS_INDEX
   6657  8582				   .rd_loc
   6658  8582		       bd 00 1f 	      LDA	HI_SCORE_DATA,X	; fixed up to add offset from above
   6659  8585		       20 2a 7b 	      JSR	CHAR_TO_SPRITE_NUM
   6660  8588		       20 f3 85 	      JSR	WAIT_FOR_KEY
   6661  858b		       8d 10 c0 	      STA	KBDSTRB
   6662  858e		       c9 8d		      CMP	#$8D
   6663  8590		       f0 55		      BEQ	.return_pressed
   6664  8592		       c9 88		      CMP	#$88	; backspace/back arrow
   6665  8594		       d0 0d		      BNE	.other_key_pressed
   6666  8596
   6667  8596							; backspace pressed
   6668  8596		       ae 4d 82 	      LDX	KBD_ENTRY_INDEX
   6669  8599		       f0 46		      BEQ	.beep	; can't backspace/back arrow past the beginning
   6670  859b
   6671  859b		       ce 4d 82 	      DEC	HIGH_SCORE_INITIALS_INDEX
   6672  859e		       c6 85		      DEC	GAME_COLNUM
   6673  85a0		       4c 7f 85 	      JMP	.get_initial_from_player
   6674  85a3
   6675  85a3				   .other_key_pressed
   6676  85a3		       c9 95		      CMP	#$95	; fwd arrow
   6677  85a5		       d0 0f		      BNE	.check_for_allowed_chars
   6678  85a7		       ae 4d 82 	      LDX	KBD_ENTRY_INDEX
   6679  85aa		       e0 02		      CPX	#$02
   6680  85ac		       f0 33		      BEQ	.beep	; can't fwd arrow past the end
   6681  85ae
   6682  85ae		       e6 85		      INC	GAME_COLNUM
   6683  85b0		       ee 4d 82 	      INC	KBD_ENTRY_INDEX
   6684  85b3		       4c 7f 85 	      JMP	.get_initial_from_player
   6685  85b6
   6686  85b6				   .check_for_allowed_chars
   6687  85b6		       c9 ae		      CMP	#$AE	; period allowed
   6688  85b8		       f0 0c		      BEQ	.put_char
   6689  85ba		       c9 a0		      CMP	#$A0	; space allowed
   6690  85bc		       f0 08		      BEQ	.put_char
   6691  85be		       c9 c1		      CMP	#$C1
   6692  85c0		       90 1f		      BCC	.beep	; can't be less than 'A'
   6693  85c2		       c9 db		      CMP	#$DB
   6694  85c4		       b0 1b		      BCS	.beep	; can't be greater than 'Z'
   6695  85c6
   6696  85c6				   .put_char
   6697  85c6		       ac 4d 82 	      LDY	KBD_ENTRY_INDEX
   6698  85c9				   .wr_loc
   6699  85c9		       99 00 1f 	      STA	HI_SCORE_DATA,Y	; fixed up to add offset from above
   6700  85cc		       20 64 7b 	      JSR	PUT_CHAR
   6701  85cf		       ee 4d 82 	      INC	KBD_ENTRY_INDEX
   6702  85d2		       ad 4d 82 	      LDA	KBD_ENTRY_INDEX
   6703  85d5		       c9 03		      CMP	#$03
   6704  85d7		       90 a6		      BCC	.get_initial_from_player
   6705  85d9
   6706  85d9		       ce 4d 82 	      DEC	KBD_ENTRY_INDEX
   6707  85dc		       c6 85		      DEC	GAME_COLNUM
   6708  85de		       4c 7f 85 	      JMP	.get_initial_from_player
   6709  85e1
   6710  85e1				   .beep
   6711  85e1		       20 ce 86 	      JSR	BEEP
   6712  85e4		       4c 7f 85 	      JMP	.get_initial_from_player
   6713  85e7
   6714  85e7				   .return_pressed
   6715  85e7		       a9 20		      LDA	#$20
   6716  85e9		       85 87		      STA	DRAW_PAGE
   6717  85eb		       a9 02		      LDA	#$02
   6718  85ed		       20 59 63 	      JSR	ACCESS_HI_SCORE_DATA_FROM_DISK	; write hi score table
   6719  85f0		       4c 8e 61 	      JMP	LONG_DELAY
   6720  85f3
   6721  85f3					      ORG	$85F3
   6722  85f3				   WAIT_FOR_KEY
   6723  85f3					      SUBROUTINE
   6724  85f3							; Enter routine with A set to cursor sprite. If zero, sprite 10 (all white)
   6725  85f3							; will be used.
   6726  85f3
   6727  85f3		       8d 45 87 	      STA	CURSOR_SPRITE
   6728  85f6
   6729  85f6				   .loop
   6730  85f6		       a9 68		      LDA	#$68
   6731  85f8		       85 a1		      STA	SCRATCH_A1
   6732  85fa		       ad 45 87 	      LDA	CURSOR_SPRITE
   6733  85fd		       d0 02		      BNE	.draw_sprite
   6734  85ff		       a9 0a		      LDA	#SPRITE_ALLWHITE
   6735  8601				   .draw_sprite
   6736  8601		       20 b0 82 	      JSR	DRAW_SPRITE_PAGE2
   6737  8604
   6738  8604				   .loop2
   6739  8604		       ad 00 c0 	      LDA	KBD
   6740  8607		       30 1f		      BMI	.end	; on keypress, end
   6741  8609
   6742  8609		       20 6d 87 	      JSR	CHECK_JOYSTICK_OR_DELAY
   6743  860c		       c6 a1		      DEC	SCRATCH_A1
   6744  860e		       d0 f4		      BNE	.loop2
   6745  8610
   6746  8610							; Draw a blank
   6747  8610		       a9 00		      LDA	#$00
   6748  8612		       20 b0 82 	      JSR	DRAW_SPRITE_PAGE2
   6749  8615		       a9 68		      LDA	#$68
   6750  8617		       85 a1		      STA	SCRATCH_A1
   6751  8619
   6752  8619				   .loop3
   6753  8619		       ad 00 c0 	      LDA	KBD
   6754  861c		       30 0a		      BMI	.end
   6755  861e		       20 6d 87 	      JSR	CHECK_JOYSTICK_OR_DELAY
   6756  8621		       c6 a1		      DEC	SCRATCH_A1
   6757  8623		       d0 f4		      BNE	.loop3
   6758  8625		       4c f6 85 	      JMP	.loop
   6759  8628
   6760  8628				   .end
   6761  8628		       48		      PHA
   6762  8629		       ad 45 87 	      LDA	CURSOR_SPRITE
   6763  862c		       20 b0 82 	      JSR	DRAW_SPRITE_PAGE2
   6764  862f		       68		      PLA
   6765  8630		       60		      RTS
   6766  8631
   6767  8631					      ORG	$8631
   6768  8631				   ENABLE_NEXT_LEVEL_LADDERS
   6769  8631					      SUBROUTINE
   6770  8631
   6771  8631		       a9 00		      LDA	#$00
   6772  8633		       8d 00 0c 	      STA	LADDER_LOCS_COL	; LADDER_LOCS_COL = 0
   6773  8636
   6774  8636		       a6 a3		      LDX	LADDER_COUNT
   6775  8638		       8e 9e 86 	      STX	.count	; .count backwards from LADDER_COUNT to 0
   6776  863b				   .loop
   6777  863b		       ae 9e 86 	      LDX	.count
   6778  863e		       f0 56		      BEQ	.dec_gold_count_if_no_ladder
   6779  8640
   6780  8640		       bd 00 0c 	      LDA	LADDER_LOCS_COL,X	; A = LADDER_LOCS_COL[X]
   6781  8643		       30 4b		      BMI	.next	; If not present, next.
   6782  8645
   6783  8645		       85 85		      STA	GAME_COLNUM	; GAME_COLNUM = LADDER_LOCS_COL[X]
   6784  8647		       bd 30 0c 	      LDA	LADDER_LOCS_ROW,X
   6785  864a		       85 86		      STA	GAME_ROWNUM	; GAME_ROWNUM = LADDER_LOCS_ROW[X]
   6786  864c		       a8		      TAY
   6787  864d		       b9 05 1c 	      LDA	CURR_LEVEL_ROW_SPRITES_PTR_OFFSETS,Y
   6788  8650		       85 06		      STA	PTR1
   6789  8652		       85 08		      STA	PTR2
   6790  8654		       b9 15 1c 	      LDA	CURR_LEVEL_ROW_SPRITES_PTR_PAGES,Y
   6791  8657		       85 07		      STA	PTR1+1
   6792  8659		       b9 25 1c 	      LDA	CURR_LEVEL_ROW_SPRITES_PTR_PAGES2,Y
   6793  865c		       85 09		      STA	PTR2+1
   6794  865e
   6795  865e		       a4 85		      LDY	GAME_COLNUM
   6796  8660		       b1 08		      LDA	(PTR2),Y	; A = sprite at ladder loc
   6797  8662		       d0 27		      BNE	.set_col_to_1
   6798  8664
   6799  8664		       a9 03		      LDA	#SPRITE_LADDER
   6800  8666		       91 08		      STA	(PTR2),Y	; Set background sprite to ladder
   6801  8668		       b1 06		      LDA	(PTR1),Y
   6802  866a		       d0 04		      BNE	.draw_ladder	; .draw_ladder if active sprite not blank
   6803  866c
   6804  866c		       a9 03		      LDA	#SPRITE_LADDER
   6805  866e		       91 06		      STA	(PTR1),Y	; Set active sprite to ladder
   6806  8670
   6807  8670				   .draw_ladder
   6808  8670		       a9 03		      LDA	#SPRITE_LADDER
   6809  8672		       20 b0 82 	      JSR	DRAW_SPRITE_PAGE2	; Draw ladder on background page
   6810  8675
   6811  8675		       a6 85		      LDX	GAME_COLNUM
   6812  8677		       a4 86		      LDY	GAME_ROWNUM
   6813  8679		       20 5d 88 	      JSR	GET_SCREEN_COORDS_FOR
   6814  867c		       a9 03		      LDA	#SPRITE_LADDER
   6815  867e		       20 a7 83 	      JSR	DRAW_SPRITE_AT_PIXEL_COORDS	; Draw ladder on active page
   6816  8681
   6817  8681		       ae 9e 86 	      LDX	.count
   6818  8684		       a9 ff		      LDA	#$FF
   6819  8686		       9d 00 0c 	      STA	LADDER_LOCS_COL,X	; Remove ladder loc
   6820  8689		       30 05		      BMI	.next	; Unconditional
   6821  868b
   6822  868b				   .set_col_to_1
   6823  868b		       a9 01		      LDA	#$01
   6824  868d		       8d 00 0c 	      STA	LADDER_LOCS_COL	; LADDER_LOCS_COL = 1
   6825  8690
   6826  8690				   .next
   6827  8690		       ce 9e 86 	      DEC	.count
   6828  8693		       4c 3b 86 	      JMP	.loop
   6829  8696
   6830  8696				   .dec_gold_count_if_no_ladder
   6831  8696		       ad 00 0c 	      LDA	LADDER_LOCS_COL
   6832  8699		       d0 02		      BNE	.end
   6833  869b		       c6 93		      DEC	GOLD_COUNT
   6834  869d
   6835  869d				   .end
   6836  869d		       60		      RTS
   6837  869e
   6838  869e				   .count
   6839  869e		       00		      BYTE.b	0
   6840  869f
   6841  869f					      ORG	$869F
   6842  869f				   WAIT_KEY
   6843  869f					      SUBROUTINE
   6844  869f
   6845  869f		       8d 10 c0 	      STA	KBDSTRB
   6846  86a2		       ad 00 c0 	      LDA	KBD
   6847  86a5		       30 f8		      BMI	WAIT_KEY
   6848  86a7		       60		      RTS
   6849  86a8
   6850  86a8					      ORG	$86A8
   6851  86a8				   WAIT_KEY_QUEUED
   6852  86a8					      SUBROUTINE
   6853  86a8
   6854  86a8		       ad 00 c0 	      LDA	KBD
   6855  86ab		       10 fb		      BPL	WAIT_KEY_QUEUED
   6856  86ad		       8d 10 c0 	      STA	KBDSTRB
   6857  86b0		       60		      RTS
   6858  86b1
   6859  86b1					      ORG	$86B1
   6860  86b1				   SOUND_DELAY
   6861  86b1					      SUBROUTINE
   6862  86b1
   6863  86b1		       bd be 86 	      LDA	SOUND_DELAY_AMOUNTS,X
   6864  86b4		       aa		      TAX
   6865  86b5
   6866  86b5				   SOUND_DELAY1
   6867  86b5		       a0 b4		      LDY	#$B4	; 180
   6868  86b7				   .loop
   6869  86b7		       88		      DEY		; 2 cycles
   6870  86b8		       d0 fd		      BNE	.loop	; 3 cycles
   6871  86ba		       ca		      DEX		; 2 cycles
   6872  86bb		       d0 f8		      BNE	SOUND_DELAY1	; 3 cycles
   6873  86bd		       60		      RTS
   6874  86be
   6875  86be					      ORG	$86BE
   6876  86be				   SOUND_DELAY_AMOUNTS
   6877  86be		       02 04 06 08*	      HEX	02 04 06 08 0A 0C 0E 10 12 14 16 18 1A 1C 1E 20
   6878  86ce					      ORG	$86CE
   6879  86ce				   BEEP
   6880  86ce					      SUBROUTINE
   6881  86ce
   6882  86ce		       a0 c0		      LDY	#$C0
   6883  86d0
   6884  86d0				   .loop
   6885  86d0							; From here to click is 651 cycles. Additional 5 cycles afterwards.
   6886  86d0		       a2 80		      LDX	#$80	; 2 cycles
   6887  86d2
   6888  86d2							; delay 640 cycles
   6889  86d2				   .loop2
   6890  86d2		       ca		      DEX		; 2 cycles
   6891  86d3		       d0 fd		      BNE	.loop2	; 3 cycles
   6892  86d5
   6893  86d5		       a5 99		      LDA	ENABLE_SOUND	; 3 cycles
   6894  86d7		       f0 03		      BEQ	.next	; 3 cycles
   6895  86d9		       ad 30 c0 	      LDA	SPKR	; 3 cycles
   6896  86dc
   6897  86dc				   .next
   6898  86dc		       88		      DEY		; 2 cycles
   6899  86dd		       d0 f1		      BNE	.loop	; 3 cycles
   6900  86df		       60		      RTS
   6901  86e0
   6902  86e0					      ORG	$86E0
   6903  86e0				   PUT_STRING
   6904  86e0					      SUBROUTINE
   6905  86e0
   6906  86e0		       68		      PLA
   6907  86e1		       85 10		      STA	SAVED_RET_ADDR
   6908  86e3		       68		      PLA
   6909  86e4		       85 11		      STA	SAVED_RET_ADDR+1
   6910  86e6		       d0 09		      BNE	.next
   6911  86e8
   6912  86e8				   .loop
   6913  86e8		       a0 00		      LDY	#$00
   6914  86ea		       b1 10		      LDA	(SAVED_RET_ADDR),Y
   6915  86ec		       f0 0b		      BEQ	.end
   6916  86ee		       20 64 7b 	      JSR	PUT_CHAR
   6917  86f1
   6918  86f1				   .next
   6919  86f1		       e6 10		      INC	SAVED_RET_ADDR
   6920  86f3		       d0 f3		      BNE	.loop
   6921  86f5		       e6 11		      INC	SAVED_RET_ADDR+1
   6922  86f7		       d0 ef		      BNE	.loop
   6923  86f9
   6924  86f9				   .end
   6925  86f9		       a5 11		      LDA	SAVED_RET_ADDR+1
   6926  86fb		       48		      PHA
   6927  86fc		       a5 10		      LDA	SAVED_RET_ADDR
   6928  86fe		       48		      PHA
   6929  86ff		       60		      RTS
   6930  8700
   6931  8700					      ORG	$8700
   6932  8700				   WAIT_FOR_KEY_WITH_CURSOR_PAGE_1
   6933  8700					      SUBROUTINE
   6934  8700							; Enter routine with A set to cursor sprite. If zero, sprite 10 (all white)
   6935  8700							; will be used.
   6936  8700
   6937  8700		       8d 45 87 	      STA	CURSOR_SPRITE
   6938  8703
   6939  8703				   .loop
   6940  8703		       a9 68		      LDA	#$68
   6941  8705		       85 a1		      STA	SCRATCH_A1
   6942  8707		       a9 00		      LDA	#$00
   6943  8709		       ae 45 87 	      LDX	CURSOR_SPRITE
   6944  870c		       d0 02		      BNE	.draw_sprite
   6945  870e		       a9 0a		      LDA	#SPRITE_ALLWHITE
   6946  8710				   .draw_sprite
   6947  8710		       20 aa 82 	      JSR	DRAW_SPRITE_PAGE1
   6948  8713
   6949  8713				   .loop2
   6950  8713		       ad 00 c0 	      LDA	KBD
   6951  8716		       30 24		      BMI	.end	; on keypress, end
   6952  8718
   6953  8718		       20 6d 87 	      JSR	CHECK_JOYSTICK_OR_DELAY
   6954  871b		       b0 1f		      BCS	.end
   6955  871d
   6956  871d		       c6 a1		      DEC	SCRATCH_A1
   6957  871f		       d0 f2		      BNE	.loop2
   6958  8721
   6959  8721		       ad 45 87 	      LDA	CURSOR_SPRITE
   6960  8724		       20 aa 82 	      JSR	DRAW_SPRITE_PAGE1
   6961  8727		       a9 68		      LDA	#$68
   6962  8729		       85 a1		      STA	SCRATCH_A1
   6963  872b
   6964  872b				   .loop3
   6965  872b		       ad 00 c0 	      LDA	KBD
   6966  872e		       30 0c		      BMI	.end
   6967  8730
   6968  8730		       20 6d 87 	      JSR	CHECK_JOYSTICK_OR_DELAY
   6969  8733		       b0 07		      BCS	.end
   6970  8735
   6971  8735		       c6 a1		      DEC	SCRATCH_A1
   6972  8737		       d0 f2		      BNE	.loop3
   6973  8739		       4c 03 87 	      JMP	.loop
   6974  873c
   6975  873c				   .end
   6976  873c		       48		      PHA
   6977  873d		       ad 45 87 	      LDA	CURSOR_SPRITE
   6978  8740		       20 aa 82 	      JSR	DRAW_SPRITE_PAGE1
   6979  8743		       68		      PLA
   6980  8744		       60		      RTS
   6981  8745
   6982  8745					      ORG	$8745
   6983  8745				   CURSOR_SPRITE
   6984  8745		       06		      HEX	06
   6985  8745		       00 06	   PTR1       EQU	$06	; 2 bytes
   6986  8745		       00 08	   PTR2       EQU	$08	; 2 bytes
   6987  8745		       00 00	   PLAYER_COL EQU	$00
   6988  8745		       00 01	   PLAYER_ROW EQU	$01
   6989  8745		       00 8d	   GUARD_COUNT EQU	$8D
   6990  8745		       00 93	   GOLD_COUNT EQU	$93
   6991  8745		       00 a3	   LADDER_COUNT EQU	$A3
   6992  8745		       00 a2	   VERBATIM   EQU	$A2
   6993  8745		       00 02	   PLAYER_X_ADJ EQU	$02	; [0-4] minus 2 (so 2 = right on the sprite location)
   6994  8745		       00 03	   PLAYER_Y_ADJ EQU	$03	; [0-4] minus 2 (so 2 = right on the sprite location)
   6995  8745		       00 04	   PLAYER_ANIM_STATE EQU	$04	; Index into SPRITE_ANIM_SEQS
   6996  8745		       00 05	   PLAYER_FACING_DIRECTION EQU	$05	; Hi bit set: facing left, otherwise facing right
   6997  8745		       00 6d	   WIPE_COUNTER EQU	$6D
   6998  8745		       00 a5	   WIPE_MODE  EQU	$A5	; 0 for open, 1 for close.
   6999  8745		       00 72	   WIPE_DIR   EQU	$72	; 0 for close, 1 for open.
   7000  8745		       00 74	   WIPE_CENTER_X EQU	$74
   7001  8745		       00 73	   WIPE_CENTER_Y EQU	$73
   7002  8745		       00 69	   WIPE0      EQU	$69	; 16-bit value
   7003  8745		       00 67	   WIPE1      EQU	$67	; 16-bit value
   7004  8745		       00 6b	   WIPE2      EQU	$6B	; 16-bit value
   7005  8745		       00 75	   WIPE3L     EQU	$75
   7006  8745		       00 76	   WIPE4L     EQU	$76
   7007  8745		       00 77	   WIPE5L     EQU	$77
   7008  8745		       00 78	   WIPE6L     EQU	$78
   7009  8745		       00 79	   WIPE3H     EQU	$79
   7010  8745		       00 7a	   WIPE4H     EQU	$7A
   7011  8745		       00 7b	   WIPE5H     EQU	$7B
   7012  8745		       00 7c	   WIPE6H     EQU	$7C
   7013  8745		       00 7d	   WIPE7D     EQU	$7D	; Dividends
   7014  8745		       00 7e	   WIPE8D     EQU	$7E
   7015  8745		       00 7f	   WIPE9D     EQU	$7F
   7016  8745		       00 80	   WIPE10D    EQU	$80
   7017  8745		       00 81	   WIPE7R     EQU	$81	; Remainders
   7018  8745		       00 82	   WIPE8R     EQU	$82
   7019  8745		       00 83	   WIPE9R     EQU	$83
   7020  8745		       00 84	   WIPE10R    EQU	$84
   7021  8745		       00 a7	   GAME_MODE  EQU	$A7
   7022  8746
   7023  8746		       00 00	   GAME_MODE_SPLASH_SCREEN EQU	#$00
   7024  8746		       00 01	   GAME_MODE_ATTRACT_MODE EQU	#$01
   7025  8746		       00 02	   GAME_MODE_PLAY_MODE EQU	#$02
   7026  8746		       00 03	   GAME_MODE_PLAY_IN_EDITOR EQU	#$03
   7027  8746		       00 04	   GAME_MODE_4 EQU	#$04
   7028  8746		       00 05	   GAME_MODE_LEVEL_EDITOR EQU	#$05
   7029  8746
   7030  8746		       0d 00	   DISK_BUFFER EQU	$0D00	; 256 bytes
   7031  8746		       00 24	   RWTS_ADDR  EQU	$24	; 2 bytes
   7032  8746		       00 96	   DISK_LEVEL_LOC EQU	$96
   7033  8746		       00 01	   DISK_ACCESS_READ EQU	#$01
   7034  8746		       00 02	   DISK_ACCESS_WRITE EQU	#$02
   7035  8746		       00 04	   DISK_ACCESS_FORMAT EQU	#$04
   7036  8746		       00 9a	   ALIVE      EQU	$9A
   7037  8746		       00 92	   LEVEL_DATA_INDEX EQU	$92
   7038  8746		       00 55	   HI_SCORE_INDEX EQU	$55	; aliased with TMP_GUARD_COL
   7039  8746		       00 56	   HI_SCORE_OFFSET EQU	$56	; aliased with TMP_GUARD_ROW
   7040  8746		       c0 55	   TXTPAGE2   EQU	$C055
   7041  8746		       c0 81	   ROMIN_RDROM_WRRAM2 EQU	$C081
   7042  8746		       c0 50	   TXTCLR     EQU	$C050
   7043  8746		       c0 52	   MIXCLR     EQU	$C052
   7044  8746		       c0 54	   TXTPAGE1   EQU	$C054
   7045  8746		       c0 57	   HIRES      EQU	$C057
   7046  8746		       00 94	   DIDNT_PICK_UP_GOLD EQU	$94
   7047  8746		       00 9e	   KEY_COMMAND EQU	$9E
   7048  8746		       00 9f	   KEY_COMMAND_LR EQU	$9F
   7049  8746		       0c a0	   BRICK_DIG_COLS EQU	$0CA0	; 31 bytes of col nums
   7050  8746		       0c c0	   BRICK_DIG_ROWS EQU	$0CC0	; 31 bytes of row nums
   7051  8746		       0c e0	   BRICK_FILL_TIMERS EQU	$0CE0	; 31 bytes of fill timers
   7052  8746		       00 9c	   DIG_DIRECTION EQU	$9C	; 0xFF = left, 0x00 = not digging, 0x01 = right
   7053  8746		       00 a0	   DIG_ANIM_STATE EQU	$A0	; 00-0C
   7054  8746		       0c 60	   GUARD_LOCS_COL EQU	$0C60	; 8 bytes
   7055  8746		       0c 68	   GUARD_LOCS_ROW EQU	$0C68	; 8 bytes
   7056  8746		       0c 70	   GUARD_GOLD_TIMERS EQU	$0C70	; 8 bytes
   7057  8746		       0c 78	   GUARD_X_ADJS EQU	$0C78	; 8 bytes
   7058  8746		       0c 80	   GUARD_Y_ADJS EQU	$0C80	; 8 bytes
   7059  8746		       0c 88	   GUARD_ANIM_STATES EQU	$0C88	; 8 bytes
   7060  8746		       0c 90	   GUARD_FACING_DIRECTIONS EQU	$0C90	; 8 bytes
   7061  8746		       0c 98	   GUARD_RESURRECTION_TIMERS EQU	$0C98	; 8 bytes
   7062  8746
   7063  8746		       00 12	   GUARD_LOC_COL EQU	$12
   7064  8746		       00 13	   GUARD_LOC_ROW EQU	$13
   7065  8746		       00 14	   GUARD_ANIM_STATE EQU	$14
   7066  8746		       00 15	   GUARD_FACING_DIRECTION EQU	$15	; Hi bit set: facing left, otherwise facing right
   7067  8746		       00 16	   GUARD_GOLD_TIMER EQU	$16
   7068  8746		       00 17	   GUARD_X_ADJ EQU	$17
   7069  8746		       00 18	   GUARD_Y_ADJ EQU	$18
   7070  8746		       00 19	   GUARD_NUM  EQU	$19
   7071  8746
   7072  8746		       00 63	   GUARD_PATTERN EQU	$63
   7073  8746		       00 64	   GUARD_PHASE EQU	$64
   7074  8746
   7075  8746		       00 53	   GUARD_RESURRECT_COL EQU	$53
   7076  8746		       00 55	   TMP_GUARD_COL EQU	$55
   7077  8746		       00 56	   TMP_GUARD_ROW EQU	$56
   7078  8746		       00 5f	   GUARD_GOLD_TIMER_START_VALUE EQU	$5F
   7079  8746							; Init with:
   7080  8746							; BYTE    %10000110
   7081  8746							; BYTE    %00111110
   7082  8746							; BYTE    %10000101
   7083  8746		       00 60	   GUARD_PATTERNS EQU	$60	; 3 bytes
   7084  8746		       00 58	   GUARD_ACTION EQU	$58	; Index into GUARD_FN_TABLE
   7085  8746
   7086  8746		       00 00	   GUARD_ACTION_DO_NOTHING EQU	#$00
   7087  8746		       00 01	   GUARD_ACTION_MOVE_LEFT EQU	#$01
   7088  8746		       00 02	   GUARD_ACTION_MOVE_RIGHT EQU	#$02
   7089  8746		       00 03	   GUARD_ACTION_MOVE_UP EQU	#$03
   7090  8746		       00 04	   GUARD_ACTION_MOVE_DOWN EQU	#$04
   7091  8746		       00 59	   BEST_GUARD_DIST EQU	$59
   7092  8746		       00 5a	   GUARD_LEFT_COL_LIMIT EQU	$5A
   7093  8746		       00 5b	   GUARD_RIGHT_COL_LIMIT EQU	$5B
   7094  8746		       00 5c	   CHECK_CURR_TMP_ROW EQU	$5C
   7095  8746		       00 5d	   CHECK_TMP_COL EQU	$5D
   7096  8746		       00 5e	   CHECK_TMP_ROW EQU	$5E
   7097  8746		       b9 a0	   SEEKABS    EQU	$B9A0
   7098  8746		       be af	   DSKFORM    EQU	$BEAF
   7099  8746		       b7 e8	   DOS_IOB    EQU	$B7E8
   7100  8746		       b7 e9	   IOB_SLOTNUMx16 EQU	$B7E9
   7101  8746		       b7 ea	   IOB_DRIVE_NUM EQU	$B7EA
   7102  8746		       b7 eb	   IOB_VOLUME_NUMBER_EXPECTED EQU	$B7EB
   7103  8746		       b7 ec	   IOB_TRACK_NUMBER EQU	$B7EC
   7104  8746		       b7 ed	   IOB_SECTOR_NUMBER EQU	$B7ED
   7105  8746		       b7 ee	   IOB_DEVICE_CHARACTERISTICS_TABLE_PTR EQU	$B7EE	; 2 bytes
   7106  8746		       b7 f0	   IOB_READ_WRITE_BUFFER_PTR EQU	$B7F0	; 2 bytes
   7107  8746		       b7 f2	   IOB_UNUSED EQU	$B7F2
   7108  8746		       b7 f3	   IOB_BYTE_COUNT_FOR_PARTIAL_SECTOR EQU	$B7F3
   7109  8746		       b7 f4	   IOB_COMMAND_CODE EQU	$B7F4
   7110  8746		       b7 f5	   IOB_RETURN_CODE EQU	$B7F5
   7111  8746		       b7 f6	   IOB_LAST_ACCESS_VOLUME EQU	$B7F6
   7112  8746		       b7 f7	   IOB_LAST_ACCESS_SLOTx16 EQU	$B7F7
   7113  8746		       b7 f8	   IOB_LAST_ACCESS_DRIVE EQU	$B7F8
   7114  8746
   7115  8746		       b7 fb	   DCT_DEVICE_TYPE EQU	$B7FB
   7116  8746		       b7 fc	   DCT_PHASES_PER_TRACK EQU	$B7FC
   7117  8746		       b7 fd	   DCT_MOTOR_ON_TIME_COUNT EQU	$B7FD	; 2 bytes
   7118  8746		       82 4d	   HIGH_SCORE_INITIALS_INDEX EQU	$824D
   7119  8746		       00 56	   HI_SCORE_TARGET_INDEX EQU	$56	; aliased with TMP_GUARD_ROW
   7120  8746					      ORG	$8746
   7121  8746				   READ_PADDLES
   7122  8746					      SUBROUTINE
   7123  8746
   7124  8746		       a9 00		      LDA	#$00
   7125  8748		       85 65		      STA	PADDLE0_VALUE
   7126  874a		       85 66		      STA	PADDLE1_VALUE	; Zero out values
   7127  874c		       ad 70 c0 	      LDA	PTRIG
   7128  874f
   7129  874f				   .loop
   7130  874f		       a2 01		      LDX	#$01	; Start with paddle 1
   7131  8751
   7132  8751				   .check_paddle
   7133  8751		       bd 64 c0 	      LDA	PADDL0,X
   7134  8754		       10 13		      BPL	.threshold_reached
   7135  8756		       f6 65		      INC	PADDLE0_VALUE,X
   7136  8758				   .check_next_paddle
   7137  8758		       ca		      DEX
   7138  8759		       10 f6		      BPL	.check_paddle
   7139  875b
   7140  875b							; Checked both paddles
   7141  875b		       ad 64 c0 	      LDA	PADDL0
   7142  875e		       0d 65 c0 	      ORA	PADDL1
   7143  8761		       10 09		      BPL	.end	; Both paddles triggered, then end.
   7144  8763		       a5 65		      LDA	PADDLE0_VALUE
   7145  8765		       05 66		      ORA	PADDLE1_VALUE
   7146  8767		       10 e6		      BPL	.loop	; Unconditional
   7147  8769
   7148  8769				   .threshold_reached
   7149  8769		       ea		      NOP
   7150  876a		       10 ec		      BPL	.check_next_paddle	; Unconditional
   7151  876c
   7152  876c				   .end
   7153  876c		       60		      RTS
   7154  876d
   7155  876d					      ORG	$876D
   7156  876d				   CHECK_JOYSTICK_OR_DELAY
   7157  876d					      SUBROUTINE
   7158  876d
   7159  876d		       a5 95		      LDA	INPUT_MODE
   7160  876f		       c9 cb		      CMP	#KEYBOARD_MODE
   7161  8771		       f0 25		      BEQ	.delay_and_return	; Keyboard mode, so just delay and return
   7162  8773
   7163  8773		       20 46 87 	      JSR	READ_PADDLES
   7164  8776
   7165  8776		       a5 65		      LDA	PADDLE0_VALUE
   7166  8778		       c9 12		      CMP	#$12
   7167  877a		       90 1a		      BCC	.have_joystick_input	; PADDLE0_VALUE < 0x12
   7168  877c		       c9 3b		      CMP	#$3B
   7169  877e		       b0 16		      BCS	.have_joystick_input	; PADDLE0_VALUE >= 0x3B
   7170  8780
   7171  8780		       a5 66		      LDA	PADDLE1_VALUE
   7172  8782		       c9 12		      CMP	#$12
   7173  8784		       90 10		      BCC	.have_joystick_input
   7174  8786		       c9 3b		      CMP	#$3B
   7175  8788		       b0 0c		      BCS	.have_joystick_input
   7176  878a
   7177  878a		       ad 62 c0 	      LDA	BUTN1
   7178  878d		       30 07		      BMI	.have_joystick_input
   7179  878f		       ad 61 c0 	      LDA	BUTN0
   7180  8792		       30 02		      BMI	.have_joystick_input
   7181  8794
   7182  8794		       18		      CLC
   7183  8795		       60		      RTS
   7184  8796
   7185  8796				   .have_joystick_input
   7186  8796		       38		      SEC
   7187  8797		       60		      RTS
   7188  8798
   7189  8798				   .delay_and_return
   7190  8798		       a2 02		      LDX	#$02
   7191  879a				   .loop
   7192  879a		       88		      DEY
   7193  879b		       d0 fd		      BNE	.loop
   7194  879d		       ca		      DEX
   7195  879e		       d0 fa		      BNE	.loop
   7196  87a0		       18		      CLC
   7197  87a1		       60		      RTS
   7198  87a2
   7199  87a2					      ORG	$87A2
   7200  87a2				   DETECT_LACK_OF_JOYSTICK
   7201  87a2					      SUBROUTINE
   7202  87a2
   7203  87a2		       ad 70 c0 	      LDA	PTRIG
   7204  87a5		       a2 10		      LDX	#$10
   7205  87a7
   7206  87a7				   .loop
   7207  87a7		       ad 64 c0 	      LDA	PADDL0
   7208  87aa		       0d 65 c0 	      ORA	PADDL1
   7209  87ad		       10 0a		      BPL	.return
   7210  87af
   7211  87af		       88		      DEY
   7212  87b0		       d0 f5		      BNE	.loop
   7213  87b2		       ca		      DEX
   7214  87b3		       d0 f2		      BNE	.loop
   7215  87b5
   7216  87b5		       a9 cb		      LDA	#KEYBOARD_MODE
   7217  87b7		       85 95		      STA	INPUT_MODE
   7218  87b9
   7219  87b9				   .return
   7220  87b9		       60		      RTS
   7221  87ba
   7222  87ba
   7223  87ba							; Keyboard routines
   7224  87ba
   7225  87ba					      ORG	$87BA
   7226  87ba				   PLAY_NOTE
   7227  87ba					      SUBROUTINE
   7228  87ba
   7229  87ba		       85 0a		      STA	TMP_PTR
   7230  87bc		       86 0b		      STX	TMP_PTR+1
   7231  87be
   7232  87be				   .loop
   7233  87be		       a5 99		      LDA	ENABLE_SOUND
   7234  87c0		       f0 03		      BEQ	.decrement_counter
   7235  87c2		       ad 30 c0 	      LDA	SPKR
   7236  87c5
   7237  87c5				   .decrement_counter
   7238  87c5		       88		      DEY
   7239  87c6		       d0 04		      BNE	.counter_decremented
   7240  87c8		       c6 0b		      DEC	TMP_PTR+1
   7241  87ca		       f0 08		      BEQ	.end
   7242  87cc
   7243  87cc				   .counter_decremented
   7244  87cc		       ca		      DEX
   7245  87cd		       d0 f6		      BNE	.decrement_counter
   7246  87cf		       a6 0a		      LDX	TMP_PTR
   7247  87d1		       4c be 87 	      JMP	.loop
   7248  87d4
   7249  87d4				   .end
   7250  87d4		       60		      RTS
   7251  87d5
   7252  87d5					      ORG	$87D5
   7253  87d5				   APPEND_NOTE
   7254  87d5					      SUBROUTINE
   7255  87d5
   7256  87d5		       e6 54		      INC	NOTE_INDEX
   7257  87d7		       a4 54		      LDY	NOTE_INDEX
   7258  87d9		       99 80 0e 	      STA	SOUND_PITCH,Y
   7259  87dc		       8a		      TXA
   7260  87dd		       99 00 0e 	      STA	SOUND_DURATION,Y
   7261  87e0		       60		      RTS
   7262  87e1
   7263  87e1					      ORG	$87E1
   7264  87e1				   LOAD_SOUND_DATA
   7265  87e1					      SUBROUTINE
   7266  87e1
   7267  87e1		       68		      PLA
   7268  87e2		       85 10		      STA	SAVED_RET_ADDR
   7269  87e4		       68		      PLA
   7270  87e5		       85 11		      STA	SAVED_RET_ADDR+1
   7271  87e7		       d0 19		      BNE	.next
   7272  87e9
   7273  87e9				   .loop
   7274  87e9		       a0 00		      LDY	#$00
   7275  87eb		       b1 10		      LDA	(SAVED_RET_ADDR),Y
   7276  87ed		       f0 1b		      BEQ	.end
   7277  87ef		       e6 54		      INC	NOTE_INDEX
   7278  87f1		       a6 54		      LDX	NOTE_INDEX
   7279  87f3		       9d 00 0e 	      STA	SOUND_DURATION,X
   7280  87f6		       c8		      INY
   7281  87f7		       b1 10		      LDA	(SAVED_RET_ADDR),Y
   7282  87f9		       9d 80 0e 	      STA	SOUND_PITCH,X
   7283  87fc
   7284  87fc		       e6 10		      INC	SAVED_RET_ADDR
   7285  87fe		       d0 02		      BNE	.next
   7286  8800		       e6 11		      INC	SAVED_RET_ADDR+1
   7287  8802
   7288  8802				   .next
   7289  8802		       e6 10		      INC	SAVED_RET_ADDR
   7290  8804		       d0 e3		      BNE	.loop
   7291  8806		       e6 11		      INC	SAVED_RET_ADDR+1
   7292  8808		       d0 df		      BNE	.loop
   7293  880a
   7294  880a				   .end
   7295  880a		       a5 11		      LDA	SAVED_RET_ADDR+1
   7296  880c		       48		      PHA
   7297  880d		       a5 10		      LDA	SAVED_RET_ADDR
   7298  880f		       48		      PHA
   7299  8810		       60		      RTS
   7300  8811
   7301  8811					      ORG	$8811
   7302  8811				   PLAY_SOUND
   7303  8811					      SUBROUTINE
   7304  8811
   7305  8811		       a4 54		      LDY	NOTE_INDEX
   7306  8813		       f0 1d		      BEQ	.no_more_notes
   7307  8815		       b9 80 0e 	      LDA	SOUND_PITCH,Y
   7308  8818		       be 00 0e 	      LDX	SOUND_DURATION,Y
   7309  881b		       20 ba 87 	      JSR	PLAY_NOTE
   7310  881e
   7311  881e		       a4 54		      LDY	NOTE_INDEX	; Y = NOTE_INDEX
   7312  8820		       c6 54		      DEC	NOTE_INDEX	; NOTE_INDEX--
   7313  8822		       a5 8c		      LDA	FRAME_PERIOD
   7314  8824		       38		      SEC
   7315  8825		       f9 00 0e 	      SBC	SOUND_DURATION,Y	; A = FRAME_PERIOD - SOUND_DURATION[Y]
   7316  8828		       f0 06		      BEQ	.done
   7317  882a		       90 04		      BCC	.done	; If A <= 0, done.
   7318  882c		       aa		      TAX
   7319  882d		       20 b5 86 	      JSR	SOUND_DELAY1
   7320  8830
   7321  8830				   .done
   7322  8830		       38		      SEC
   7323  8831		       60		      RTS
   7324  8832
   7325  8832				   .no_more_notes
   7326  8832		       a5 9b		      LDA	$9B
   7327  8834		       d0 0e		      BNE	.end
   7328  8836		       a5 a4		      LDA	$A4
   7329  8838		       4a		      LSR		; pitch = $A4 >> 1
   7330  8839		       e6 a4		      INC	$A4	; $A4++
   7331  883b		       a6 8c		      LDX	FRAME_PERIOD
   7332  883d		       e8		      INX
   7333  883e		       e8		      INX		; duration = FRAME_PERIOD + 2
   7334  883f		       20 ba 87 	      JSR	PLAY_NOTE
   7335  8842
   7336  8842		       18		      CLC
   7337  8843		       60		      RTS
   7338  8844
   7339  8844				   .end
   7340  8844		       a6 8c		      LDX	FRAME_PERIOD
   7341  8846		       20 b1 86 	      JSR	SOUND_DELAY
   7342  8849
   7343  8849		       18		      CLC
   7344  884a		       60		      RTS
   7345  884b
   7346  884b					      ORG	$884B
   7347  884b				   GET_PTRS_TO_CURR_LEVEL_SPRITE_DATA
   7348  884b					      SUBROUTINE
   7349  884b
   7350  884b		       b9 05 1c 	      LDA	CURR_LEVEL_ROW_SPRITES_PTR_OFFSETS,Y
   7351  884e		       85 06		      STA	PTR1
   7352  8850		       85 08		      STA	PTR2
   7353  8852		       b9 15 1c 	      LDA	CURR_LEVEL_ROW_SPRITES_PTR_PAGES,Y
   7354  8855		       85 07		      STA	PTR1+1
   7355  8857		       b9 25 1c 	      LDA	CURR_LEVEL_ROW_SPRITES_PTR_PAGES2,Y
   7356  885a		       85 09		      STA	PTR2+1
   7357  885c
   7358  885c		       60		      RTS
   7359  885d
   7360  885d					      ORG	$885D
   7361  885d				   GET_SCREEN_COORDS_FOR
   7362  885d					      SUBROUTINE
   7363  885d							; Enter routine with Y set to sprite row (0-16) and
   7364  885d							; X set to sprite column (0-27). On return, Y will be set to
   7365  885d							; screen row, and X is set to half screen column.
   7366  885d
   7367  885d		       b9 51 1c 	      LDA	SCREEN_ROW_TABLE,Y
   7368  8860		       48		      PHA
   7369  8861		       bd 35 1c 	      LDA	HALF_SCREEN_COL_TABLE,X
   7370  8864		       aa		      TAX		; X = HALF_SCREEN_COL_TABLE[X]
   7371  8865		       68		      PLA
   7372  8866		       a8		      TAY		; Y = SCREEN_ROW_TABLE[Y]
   7373  8867		       60		      RTS
   7374  8868					      ORG	$8868
   7375  8868				   GET_BYTE_AND_SHIFT_FOR_COL
   7376  8868					      SUBROUTINE
   7377  8868							; Enter routine with X set to sprite column. On
   7378  8868							; return, A will be set to screen column byte number
   7379  8868							; and X will be set to an additional right shift amount.
   7380  8868
   7381  8868		       bd 62 1c 	      LDA	COL_BYTE_TABLE,X
   7382  886b		       48		      PHA		; A = COL_BYTE_TABLE[X]
   7383  886c		       bd 7e 1c 	      LDA	COL_SHIFT_TABLE,X
   7384  886f		       aa		      TAX		; X = COL_SHIFT_TABLE[X]
   7385  8870		       68		      PLA
   7386  8871		       60		      RTS
   7387  8872					      ORG	$8872
   7388  8872				   GET_BYTE_AND_SHIFT_FOR_HALF_SCREEN_COL
   7389  8872					      SUBROUTINE
   7390  8872							; Enter routine with X set to half screen column. On
   7391  8872							; return, A will be set to screen column byte number
   7392  8872							; and X will be set to an additional right shift amount.
   7393  8872
   7394  8872		       bd 9a 1c 	      LDA	HALF_SCREEN_COL_BYTE_TABLE,X
   7395  8875		       48		      PHA		; A = HALF_SCREEN_COL_BYTE_TABLE[X]
   7396  8876		       bd 26 1d 	      LDA	HALF_SCREEN_COL_SHIFT_TABLE,X
   7397  8879		       aa		      TAX		; X = HALF_SCREEN_COL_SHIFT_TABLE[X]
   7398  887a		       68		      PLA
   7399  887b		       60		      RTS
   7400  887c					      ORG	$887C
   7401  887c				   GET_SCREEN_ROW_OFFSET_IN_X_FOR
   7402  887c					      SUBROUTINE
   7403  887c							; Enter routine with X set to offset+2 (in double-pixels) and
   7404  887c							; Y set to sprite row. On return, X will retain its value and
   7405  887c							; Y will be set to the screen row.
   7406  887c
   7407  887c		       8a		      TXA
   7408  887d		       48		      PHA
   7409  887e		       20 5d 88 	      JSR	GET_SCREEN_COORDS_FOR
   7410  8881		       68		      PLA
   7411  8882		       aa		      TAX		; Restore X
   7412  8883		       98		      TYA
   7413  8884		       18		      CLC
   7414  8885		       7d 8a 88 	      ADC	ROW_OFFSET_TABLE,X
   7415  8888		       a8		      TAY
   7416  8889		       60		      RTS
   7417  888a					      ORG	$888A
   7418  888a				   ROW_OFFSET_TABLE
   7419  888a		       fb fd 00 02*	      HEX	FB FD 00 02 04
   7420  888f					      ORG	$888F
   7421  888f				   GET_HALF_SCREEN_COL_OFFSET_IN_Y_FOR
   7422  888f					      SUBROUTINE
   7423  888f							; Enter routine with Y set to offset+2 (in double-pixels) and
   7424  888f							; X set to sprite column. On return, Y will retain its value and
   7425  888f							; X will be set to the half screen column.
   7426  888f
   7427  888f		       98		      TYA
   7428  8890		       48		      PHA
   7429  8891		       20 5d 88 	      JSR	GET_SCREEN_COORDS_FOR
   7430  8894		       68		      PLA
   7431  8895		       a8		      TAY		; Restore Y
   7432  8896		       8a		      TXA
   7433  8897		       18		      CLC
   7434  8898		       79 9d 88 	      ADC	COL_OFFSET_TABLE,Y
   7435  889b		       aa		      TAX
   7436  889c		       60		      RTS
   7437  889d					      ORG	$889D
   7438  889d				   COL_OFFSET_TABLE
   7439  889d		       fe ff 00 01*	      HEX	FE FF 00 01 02
   7440  88a2					      ORG	$88A2
   7441  88a2				   IRIS_WIPE
   7442  88a2					      SUBROUTINE
   7443  88a2
   7444  88a2		       a9 58		      LDA	#88
   7445  88a4		       85 73		      STA	WIPE_CENTER_Y
   7446  88a6		       a9 8c		      LDA	#140
   7447  88a8		       85 74		      STA	WIPE_CENTER_X
   7448  88aa
   7449  88aa		       a5 a5		      LDA	WIPE_MODE
   7450  88ac		       f0 0f		      BEQ	.iris_open
   7451  88ae
   7452  88ae		       a2 aa		      LDX	#$AA
   7453  88b0		       86 6d		      STX	WIPE_COUNTER
   7454  88b2		       a2 00		      LDX	#$00
   7455  88b4		       86 72		      STX	WIPE_DIR	; Close
   7456  88b6
   7457  88b6				   .loop_close
   7458  88b6		       20 d7 88 	      JSR	IRIS_WIPE_STEP
   7459  88b9		       c6 6d		      DEC	WIPE_COUNTER
   7460  88bb		       d0 f9		      BNE	.loop_close
   7461  88bd
   7462  88bd				   .iris_open
   7463  88bd		       a9 01		      LDA	#$01
   7464  88bf		       85 6d		      STA	WIPE_COUNTER
   7465  88c1		       85 a5		      STA	WIPE_MODE	; So next time we will close.
   7466  88c3		       85 72		      STA	WIPE_DIR	; Open
   7467  88c5		       20 70 7a 	      JSR	PUT_STATUS_LIVES
   7468  88c8		       20 8c 7a 	      JSR	PUT_STATUS_LEVEL
   7469  88cb
   7470  88cb				   .loop_open
   7471  88cb		       20 d7 88 	      JSR	IRIS_WIPE_STEP
   7472  88ce		       e6 6d		      INC	WIPE_COUNTER
   7473  88d0		       a5 6d		      LDA	WIPE_COUNTER
   7474  88d2		       c9 aa		      CMP	#$AA
   7475  88d4		       d0 f5		      BNE	.loop_open
   7476  88d6		       60		      RTS
   7477  88d7
   7478  88d7					      ORG	$88D7
   7479  88d7				   IRIS_WIPE_STEP
   7480  88d7					      SUBROUTINE
   7481  88d7
   7482  88d7		       a5 6d		      LDA	WIPE_COUNTER
   7483  88d9		       85 69		      STA	WIPE0
   7484  88db		       a9 00		      LDA	#$00
   7485  88dd		       85 6a		      STA	WIPE0+1	; WIPE0 = WIPE_COUNTER
   7486  88df
   7487  88df							; fallthrough with A = 0
   7488  88df		       85 67		      STA	WIPE1
   7489  88e1		       85 68		      STA	WIPE1+1	; WIPE1 = 0
   7490  88e3
   7491  88e3		       a5 69		      LDA	WIPE0
   7492  88e5		       0a		      ASL
   7493  88e6		       85 6b		      STA	WIPE2
   7494  88e8		       a5 6a		      LDA	WIPE0+1
   7495  88ea		       2a		      ROL
   7496  88eb		       85 6c		      STA	WIPE2+1	; WIPE2 = 2 * WIPE0
   7497  88ed
   7498  88ed		       a9 03		      LDA	#$03
   7499  88ef		       38		      SEC
   7500  88f0		       e5 6b		      SBC	WIPE2
   7501  88f2		       85 6b		      STA	WIPE2
   7502  88f4		       a9 00		      LDA	#$00
   7503  88f6		       e5 6c		      SBC	WIPE2+1
   7504  88f8		       85 6c		      STA	WIPE2+1	; WIPE2 = 3 - WIPE2
   7505  88fa
   7506  88fa
   7507  88fa							; WIPE3, WIPE4, WIPE5, and WIPE6 correspond to
   7508  88fa							; row numbers. WIPE3 is above the center, WIPE6
   7509  88fa							; is below the center, while WIPE4 and WIPE5 are on
   7510  88fa							; the center.
   7511  88fa
   7512  88fa		       a5 73		      LDA	WIPE_CENTER_Y
   7513  88fc		       38		      SEC
   7514  88fd		       e5 6d		      SBC	WIPE_COUNTER
   7515  88ff		       85 75		      STA	WIPE3L
   7516  8901		       a9 00		      LDA	#$00
   7517  8903		       e9 00		      SBC	#$00
   7518  8905		       85 79		      STA	WIPE3H	; WIPE3 = WIPE_CENTER_Y - WIPE_COUNTER
   7519  8907
   7520  8907		       a5 73		      LDA	WIPE_CENTER_Y
   7521  8909		       85 76		      STA	WIPE4L
   7522  890b		       85 77		      STA	WIPE5L
   7523  890d		       a9 00		      LDA	#$00
   7524  890f		       85 7a		      STA	WIPE4H
   7525  8911		       85 7b		      STA	WIPE5H	; WIPE4 = WIPE5 = WIPE_CENTER_Y
   7526  8913
   7527  8913		       a5 73		      LDA	WIPE_CENTER_Y
   7528  8915		       18		      CLC
   7529  8916		       65 6d		      ADC	WIPE_COUNTER
   7530  8918		       85 78		      STA	WIPE6L
   7531  891a		       a9 00		      LDA	#$00
   7532  891c		       69 00		      ADC	#$00
   7533  891e		       85 7c		      STA	WIPE6H	; WIPE6 = WIPE_CENTER_Y + WIPE_COUNTER
   7534  8920
   7535  8920
   7536  8920							; WIPE7, WIPE8, WIPE9, and WIPE10 correspond to
   7537  8920							; column byte numbers. Note the division by 7 pixels!
   7538  8920							; WIPE7 is left of center, WIPE10 is right of center,
   7539  8920							; while WIPE8 and WIPE9 are on the center.
   7540  8920
   7541  8920		       a5 74		      LDA	WIPE_CENTER_X
   7542  8922		       38		      SEC
   7543  8923		       e5 6d		      SBC	WIPE_COUNTER
   7544  8925		       aa		      TAX
   7545  8926		       a9 00		      LDA	#$00
   7546  8928		       e9 00		      SBC	#$00
   7547  892a		       20 45 8a 	      JSR	DIV_BY_7
   7548  892d		       84 7d		      STY	WIPE7D
   7549  892f		       85 81		      STA	WIPE7R	; WIPE7 = (WIPE_CENTER_X - WIPE_COUNTER) / 7
   7550  8931
   7551  8931		       a6 74		      LDX	WIPE_CENTER_X
   7552  8933		       a9 00		      LDA	#$00
   7553  8935		       20 45 8a 	      JSR	DIV_BY_7
   7554  8938		       84 7e		      STY	WIPE8D
   7555  893a		       84 7f		      STY	WIPE9D
   7556  893c		       85 82		      STA	WIPE8R
   7557  893e		       85 83		      STA	WIPE9R	; WIPE8 = WIPE9 = WIPE_CENTER_X / 7
   7558  8940
   7559  8940		       a5 74		      LDA	WIPE_CENTER_X
   7560  8942		       18		      CLC
   7561  8943		       65 6d		      ADC	WIPE_COUNTER
   7562  8945		       aa		      TAX
   7563  8946		       a9 00		      LDA	#$00
   7564  8948		       69 00		      ADC	#$00
   7565  894a		       20 45 8a 	      JSR	DIV_BY_7
   7566  894d		       84 80		      STY	WIPE10D
   7567  894f		       85 84		      STA	WIPE10R	; WIPE10 = (WIPE_CENTER_X + WIPE_COUNTER) / 7
   7568  8951
   7569  8951				   .loop
   7570  8951
   7571  8951		       a5 68		      LDA	WIPE1+1
   7572  8953		       c5 6a		      CMP	WIPE0+1
   7573  8955		       90 18		      BCC	.draw_wipe_step	; Effectively, if WIPE1 > WIPE0, jump to .draw_wipe_step.
   7574  8957		       f0 10		      BEQ	.8969	; Otherwise jump to .loop1, which...
   7575  8959
   7576  8959				   .loop1
   7577  8959		       a5 67		      LDA	WIPE1
   7578  895b		       c5 69		      CMP	WIPE0
   7579  895d		       d0 09		      BNE	.end
   7580  895f		       a5 68		      LDA	WIPE1+1
   7581  8961		       c5 6a		      CMP	WIPE0+1
   7582  8963		       d0 03		      BNE	.end	; If WIPE0 != WIPE1, return.
   7583  8965		       4c 69 8a 	      JMP	DRAW_WIPE_STEP
   7584  8968
   7585  8968				   .end
   7586  8968		       60		      RTS
   7587  8969
   7588  8969				   .8969
   7589  8969		       a5 67		      LDA	WIPE1
   7590  896b		       c5 69		      CMP	WIPE0
   7591  896d		       b0 ea		      BCS	.loop1	; The other half of the comparison from .loop.
   7592  896f
   7593  896f				   .draw_wipe_step
   7594  896f
   7595  896f
   7596  896f		       20 69 8a 	      JSR	DRAW_WIPE_STEP
   7597  8972
   7598  8972		       a5 6c		      LDA	WIPE2+1
   7599  8974		       10 31		      BPL	.89a7
   7600  8976
   7601  8976		       a5 67		      LDA	WIPE1
   7602  8978		       0a		      ASL
   7603  8979		       85 6f		      STA	MATH_TMPL
   7604  897b		       a5 68		      LDA	WIPE1+1
   7605  897d		       2a		      ROL
   7606  897e		       85 70		      STA	MATH_TMPH	; MATH_TMP = WIPE1 * 2
   7607  8980
   7608  8980		       a5 6f		      LDA	MATH_TMPL
   7609  8982		       0a		      ASL
   7610  8983		       85 6f		      STA	MATH_TMPL
   7611  8985		       a5 70		      LDA	MATH_TMPH
   7612  8987		       2a		      ROL
   7613  8988		       85 70		      STA	MATH_TMPH	; MATH_TMP *= 2
   7614  898a
   7615  898a		       a5 6b		      LDA	WIPE2
   7616  898c		       18		      CLC
   7617  898d		       65 6f		      ADC	MATH_TMPL
   7618  898f		       85 6f		      STA	MATH_TMPL
   7619  8991		       a5 6c		      LDA	WIPE2+1
   7620  8993		       65 70		      ADC	MATH_TMPH
   7621  8995		       85 70		      STA	MATH_TMPH	; MATH_TMP += WIPE2
   7622  8997
   7623  8997		       a9 06		      LDA	#$06
   7624  8999		       18		      CLC
   7625  899a		       65 6f		      ADC	MATH_TMPL
   7626  899c		       85 6b		      STA	WIPE2
   7627  899e		       a9 00		      LDA	#$00
   7628  89a0		       65 70		      ADC	MATH_TMPH
   7629  89a2		       85 6c		      STA	WIPE2+1	; WIPE2 = MATH_TMP + 6
   7630  89a4
   7631  89a4		       4c 14 8a 	      JMP	.8a14
   7632  89a7
   7633  89a7				   .89a7
   7634  89a7
   7635  89a7		       a5 67		      LDA	WIPE1
   7636  89a9		       38		      SEC
   7637  89aa		       e5 69		      SBC	WIPE0
   7638  89ac		       85 6f		      STA	MATH_TMPL
   7639  89ae		       a5 68		      LDA	WIPE1+1
   7640  89b0		       e5 6a		      SBC	WIPE0+1
   7641  89b2		       85 70		      STA	MATH_TMPH	; MATH_TMP = WIPE1 - WIPE0
   7642  89b4
   7643  89b4		       a5 6f		      LDA	MATH_TMPL
   7644  89b6		       0a		      ASL
   7645  89b7		       85 6f		      STA	MATH_TMPL
   7646  89b9		       a5 70		      LDA	MATH_TMPH
   7647  89bb		       2a		      ROL
   7648  89bc		       85 70		      STA	MATH_TMPH	; MATH_TMP *= 2
   7649  89be
   7650  89be		       a5 6f		      LDA	MATH_TMPL
   7651  89c0		       0a		      ASL
   7652  89c1		       85 6f		      STA	MATH_TMPL
   7653  89c3		       a5 70		      LDA	MATH_TMPH
   7654  89c5		       2a		      ROL
   7655  89c6		       85 70		      STA	MATH_TMPH	; MATH_TMP *= 2
   7656  89c8
   7657  89c8		       a5 6f		      LDA	MATH_TMPL
   7658  89ca		       18		      CLC
   7659  89cb		       69 10		      ADC	#$10
   7660  89cd		       85 6f		      STA	MATH_TMPL
   7661  89cf		       a5 70		      LDA	MATH_TMPH
   7662  89d1		       69 00		      ADC	#$00
   7663  89d3		       85 70		      STA	MATH_TMPH	; MATH_TMP += 16
   7664  89d5
   7665  89d5		       a5 6f		      LDA	MATH_TMPL
   7666  89d7		       18		      CLC
   7667  89d8		       65 6b		      ADC	WIPE2
   7668  89da		       85 6b		      STA	WIPE2
   7669  89dc		       a5 70		      LDA	MATH_TMPH
   7670  89de		       65 6c		      ADC	WIPE2+1
   7671  89e0		       85 6c		      STA	WIPE2+1	; WIPE2 += MATH_TMP
   7672  89e2
   7673  89e2		       a5 69		      LDA	WIPE0
   7674  89e4		       08		      PHP
   7675  89e5		       c6 69		      DEC	WIPE0
   7676  89e7		       28		      PLP
   7677  89e8		       d0 02		      BNE	.b9ec
   7678  89ea		       c6 6a		      DEC	WIPE0+1	; WIPE0--
   7679  89ec				   .b9ec
   7680  89ec
   7681  89ec		       e6 75		      INC	WIPE3L
   7682  89ee		       d0 02		      BNE	.89f2
   7683  89f0		       e6 79		      INC	WIPE3H	; WIPE3++
   7684  89f2				   .89f2
   7685  89f2
   7686  89f2		       c6 84		      DEC	WIPE10R
   7687  89f4		       10 06		      BPL	.89fc
   7688  89f6		       a9 06		      LDA	#$06
   7689  89f8		       85 84		      STA	WIPE10R
   7690  89fa		       c6 80		      DEC	WIPE10D
   7691  89fc				   .89fc
   7692  89fc
   7693  89fc		       e6 81		      INC	WIPE7R
   7694  89fe		       a5 81		      LDA	WIPE7R
   7695  8a00		       c9 07		      CMP	#$07
   7696  8a02		       d0 06		      BNE	.8a0a
   7697  8a04		       a9 00		      LDA	#$00
   7698  8a06		       85 81		      STA	WIPE7R
   7699  8a08		       e6 7d		      INC	WIPE7D
   7700  8a0a				   .8a0a
   7701  8a0a
   7702  8a0a		       c6 78		      DEC	WIPE6L
   7703  8a0c		       a5 78		      LDA	WIPE6L
   7704  8a0e		       c9 ff		      CMP	#$FF
   7705  8a10		       d0 02		      BNE	.8a14
   7706  8a12		       c6 7c		      DEC	WIPE6H
   7707  8a14
   7708  8a14
   7709  8a14				   .8a14
   7710  8a14
   7711  8a14		       e6 67		      INC	WIPE1
   7712  8a16		       d0 02		      BNE	.8a1a
   7713  8a18		       e6 68		      INC	WIPE1+1	; WIPE1++
   7714  8a1a				   .8a1a
   7715  8a1a
   7716  8a1a		       e6 83		      INC	WIPE9R
   7717  8a1c		       a5 83		      LDA	WIPE9R
   7718  8a1e		       c9 07		      CMP	#$07
   7719  8a20		       d0 06		      BNE	.8a28
   7720  8a22		       a9 00		      LDA	#$00
   7721  8a24		       85 83		      STA	WIPE9R
   7722  8a26		       e6 7f		      INC	WIPE9D
   7723  8a28				   .8a28
   7724  8a28
   7725  8a28		       c6 76		      DEC	WIPE4L
   7726  8a2a		       a5 76		      LDA	WIPE4L
   7727  8a2c		       c9 ff		      CMP	#$FF
   7728  8a2e		       d0 02		      BNE	.8a32
   7729  8a30		       c6 7a		      DEC	WIPE4H
   7730  8a32				   .8a32
   7731  8a32
   7732  8a32		       e6 77		      INC	WIPE5L
   7733  8a34		       d0 02		      BNE	.8a38
   7734  8a36		       e6 7b		      INC	WIPE5H	; WIPE5++
   7735  8a38				   .8a38
   7736  8a38
   7737  8a38		       c6 82		      DEC	WIPE8R
   7738  8a3a		       10 06		      BPL	.8a42
   7739  8a3c		       a9 06		      LDA	#$06
   7740  8a3e		       85 82		      STA	WIPE8R
   7741  8a40		       c6 7e		      DEC	WIPE8D
   7742  8a42				   .8a42
   7743  8a42
   7744  8a42		       4c 51 89 	      JMP	.loop
   7745  8a45
   7746  8a45					      ORG	$8A45
   7747  8a45				   DIV_BY_7
   7748  8a45					      SUBROUTINE
   7749  8a45							; Enter routine with AX set to (unsigned) numerator.
   7750  8a45							; On exit, Y will contain the integer portion of AX/7,
   7751  8a45							; and A contains the remainder.
   7752  8a45
   7753  8a45		       86 6f		      STX	MATH_TMPL
   7754  8a47		       a0 08		      LDY	#$08
   7755  8a49		       38		      SEC
   7756  8a4a		       e9 07		      SBC	#$07
   7757  8a4c
   7758  8a4c				   .loop
   7759  8a4c		       08		      PHP
   7760  8a4d		       26 70		      ROL	MATH_TMPH
   7761  8a4f		       06 6f		      ASL	MATH_TMPL
   7762  8a51		       2a		      ROL
   7763  8a52		       28		      PLP
   7764  8a53		       90 05		      BCC	.adjust_up
   7765  8a55		       e9 07		      SBC	#$07
   7766  8a57		       4c 5c 8a 	      JMP	.next
   7767  8a5a
   7768  8a5a				   .adjust_up
   7769  8a5a		       69 07		      ADC	#$07
   7770  8a5c
   7771  8a5c				   .next
   7772  8a5c		       88		      DEY
   7773  8a5d		       d0 ed		      BNE	.loop
   7774  8a5f
   7775  8a5f		       b0 03		      BCS	.no_adjust
   7776  8a61		       69 07		      ADC	#$07
   7777  8a63		       18		      CLC
   7778  8a64
   7779  8a64				   .no_adjust
   7780  8a64		       26 70		      ROL	MATH_TMPH
   7781  8a66		       a4 70		      LDY	MATH_TMPH
   7782  8a68		       60		      RTS
   7783  8a69							; Initialized "uninitialized" data
   7784  8a69
   7785  8a69					      ORG	$8A69
   7786  8a69				   DRAW_WIPE_STEP
   7787  8a69					      SUBROUTINE
   7788  8a69
   7789  8a69		       a4 7c		      LDY	WIPE6H
   7790  8a6b		       d0 1f		      BNE	.draw_north
   7791  8a6d		       a4 78		      LDY	WIPE6L
   7792  8a6f		       c0 b0		      CPY	#176
   7793  8a71		       b0 19		      BCS	.draw_north	; Skip if WIPE6 >= 176
   7794  8a73
   7795  8a73		       20 3e 7a 	      JSR	ROW_TO_ADDR_FOR_BOTH_PAGES
   7796  8a76
   7797  8a76							; East side
   7798  8a76		       a4 7f		      LDY	WIPE9D
   7799  8a78		       c0 28		      CPY	#40
   7800  8a7a		       b0 05		      BCS	.draw_south_west
   7801  8a7c		       a6 83		      LDX	WIPE9R
   7802  8a7e		       20 f6 8a 	      JSR	DRAW_WIPE_BLOCK
   7803  8a81
   7804  8a81				   .draw_south_west
   7805  8a81							; West side
   7806  8a81		       a4 7e		      LDY	WIPE8D
   7807  8a83		       c0 28		      CPY	#40
   7808  8a85		       b0 05		      BCS	.draw_north
   7809  8a87		       a6 82		      LDX	WIPE8R
   7810  8a89		       20 f6 8a 	      JSR	DRAW_WIPE_BLOCK
   7811  8a8c
   7812  8a8c				   .draw_north
   7813  8a8c		       a4 79		      LDY	WIPE3H
   7814  8a8e		       d0 1f		      BNE	.draw_north2
   7815  8a90		       a4 75		      LDY	WIPE3L
   7816  8a92		       c0 b0		      CPY	#176
   7817  8a94		       b0 19		      BCS	.draw_north2	; Skip if WIPE3 >= 176
   7818  8a96
   7819  8a96		       20 3e 7a 	      JSR	ROW_TO_ADDR_FOR_BOTH_PAGES
   7820  8a99
   7821  8a99							; East side
   7822  8a99		       a4 7f		      LDY	WIPE9D
   7823  8a9b		       c0 28		      CPY	#40
   7824  8a9d		       b0 05		      BCS	.draw_north_west
   7825  8a9f		       a6 83		      LDX	WIPE9R
   7826  8aa1		       20 f6 8a 	      JSR	DRAW_WIPE_BLOCK
   7827  8aa4
   7828  8aa4				   .draw_north_west
   7829  8aa4							; West side
   7830  8aa4		       a4 7e		      LDY	WIPE8D
   7831  8aa6		       c0 28		      CPY	#40
   7832  8aa8		       b0 05		      BCS	.draw_north2
   7833  8aaa		       a6 82		      LDX	WIPE8R
   7834  8aac		       20 f6 8a 	      JSR	DRAW_WIPE_BLOCK
   7835  8aaf
   7836  8aaf				   .draw_north2
   7837  8aaf		       a4 7b		      LDY	WIPE5H
   7838  8ab1		       d0 1f		      BNE	.draw_south2
   7839  8ab3		       a4 77		      LDY	WIPE5L
   7840  8ab5		       c0 b0		      CPY	#176
   7841  8ab7		       b0 19		      BCS	.draw_south2	; Skip if WIPE5 >= 176
   7842  8ab9
   7843  8ab9		       20 3e 7a 	      JSR	ROW_TO_ADDR_FOR_BOTH_PAGES
   7844  8abc
   7845  8abc							; East side
   7846  8abc		       a4 80		      LDY	WIPE10D
   7847  8abe		       c0 28		      CPY	#40
   7848  8ac0		       b0 05		      BCS	.draw_north2_west
   7849  8ac2		       a6 84		      LDX	WIPE10R
   7850  8ac4		       20 f6 8a 	      JSR	DRAW_WIPE_BLOCK
   7851  8ac7
   7852  8ac7				   .draw_north2_west
   7853  8ac7							; West side
   7854  8ac7		       a4 7d		      LDY	WIPE7D
   7855  8ac9		       c0 28		      CPY	#40
   7856  8acb		       b0 05		      BCS	.draw_south2
   7857  8acd		       a6 81		      LDX	WIPE7R
   7858  8acf		       20 f6 8a 	      JSR	DRAW_WIPE_BLOCK
   7859  8ad2
   7860  8ad2				   .draw_south2
   7861  8ad2		       a4 7a		      LDY	WIPE4H
   7862  8ad4		       d0 1f		      BNE	.end
   7863  8ad6		       a4 76		      LDY	WIPE4L
   7864  8ad8		       c0 b0		      CPY	#176
   7865  8ada		       b0 19		      BCS	.end	; Skip if WIPE4 >= 176
   7866  8adc
   7867  8adc		       20 3e 7a 	      JSR	ROW_TO_ADDR_FOR_BOTH_PAGES
   7868  8adf
   7869  8adf							; East side
   7870  8adf		       a4 80		      LDY	WIPE10D
   7871  8ae1		       c0 28		      CPY	#40
   7872  8ae3		       b0 05		      BCS	.draw_south2_west
   7873  8ae5		       a6 84		      LDX	WIPE10R
   7874  8ae7		       20 f6 8a 	      JSR	DRAW_WIPE_BLOCK
   7875  8aea
   7876  8aea				   .draw_south2_west
   7877  8aea							; West side
   7878  8aea		       a4 7d		      LDY	WIPE7D
   7879  8aec		       c0 28		      CPY	#40
   7880  8aee		       b0 05		      BCS	.end
   7881  8af0		       a6 81		      LDX	WIPE7R
   7882  8af2		       4c f6 8a 	      JMP	DRAW_WIPE_BLOCK	; tail call
   7883  8af5
   7884  8af5				   .end
   7885  8af5		       60		      RTS
   7886  8af6
   7887  8af6
   7888  8af6					      ORG	$8AF6
   7889  8af6				   DRAW_WIPE_BLOCK
   7890  8af6					      SUBROUTINE
   7891  8af6							; Enter routine with X set to the column byte and Y set to
   7892  8af6							; the pixel number within that byte (0-6). ROW_ADDR and
   7893  8af6							; ROW_ADDR2 must contain the base row address for page 1
   7894  8af6							; and page 2, respectively.
   7895  8af6
   7896  8af6		       a5 72		      LDA	WIPE_DIR
   7897  8af8		       d0 08		      BNE	.open
   7898  8afa
   7899  8afa		       b1 0c		      LDA	(ROW_ADDR),Y
   7900  8afc		       3d 0c 8b 	      AND	WIPE_BLOCK_CLOSE_MASK,X
   7901  8aff		       91 0c		      STA	(ROW_ADDR),Y
   7902  8b01		       60		      RTS
   7903  8b02
   7904  8b02				   .open
   7905  8b02		       b1 0e		      LDA	(ROW_ADDR2),Y
   7906  8b04		       3d 13 8b 	      AND	WIPE_BLOCK_OPEN_MASK,X
   7907  8b07		       11 0c		      ORA	(ROW_ADDR),Y
   7908  8b09		       91 0c		      STA	(ROW_ADDR),Y
   7909  8b0b		       60		      RTS
   7910  8b0c
   7911  8b0c					      ORG	$8B0C
   7912  8b0c				   WIPE_BLOCK_CLOSE_MASK
   7913  8b0c		       f0		      BYTE.b	%11110000
   7914  8b0d		       f0		      BYTE.b	%11110000
   7915  8b0e		       f0		      BYTE.b	%11110000
   7916  8b0f		       f0		      BYTE.b	%11110000
   7917  8b10		       8f		      BYTE.b	%10001111
   7918  8b11		       8f		      BYTE.b	%10001111
   7919  8b12		       8f		      BYTE.b	%10001111
   7920  8b13				   WIPE_BLOCK_OPEN_MASK
   7921  8b13		       8f		      BYTE.b	%10001111
   7922  8b14		       8f		      BYTE.b	%10001111
   7923  8b15		       8f		      BYTE.b	%10001111
   7924  8b16		       8f		      BYTE.b	%10001111
   7925  8b17		       f0		      BYTE.b	%11110000
   7926  8b18		       f0		      BYTE.b	%11110000
   7927  8b19		       f0		      BYTE.b	%11110000
   7928  8b1a					      ORG	$8B1A
   7929  8b1a				   SPINNING_GAME_OVER
   7930  8b1a					      SUBROUTINE
   7931  8b1a
   7932  8b1a		       a9 01		      LDA	#$01
   7933  8b1c		       8d 4b 8d 	      STA	ANIM_COUNT
   7934  8b1f		       a9 20		      LDA	#$20
   7935  8b21		       85 1f		      STA	HGR_PAGE
   7936  8b23
   7937  8b23				   .loop
   7938  8b23		       20 cf 8b 	      JSR	ANIM5
   7939  8b26		       20 be 8b 	      JSR	ANIM4
   7940  8b29		       20 ad 8b 	      JSR	ANIM3
   7941  8b2c		       20 9c 8b 	      JSR	ANIM2
   7942  8b2f		       20 8b 8b 	      JSR	ANIM1
   7943  8b32		       20 7a 8b 	      JSR	ANIM0
   7944  8b35		       20 8b 8b 	      JSR	ANIM1
   7945  8b38		       20 9c 8b 	      JSR	ANIM2
   7946  8b3b		       20 ad 8b 	      JSR	ANIM3
   7947  8b3e		       20 be 8b 	      JSR	ANIM4
   7948  8b41		       20 cf 8b 	      JSR	ANIM5
   7949  8b44		       20 24 8c 	      JSR	ANIM10
   7950  8b47		       20 13 8c 	      JSR	ANIM9
   7951  8b4a		       20 02 8c 	      JSR	ANIM8
   7952  8b4d		       20 f1 8b 	      JSR	ANIM7
   7953  8b50		       20 e0 8b 	      JSR	ANIM6
   7954  8b53		       20 f1 8b 	      JSR	ANIM7
   7955  8b56		       20 02 8c 	      JSR	ANIM8
   7956  8b59		       20 13 8c 	      JSR	ANIM9
   7957  8b5c		       20 24 8c 	      JSR	ANIM10
   7958  8b5f		       ad 4b 8d 	      LDA	ANIM_COUNT
   7959  8b62		       c9 64		      CMP	#100
   7960  8b64		       90 bd		      BCC	.loop
   7961  8b66
   7962  8b66		       20 cf 8b 	      JSR	ANIM5
   7963  8b69		       20 be 8b 	      JSR	ANIM4
   7964  8b6c		       20 ad 8b 	      JSR	ANIM3
   7965  8b6f		       20 9c 8b 	      JSR	ANIM2
   7966  8b72		       20 8b 8b 	      JSR	ANIM1
   7967  8b75		       20 7a 8b 	      JSR	ANIM0
   7968  8b78		       18		      CLC
   7969  8b79		       60		      RTS
   7970  8b7a
   7971  8b7a					      ORG	$8B7A
   7972  8b7a				   ANIM0
   7973  8b7a		       20 e5 8c 	      JSR	SHOW_ANIM_LINE
   7974  8b7d		       00 01 02 03*	      HEX	00 01 02 03 04 05 06 07 08 09 0A 02 01 00
   7975  8b8b				   ANIM1
   7976  8b8b		       20 e5 8c 	      JSR	SHOW_ANIM_LINE
   7977  8b8e		       00 00 01 02*	      HEX	00 00 01 02 03 04 05 07 09 0A 02 01 00 00
   7978  8b9c				   ANIM2
   7979  8b9c		       20 e5 8c 	      JSR	SHOW_ANIM_LINE
   7980  8b9f		       00 00 00 01*	      HEX	00 00 00 01 02 03 04 09 0A 02 01 00 00 00
   7981  8bad				   ANIM3
   7982  8bad		       20 e5 8c 	      JSR	SHOW_ANIM_LINE
   7983  8bb0		       00 00 00 00*	      HEX	00 00 00 00 01 02 03 0A 02 01 00 00 00 00
   7984  8bbe				   ANIM4
   7985  8bbe		       20 e5 8c 	      JSR	SHOW_ANIM_LINE
   7986  8bc1		       00 00 00 00*	      HEX	00 00 00 00 00 01 03 0A 01 00 00 00 00 00
   7987  8bcf				   ANIM5
   7988  8bcf		       20 e5 8c 	      JSR	SHOW_ANIM_LINE
   7989  8bd2		       00 00 00 00*	      HEX	00 00 00 00 00 00 01 01 00 00 00 00 00 00
   7990  8be0				   ANIM6
   7991  8be0		       20 e5 8c 	      JSR	SHOW_ANIM_LINE
   7992  8be3		       00 01 02 0a*	      HEX	00 01 02 0A 09 08 07 06 05 04 03 02 01 00
   7993  8bf1				   ANIM7
   7994  8bf1		       20 e5 8c 	      JSR	SHOW_ANIM_LINE
   7995  8bf4		       00 00 01 02*	      HEX	00 00 01 02 0A 09 07 05 04 03 02 01 00 00
   7996  8c02				   ANIM8
   7997  8c02		       20 e5 8c 	      JSR	SHOW_ANIM_LINE
   7998  8c05		       00 00 00 01*	      HEX	00 00 00 01 02 0A 09 04 03 02 01 00 00 00
   7999  8c13				   ANIM9
   8000  8c13		       20 e5 8c 	      JSR	SHOW_ANIM_LINE
   8001  8c16		       00 00 00 00*	      HEX	00 00 00 00 01 02 0A 03 02 01 00 00 00 00
   8002  8c24				   ANIM10
   8003  8c24		       20 e5 8c 	      JSR	SHOW_ANIM_LINE
   8004  8c27		       00 00 00 00*	      HEX	00 00 00 00 00 01 0A 03 01 00 00 00 00 00
   8005  8c35
   8006  8c35					      ORG	$8C35
   8007  8c35				   TABLE0
   8008  8c35		       80 80 80 80*	      HEX	80 80 80 80 80 80 80 80 80 80 80 80 80 80
   8009  8c43				   TABLE1
   8010  8c43		       c0 aa d5 aa*	      HEX	C0 AA D5 AA D5 AA D5 AA D5 AA D5 AA D5 80
   8011  8c51				   TABLE2
   8012  8c51		       90 80 80 80*	      HEX	90 80 80 80 80 80 80 80 80 80 80 80 80 82
   8013  8c5f				   TABLE3
   8014  8c5f		       90 aa d1 a2*	      HEX	90 AA D1 A2 D5 A8 85 A8 C5 A2 D4 A2 95 82
   8015  8c6d				   TABLE4
   8016  8c6d		       90 82 91 a2*	      HEX	90 82 91 A2 C5 A8 80 88 C5 A2 94 A0 90 82
   8017  8c7b				   TABLE5
   8018  8c7b		       90 82 90 a2*	      HEX	90 82 90 A2 C4 A8 80 88 C5 A2 94 A0 90 82
   8019  8c89				   TABLE6
   8020  8c89		       90 82 90 a2*	      HEX	90 82 90 A2 C4 A8 81 88 C4 A2 D4 A0 95 82
   8021  8c97				   TABLE7
   8022  8c97		       90 a2 d1 a2*	      HEX	90 A2 D1 A2 C4 88 80 88 C4 A2 84 A0 85 82
   8023  8ca5				   TABLE8
   8024  8ca5		       90 82 91 a2*	      HEX	90 82 91 A2 C4 88 80 88 C4 AA 84 A0 85 82
   8025  8cb3				   TABLE9
   8026  8cb3		       90 82 91 a2*	      HEX	90 82 91 A2 C4 88 80 88 C4 8A 84 A0 91 82
   8027  8cc1				   TABLE10
   8028  8cc1		       90 aa 91 a2*	      HEX	90 AA 91 A2 C4 A8 85 A8 85 82 D4 A2 91 82
   8029  8ccf
   8030  8ccf					      ORG	$8CCF
   8031  8ccf				   ADDRESS_TABLE
   8032  8ccf		       28 8c		      WORD.w	TABLE0-13
   8033  8cd1		       36 8c		      WORD.w	TABLE1-13
   8034  8cd3		       44 8c		      WORD.w	TABLE2-13
   8035  8cd5		       52 8c		      WORD.w	TABLE3-13
   8036  8cd7		       60 8c		      WORD.w	TABLE4-13
   8037  8cd9		       6e 8c		      WORD.w	TABLE5-13
   8038  8cdb		       7c 8c		      WORD.w	TABLE6-13
   8039  8cdd		       8a 8c		      WORD.w	TABLE7-13
   8040  8cdf		       98 8c		      WORD.w	TABLE8-13
   8041  8ce1		       a6 8c		      WORD.w	TABLE9-13
   8042  8ce3		       b4 8c		      WORD.w	TABLE10-13
   8043  8ce5					      ORG	$8CE5
   8044  8ce5				   SHOW_ANIM_LINE
   8045  8ce5					      SUBROUTINE
   8046  8ce5
   8047  8ce5		       68		      PLA
   8048  8ce6		       85 0a		      STA	TMP_PTR
   8049  8ce8		       68		      PLA
   8050  8ce9		       85 0b		      STA	TMP_PTR+1	; store "return" addr
   8051  8ceb
   8052  8ceb							; Fill 14 rows of pixel data from row 0x51 (81) through 0x5E (94).
   8053  8ceb		       a0 50		      LDY	#$50
   8054  8ced		       84 86		      STY	GAME_ROWNUM
   8055  8cef		       d0 21		      BNE	.next	; unconditional
   8056  8cf1
   8057  8cf1				   .loop
   8058  8cf1		       20 31 7a 	      JSR	ROW_TO_ADDR
   8059  8cf4		       a0 00		      LDY	#$00
   8060  8cf6		       b1 0a		      LDA	(TMP_PTR),Y
   8061  8cf8		       0a		      ASL
   8062  8cf9		       aa		      TAX
   8063  8cfa		       bd cf 8c 	      LDA	ADDRESS_TABLE,X
   8064  8cfd		       8d 09 8d 	      STA	.loop2+1
   8065  8d00		       bd d0 8c 	      LDA	ADDRESS_TABLE+1,X	; groups of 14 bytes
   8066  8d03		       8d 0a 8d 	      STA	.loop2+2
   8067  8d06		       a0 0d		      LDY	#$0D
   8068  8d08
   8069  8d08							; Copy 13 bytes of pixel data onto screen from
   8070  8d08							; addr+14 to addr+26
   8071  8d08				   .loop2
   8072  8d08		       b9 08 8d 	      LDA	$8D08,Y	; fixed up from above
   8073  8d0b		       91 0c		      STA	(ROW_ADDR),Y	; pixel data
   8074  8d0d		       c8		      INY
   8075  8d0e		       c0 1b		      CPY	#$1B
   8076  8d10		       90 f6		      BCC	.loop2	; Y < 27
   8077  8d12
   8078  8d12							; Next row
   8079  8d12				   .next
   8080  8d12		       20 4c 8d 	      JSR	INCREMENT_TMP_PTR
   8081  8d15		       e6 86		      INC	GAME_ROWNUM
   8082  8d17		       a4 86		      LDY	GAME_ROWNUM
   8083  8d19		       c0 5f		      CPY	#$5F
   8084  8d1b		       90 d4		      BCC	.loop
   8085  8d1d
   8086  8d1d		       ae 4b 8d 	      LDX	ANIM_COUNT
   8087  8d20		       a0 ff		      LDY	#$FF
   8088  8d22				   .delay
   8089  8d22		       88		      DEY
   8090  8d23		       d0 fd		      BNE	.delay
   8091  8d25		       ca		      DEX
   8092  8d26		       d0 fa		      BNE	.delay
   8093  8d28		       ee 4b 8d 	      INC	ANIM_COUNT
   8094  8d2b
   8095  8d2b		       a5 95		      LDA	INPUT_MODE
   8096  8d2d		       c9 cb		      CMP	#KEYBOARD_MODE
   8097  8d2f		       f0 0a		      BEQ	.check_for_keypress
   8098  8d31		       ad 62 c0 	      LDA	BUTN1
   8099  8d34		       30 0b		      BMI	.input_detected
   8100  8d36		       ad 61 c0 	      LDA	BUTN0
   8101  8d39		       30 06		      BMI	.input_detected
   8102  8d3b
   8103  8d3b				   .check_for_keypress
   8104  8d3b		       ad 00 c0 	      LDA	KBD
   8105  8d3e		       30 01		      BMI	.input_detected
   8106  8d40		       60		      RTS
   8107  8d41
   8108  8d41							; Skip the rest of the big animation.
   8109  8d41				   .input_detected
   8110  8d41		       68		      PLA
   8111  8d42		       68		      PLA
   8112  8d43		       38		      SEC
   8113  8d44		       ad 00 c0 	      LDA	KBD
   8114  8d47		       8d 10 c0 	      STA	KBDSTRB
   8115  8d4a		       60		      RTS
   8116  8d4b
   8117  8d4b					      ORG	$8D4B
   8118  8d4b				   ANIM_COUNT
   8119  8d4b		       9d		      HEX	9D
   8120  8d4c
   8121  8d4c					      ORG	$8D4C
   8122  8d4c				   INCREMENT_TMP_PTR
   8123  8d4c					      SUBROUTINE
   8124  8d4c
   8125  8d4c		       e6 0a		      INC	TMP_PTR
   8126  8d4e		       d0 02		      BNE	.end
   8127  8d50		       e6 0b		      INC	TMP_PTR+1
   8128  8d52				   .end
   8129  8d52		       60		      RTS
   8130  8d53
   8131  8d53
   8132  8d53							; Editor routines
   8133  8d53
   8134  8d53					      ORG	$8D53
   8135  8d53		       00 00 00 00*	      HEX	00 00 00 00 00 00 00 00 00 00 00 00 00 00 00 00
   8136  8d63		       00 00 00 00*	      HEX	00 00 00 00 00 00 00 00 00 00 00 00 00 00 00 00
   8137  8d73		       00 00 00 00*	      HEX	00 00 00 00 00 00 00 00 00 00 00 00 00 00 00 00
   8138  8d83		       00 00 00 00*	      HEX	00 00 00 00 00 00 00 00 00 00 00 00 00 00 00 00
   8139  8d93		       00 00 00 00*	      HEX	00 00 00 00 00 00 00 00 00 00 00 00 00 00 00 00
   8140  8da3		       00 00 00 00*	      HEX	00 00 00 00 00 00 00 00 00 00 00 00 00 00 00 00
   8141  8db3		       00 00 00 00*	      HEX	00 00 00 00 00 00 00 00 00 00 00 00 00 00 00 00
   8142  8dc3		       00 00 00 00*	      HEX	00 00 00 00 00 00 00 00 00 00 00 00 00 00 00 00
   8143  8dd3		       00 00 00 00*	      HEX	00 00 00 00 00 00 00 00 00 00 00 00 00 00 00 00
   8144  8de3		       00 00 00 00*	      HEX	00 00 00 00 00 00 00 00 00 00 00 00 00 00 00 00
   8145  8df3		       00 00 00 00*	      HEX	00 00 00 00 00 00 00 00 00 00 00 00 00
   8146  8e00
   8147  8e00					      ORG	$8E00
   8148  8e00				   FORMAT_PATCH
   8149  8e00		       a9 44		      LDA	#$44
   8150  8e02		       8d 78 04 	      STA	$0478	; Used by DOS as current track.
   8151  8e05		       a9 00		      LDA	#$00
   8152  8e07		       20 a0 b9 	      JSR	SEEKABS	; DOS routine to move disk to track in A.
   8153  8e0a		       ea		      NOP
   8154  8e0b		       ea		      NOP
   8155  8e0c		       ea		      NOP
   8156  8e0d		       ea		      NOP
   8157  8e0e		       ea		      NOP
   8158  8e0f		       ea		      NOP
   8159  8e10		       a9 20		      LDA	#$20
   8160  8e12		       85 4f		      STA	$4F
   8161  8e14
   8162  8e14				   .await_D4_D5_D6
   8163  8e14		       88		      DEY
   8164  8e15		       d0 09		      BNE	.read_byte1
   8165  8e17		       c6 4f		      DEC	$4F
   8166  8e19		       d0 05		      BNE	.read_byte1
   8167  8e1b		       4c af be 	      JMP	DSKFORM	; DOS routine to format disk
   8168  8e1e
   8169  8e1e		       ea ea		      HEX	EA EA
   8170  8e20
   8171  8e20				   .read_byte1
   8172  8e20		       bd 8c c0 	      LDA	$C08C,X
   8173  8e23		       10 fb		      BPL	.read_byte1
   8174  8e25
   8175  8e25				   .check_for_D4
   8176  8e25		       c9 d4		      CMP	#$D4
   8177  8e27		       d0 eb		      BNE	.await_D4_D5_D6
   8178  8e29		       ea		      NOP
   8179  8e2a
   8180  8e2a				   .read_byte2
   8181  8e2a		       bd 8c c0 	      LDA	$C08C,X
   8182  8e2d		       10 fb		      BPL	.read_byte2
   8183  8e2f
   8184  8e2f				   .check_for_D5
   8185  8e2f		       c9 d5		      CMP	#$D5
   8186  8e31		       d0 f2		      BNE	.check_for_D4
   8187  8e33		       ea		      NOP
   8188  8e34
   8189  8e34				   .read_byte3
   8190  8e34		       bd 8c c0 	      LDA	$C08C,X
   8191  8e37		       10 fb		      BPL	.read_byte3
   8192  8e39
   8193  8e39		       c9 d6		      CMP	#$D6
   8194  8e3b		       d0 f2		      BNE	.check_for_D5
   8195  8e3d
   8196  8e3d		       bd 88 c0 	      LDA	$C088,X	; Turn motor off
   8197  8e40		       20 98 80 	      JSR	DONT_MANIPULATE_MASTER_DISK
   8198  8e43		       4c b2 7b 	      JMP	START_LEVEL_EDITOR
   8199  8e46
   8200  8e46
   8201  8e46							; Startup code
   8202  8e46
   8203  8e46					      ORG	$8E46
   8204  8e46		       00 00 00 00*	      HEX	00 00 00 00 00 00 00 00 00 00
   8205  8e50
   8206  8e50					      ORG	$8E50
   8207  8e50				   DEFAULT_INDIRECT_TARGET
   8208  8e50					      SUBROUTINE
   8209  8e50		       4c b5 b7 	      JMP	DISABLE_INTS_CALL_RWTS
   8210  8e53
   8211  8e53					      ORG	$8E53
   8212  8e53							; through to $8FFF.
   8213  8e53		       00 00 00 00*	      DS	$1AD
   8214  9000
   8215  9000					      ORG	$9000
------- FILE garbage.asm LEVEL 2 PASS 3
      0  9000					      INCLUDE	"garbage.asm"
      1  9000		       00 00 01 01*	      HEX	00 00 01 01 00 80 21 01 00 80 01 81 01 00 01 01
      2  9010		       00 00 01 01*	      HEX	00 00 01 01 00 80 21 01 00 80 01 81 00 00 01 01
      3  9020		       00 00 01 01*	      HEX	00 00 01 01 00 80 21 01 00 80 01 81 00 00 01 01
      4  9030		       00 00 01 01*	      HEX	00 00 01 01 00 80 21 01 00 80 01 81 00 00 01 01
      5  9040		       00 00 01 01*	      HEX	00 00 01 01 00 80 21 01 00 80 01 81 01 00 01 01
      6  9050		       00 00 01 01*	      HEX	00 00 01 01 00 80 21 01 00 80 01 81 00 00 01 01
      7  9060		       00 00 01 01*	      HEX	00 00 01 01 00 80 21 01 00 80 01 81 01 00 01 01
      8  9070		       00 00 01 01*	      HEX	00 00 01 01 00 80 21 01 00 80 01 81 00 00 01 01
      9  9080		       00 00 01 01*	      HEX	00 00 01 01 00 80 01 09 00 00 01 11 00 80 01 01
     10  9090		       00 00 01 01*	      HEX	00 00 01 01 00 80 01 09 00 00 01 11 00 80 01 81
     11  90a0		       00 00 01 01*	      HEX	00 00 01 01 00 80 01 09 00 00 01 11 00 80 01 01
     12  90b0		       00 00 01 01*	      HEX	00 00 01 01 00 80 01 09 00 00 01 11 00 80 01 81
     13  90c0		       00 00 01 01*	      HEX	00 00 01 01 00 80 01 09 00 00 01 11 00 80 01 81
     14  90d0		       00 00 01 01*	      HEX	00 00 01 01 00 80 01 09 00 00 01 11 00 80 01 81
     15  90e0		       00 00 01 01*	      HEX	00 00 01 01 00 80 01 09 00 00 01 11 00 80 01 81
     16  90f0		       00 00 01 01*	      HEX	00 00 01 01 00 80 01 09 00 00 01 11 00 80 01 81
     17  9100		       00 00 01 01*	      HEX	00 00 01 01 00 00 01 01 00 00 01 01 00 00 01 01
     18  9110		       00 00 01 01*	      HEX	00 00 01 01 00 00 01 01 00 00 01 01 00 00 01 81
     19  9120		       00 00 01 01*	      HEX	00 00 01 01 00 00 01 01 00 00 01 01 00 00 01 01
     20  9130		       00 00 01 01*	      HEX	00 00 01 01 00 00 01 01 00 00 01 01 00 00 01 81
     21  9140		       00 00 01 01*	      HEX	00 00 01 01 00 00 01 01 00 00 01 01 00 00 01 81
     22  9150		       00 00 01 01*	      HEX	00 00 01 01 00 00 01 01 00 00 01 01 00 00 01 81
     23  9160		       00 00 01 01*	      HEX	00 00 01 01 00 00 01 01 00 00 01 01 00 00 01 81
     24  9170		       00 00 01 01*	      HEX	00 00 01 01 00 00 01 01 00 00 01 01 00 00 01 81
     25  9180		       00 00 01 01*	      HEX	00 00 01 01 00 00 01 09 00 00 01 01 00 00 41 09
     26  9190		       00 00 01 01*	      HEX	00 00 01 01 00 00 01 01 00 00 01 01 00 00 41 09
     27  91a0		       00 00 01 01*	      HEX	00 00 01 01 00 00 01 09 00 00 01 01 00 00 41 09
     28  91b0		       00 00 01 01*	      HEX	00 00 01 01 00 00 01 09 00 00 01 01 00 00 41 09
     29  91c0		       00 00 01 01*	      HEX	00 00 01 01 00 00 01 09 00 00 01 01 00 00 41 09
     30  91d0		       00 00 01 01*	      HEX	00 00 01 01 00 00 01 09 00 00 01 01 00 00 41 09
     31  91e0		       00 00 01 01*	      HEX	00 00 01 01 00 00 01 09 00 00 01 01 00 00 41 09
     32  91f0		       00 00 01 01*	      HEX	00 00 01 01 00 00 01 09 00 00 01 01 00 00 41 09
     33  9200		       00 00 01 01*	      HEX	00 00 01 01 00 80 21 01 00 80 01 81 00 00 01 01
     34  9210		       00 00 01 01*	      HEX	00 00 01 01 00 80 21 01 00 80 01 81 00 00 01 01
     35  9220		       00 00 01 01*	      HEX	00 00 01 01 00 80 21 01 00 80 01 81 00 00 01 01
     36  9230		       00 00 01 01*	      HEX	00 00 01 01 00 80 21 01 00 80 01 81 00 00 01 01
     37  9240		       00 00 01 01*	      HEX	00 00 01 01 00 80 21 01 00 80 01 81 00 00 01 01
     38  9250		       00 00 01 01*	      HEX	00 00 01 01 00 80 21 01 00 80 01 81 00 00 01 01
     39  9260		       00 00 01 01*	      HEX	00 00 01 01 00 80 21 01 00 80 01 81 00 00 01 01
     40  9270		       00 00 01 01*	      HEX	00 00 01 01 00 80 21 01 00 80 01 81 00 00 01 01
     41  9280		       00 00 01 01*	      HEX	00 00 01 01 00 80 01 09 00 00 01 11 00 80 01 01
     42  9290		       00 00 01 01*	      HEX	00 00 01 01 00 80 01 09 00 00 01 11 00 80 01 81
     43  92a0		       00 00 01 01*	      HEX	00 00 01 01 00 80 01 09 00 00 01 11 00 80 01 81
     44  92b0		       00 00 01 01*	      HEX	00 00 01 01 00 80 01 09 00 00 01 11 00 80 01 81
     45  92c0		       00 00 01 01*	      HEX	00 00 01 01 00 80 01 09 00 00 01 11 00 80 01 01
     46  92d0		       00 00 01 01*	      HEX	00 00 01 01 00 80 01 09 00 00 01 11 00 80 01 81
     47  92e0		       00 00 01 01*	      HEX	00 00 01 01 00 80 01 09 00 00 01 11 00 80 01 81
     48  92f0		       00 00 01 01*	      HEX	00 00 01 01 00 80 01 09 00 00 01 11 00 80 01 81
     49  9300		       00 00 01 01*	      HEX	00 00 01 01 00 00 01 01 00 00 01 01 00 00 01 01
     50  9310		       00 00 01 01*	      HEX	00 00 01 01 00 00 01 01 00 00 01 01 00 00 01 81
     51  9320		       00 00 01 01*	      HEX	00 00 01 01 00 00 01 01 00 00 01 01 00 00 01 81
     52  9330		       00 00 01 01*	      HEX	00 00 01 01 00 00 01 01 00 00 01 01 00 00 01 81
     53  9340		       00 00 01 01*	      HEX	00 00 01 01 00 00 01 01 00 00 01 01 00 00 01 01
     54  9350		       00 00 01 01*	      HEX	00 00 01 01 00 00 01 01 00 00 01 01 00 00 01 81
     55  9360		       00 00 01 01*	      HEX	00 00 01 01 00 00 01 01 00 00 01 01 00 00 01 81
     56  9370		       00 00 01 01*	      HEX	00 00 01 01 00 00 01 01 00 00 01 01 00 00 01 81
     57  9380		       00 00 01 01*	      HEX	00 00 01 01 00 00 01 01 00 00 01 01 00 00 41 09
     58  9390		       00 00 01 01*	      HEX	00 00 01 01 00 00 01 09 00 00 01 01 00 00 41 09
     59  93a0		       00 00 01 01*	      HEX	00 00 01 01 00 00 01 09 00 00 01 01 00 00 41 09
     60  93b0		       00 00 01 01*	      HEX	00 00 01 01 00 00 01 01 00 00 01 01 00 00 41 09
     61  93c0		       00 00 01 01*	      HEX	00 00 01 01 00 00 01 01 00 00 01 01 00 00 41 09
     62  93d0		       00 00 01 01*	      HEX	00 00 01 01 00 00 01 09 00 00 01 01 00 00 41 09
     63  93e0		       00 00 01 01*	      HEX	00 00 01 01 00 00 01 09 00 00 01 01 00 00 41 09
     64  93f0		       00 00 01 01*	      HEX	00 00 01 01 00 00 01 09 00 00 01 01 00 00 41 09
     65  9400		       00 00 01 01*	      HEX	00 00 01 01 00 80 21 01 00 80 01 81 00 00 01 01
     66  9410		       00 00 01 01*	      HEX	00 00 01 01 00 80 21 01 00 80 01 81 00 00 01 01
     67  9420		       00 00 01 01*	      HEX	00 00 01 01 00 80 21 01 00 80 01 81 00 00 01 01
     68  9430		       00 00 01 01*	      HEX	00 00 01 01 00 80 21 01 00 80 01 81 00 00 01 01
     69  9440		       00 00 01 01*	      HEX	00 00 01 01 00 80 21 01 00 80 01 81 00 00 01 01
     70  9450		       00 00 01 01*	      HEX	00 00 01 01 00 80 21 01 00 80 01 81 00 00 01 01
     71  9460		       00 00 01 01*	      HEX	00 00 01 01 00 80 21 01 00 80 01 81 00 00 01 01
     72  9470		       00 00 01 01*	      HEX	00 00 01 01 00 80 21 01 00 80 01 81 01 00 01 01
     73  9480		       00 00 01 01*	      HEX	00 00 01 01 00 80 01 09 00 00 01 11 00 80 01 81
     74  9490		       00 00 01 01*	      HEX	00 00 01 01 00 80 01 09 00 00 01 11 00 80 01 81
     75  94a0		       00 00 01 01*	      HEX	00 00 01 01 00 80 01 09 00 00 01 11 00 80 01 81
     76  94b0		       00 00 01 01*	      HEX	00 00 01 01 00 80 01 09 00 00 01 11 00 80 01 81
     77  94c0		       00 00 01 01*	      HEX	00 00 01 01 00 80 01 09 00 00 01 11 00 80 01 81
     78  94d0		       00 00 01 01*	      HEX	00 00 01 01 00 80 01 09 00 00 01 11 00 80 01 81
     79  94e0		       00 00 01 01*	      HEX	00 00 01 01 00 80 01 09 00 00 01 11 00 80 01 81
     80  94f0		       00 00 01 01*	      HEX	00 00 01 01 00 80 01 09 00 00 01 11 00 80 01 81
     81  9500		       00 00 01 01*	      HEX	00 00 01 01 00 00 01 01 00 00 01 01 00 00 01 81
     82  9510		       00 00 01 01*	      HEX	00 00 01 01 00 00 01 01 00 00 01 01 00 00 01 81
     83  9520		       00 00 01 01*	      HEX	00 00 01 01 00 00 01 01 00 00 01 01 00 00 01 81
     84  9530		       00 00 01 01*	      HEX	00 00 01 01 00 00 01 01 00 00 01 01 00 00 01 81
     85  9540		       00 00 01 01*	      HEX	00 00 01 01 00 00 01 01 00 00 01 01 00 00 01 81
     86  9550		       00 00 01 01*	      HEX	00 00 01 01 00 00 01 01 00 00 01 01 00 00 01 81
     87  9560		       00 00 01 01*	      HEX	00 00 01 01 00 00 01 01 00 00 01 01 00 00 01 81
     88  9570		       00 00 01 01*	      HEX	00 00 01 01 00 00 01 01 00 00 01 01 00 00 01 81
     89  9580		       00 00 01 01*	      HEX	00 00 01 01 00 00 01 09 00 00 01 01 00 00 41 09
     90  9590		       00 00 01 01*	      HEX	00 00 01 01 00 00 01 09 00 00 01 01 00 00 41 09
     91  95a0		       00 00 01 01*	      HEX	00 00 01 01 00 00 01 09 00 00 01 01 00 00 41 09
     92  95b0		       00 00 01 01*	      HEX	00 00 01 01 00 00 01 09 00 00 01 01 00 00 41 09
     93  95c0		       00 00 01 01*	      HEX	00 00 01 01 00 00 01 09 00 00 01 01 00 00 41 09
     94  95d0		       00 00 01 01*	      HEX	00 00 01 01 00 00 01 09 00 00 01 01 00 00 41 09
     95  95e0		       00 00 01 01*	      HEX	00 00 01 01 00 00 01 09 00 00 01 01 00 00 41 09
     96  95f0		       00 00 01 01*	      HEX	00 00 01 01 00 00 01 09 00 00 01 01 00 00 41 09
     97  9600		       00 00 01 01*	      HEX	00 00 01 01 00 80 21 01 00 80 01 81 00 00 01 01
     98  9610		       00 00 01 01*	      HEX	00 00 01 01 00 80 21 01 00 80 01 81 00 00 01 01
     99  9620		       00 00 01 01*	      HEX	00 00 01 01 00 80 21 01 00 80 01 81 00 00 01 01
    100  9630		       00 00 01 01*	      HEX	00 00 01 01 00 80 21 01 00 80 01 81 00 00 01 01
    101  9640		       00 00 01 01*	      HEX	00 00 01 01 00 80 21 01 00 80 01 81 00 00 01 01
    102  9650		       00 00 01 01*	      HEX	00 00 01 01 00 80 21 01 00 80 01 81 01 00 01 01
    103  9660		       00 00 01 01*	      HEX	00 00 01 01 00 80 21 01 00 80 01 81 01 00 01 01
    104  9670		       00 00 01 01*	      HEX	00 00 01 01 00 80 21 01 00 80 01 81 00 00 01 01
    105  9680		       00 00 01 01*	      HEX	00 00 01 01 00 80 01 09 00 00 01 11 00 80 01 81
    106  9690		       00 00 01 01*	      HEX	00 00 01 01 00 80 01 09 00 00 01 11 00 80 01 81
    107  96a0		       00 00 01 01*	      HEX	00 00 01 01 00 80 01 09 00 00 01 11 00 80 01 81
    108  96b0		       00 00 01 01*	      HEX	00 00 01 01 00 80 01 09 00 00 01 11 00 80 01 01
    109  96c0		       00 00 01 01*	      HEX	00 00 01 01 00 80 01 09 00 00 01 11 00 80 01 81
    110  96d0		       00 00 01 01*	      HEX	00 00 01 01 00 80 01 09 00 00 01 11 00 80 01 81
    111  96e0		       00 00 01 01*	      HEX	00 00 01 01 00 80 01 09 00 00 01 11 00 80 01 81
    112  96f0		       00 00 01 01*	      HEX	00 00 01 01 00 80 01 09 00 00 01 11 00 80 01 01
    113  9700		       00 00 01 01*	      HEX	00 00 01 01 00 00 01 01 00 00 01 01 00 00 01 81
    114  9710		       00 00 01 01*	      HEX	00 00 01 01 00 00 01 01 00 00 01 01 00 00 01 81
    115  9720		       00 00 01 01*	      HEX	00 00 01 01 00 00 01 01 00 00 01 01 00 00 01 81
    116  9730		       00 00 01 01*	      HEX	00 00 01 01 00 00 01 01 00 00 01 01 00 00 01 01
    117  9740		       00 00 01 01*	      HEX	00 00 01 01 00 00 01 01 00 00 01 01 00 00 01 81
    118  9750		       00 00 01 01*	      HEX	00 00 01 01 00 00 01 01 00 00 01 01 00 00 01 81
    119  9760		       00 00 01 01*	      HEX	00 00 01 01 00 00 01 01 00 00 01 01 00 00 01 81
    120  9770		       00 00 01 01*	      HEX	00 00 01 01 00 00 01 01 00 00 01 01 00 00 01 01
    121  9780		       00 00 01 01*	      HEX	00 00 01 01 00 00 01 09 00 00 01 01 00 00 41 09
    122  9790		       00 00 01 01*	      HEX	00 00 01 01 00 00 01 09 00 00 01 01 00 00 41 09
    123  97a0		       00 00 01 01*	      HEX	00 00 01 01 00 00 01 09 00 00 01 01 00 00 41 09
    124  97b0		       00 00 01 01*	      HEX	00 00 01 01 00 00 01 09 00 00 01 01 00 00 41 09
    125  97c0		       00 00 01 01*	      HEX	00 00 01 01 00 00 01 09 00 00 01 01 00 00 41 09
    126  97d0		       00 00 01 01*	      HEX	00 00 01 01 00 00 01 09 00 00 01 01 00 00 41 09
    127  97e0		       00 00 01 01*	      HEX	00 00 01 01 00 00 01 09 00 00 01 01 00 00 41 09
    128  97f0		       00 00 01 01*	      HEX	00 00 01 01 00 00 01 09 00 00 01 01 00 00 41 09
    129  9800		       00 00 00 00*	      HEX	00 00 00 00 00 00 00 00 00 00 00 00 00 00 00 00
    130  9810		       00 00 00 00*	      HEX	00 00 00 00 00 00 00 00 00 00 00 00 00 00 00 00
    131  9820		       00 00 00 00*	      HEX	00 00 00 00 00 00 00 00 00 00 00 00 00 00 00 00
    132  9830		       00 00 00 00*	      HEX	00 00 00 00 00 00 00 00 00 00 00 00 00 00 00 00
    133  9840		       00 00 00 00*	      HEX	00 00 00 00 00 00 00 00 00 00 00 00 00 00 00 00
    134  9850		       00 00 00 00*	      HEX	00 00 00 00 00 00 00 00 00 00 00 00 00 00 00 00
    135  9860		       00 00 00 00*	      HEX	00 00 00 00 00 00 00 00 00 00 00 00 00 00 00 00
    136  9870		       00 00 00 00*	      HEX	00 00 00 00 00 00 00 00 00 00 00 00 00 00 00 00
    137  9880		       00 00 00 00*	      HEX	00 00 00 00 00 00 00 00 00 00 00 00 00 00 00 00
    138  9890		       00 00 00 00*	      HEX	00 00 00 00 00 00 00 00 00 00 00 00 00 00 00 00
    139  98a0		       00 00 00 00*	      HEX	00 00 00 00 00 00 00 00 00 00 00 00 00 00 00 00
    140  98b0		       00 00 00 00*	      HEX	00 00 00 00 00 00 00 00 00 00 00 00 00 00 00 00
    141  98c0		       00 00 00 00*	      HEX	00 00 00 00 00 00 00 00 00 00 00 00 00 00 00 00
    142  98d0		       00 00 00 00*	      HEX	00 00 00 00 00 00 00 00 00 00 00 00 00 00 00 00
    143  98e0		       00 00 00 00*	      HEX	00 00 00 00 00 00 00 00 00 00 00 00 00 00 00 00
    144  98f0		       00 00 00 00*	      HEX	00 00 00 00 00 00 00 00 00 00 00 00 00 00 00 00
    145  9900		       00 00 00 00*	      HEX	00 00 00 00 00 00 00 00 00 00 00 00 00 00 00 00
    146  9910		       00 00 00 00*	      HEX	00 00 00 00 00 00 00 00 00 00 00 00 00 00 00 00
    147  9920		       00 00 00 00*	      HEX	00 00 00 00 00 00 00 00 00 00 00 00 00 00 00 00
    148  9930		       00 00 00 00*	      HEX	00 00 00 00 00 00 00 00 00 00 00 00 00 00 00 00
    149  9940		       00 00 00 00*	      HEX	00 00 00 00 00 00 00 00 00 00 00 00 00 00 00 00
    150  9950		       00 00 00 00*	      HEX	00 00 00 00 00 00 00 00 00 00 00 00 00 00 00 00
    151  9960		       00 00 00 00*	      HEX	00 00 00 00 00 00 00 00 00 00 00 00 00 00 00 00
    152  9970		       00 00 00 00*	      HEX	00 00 00 00 00 00 00 00 00 00 00 00 00 00 00 00
    153  9980		       00 00 00 00*	      HEX	00 00 00 00 00 00 00 00 00 00 00 00 00 00 00 00
    154  9990		       00 00 00 00*	      HEX	00 00 00 00 00 00 00 00 00 00 00 00 00 00 00 00
    155  99a0		       00 00 00 00*	      HEX	00 00 00 00 00 00 00 00 00 00 00 00 00 00 00 00
    156  99b0		       00 00 00 00*	      HEX	00 00 00 00 00 00 00 00 00 00 00 00 00 00 00 00
    157  99c0		       00 00 00 00*	      HEX	00 00 00 00 00 00 00 00 00 00 00 00 00 00 00 00
    158  99d0		       00 00 00 00*	      HEX	00 00 00 00 00 00 00 00 00 00 00 00 00 00 00 00
    159  99e0		       00 00 00 00*	      HEX	00 00 00 00 00 00 00 00 00 00 00 00 00 00 00 00
    160  99f0		       00 00 00 00*	      HEX	00 00 00 00 00 00 00 00 00 00 00 00 00 00 00 00
    161  9a00		       00 00 00 00*	      HEX	00 00 00 00 00 00 00 00 00 00 00 00 00 00 00 00
    162  9a10		       00 00 00 00*	      HEX	00 00 00 00 00 00 00 00 00 00 00 00 00 00 00 00
    163  9a20		       00 00 00 00*	      HEX	00 00 00 00 00 00 00 00 00 00 00 00 00 00 00 00
    164  9a30		       00 00 00 00*	      HEX	00 00 00 00 00 00 00 00 00 00 00 00 00 00 00 00
    165  9a40		       00 00 00 00*	      HEX	00 00 00 00 00 00 00 00 00 00 00 00 00 00 00 00
    166  9a50		       00 00 00 00*	      HEX	00 00 00 00 00 00 00 00 00 00 00 00 00 00 00 00
    167  9a60		       00 00 00 00*	      HEX	00 00 00 00 00 00 00 00 00 00 00 00 00 00 00 00
    168  9a70		       00 00 00 00*	      HEX	00 00 00 00 00 00 00 00 00 00 00 00 00 00 00 00
    169  9a80		       00 00 00 00*	      HEX	00 00 00 00 00 00 00 00 00 00 00 00 00 00 00 00
    170  9a90		       00 00 00 00*	      HEX	00 00 00 00 00 00 00 00 00 00 00 00 00 00 00 00
    171  9aa0		       00 00 00 00*	      HEX	00 00 00 00 00 00 00 00 00 00 00 00 00 00 00 00
    172  9ab0		       00 00 00 00*	      HEX	00 00 00 00 00 00 00 00 00 00 00 00 00 00 00 00
    173  9ac0		       00 00 00 00*	      HEX	00 00 00 00 00 00 00 00 00 00 00 00 00 00 00 00
    174  9ad0		       00 00 00 00*	      HEX	00 00 00 00 00 00 00 00 00 00 00 00 00 00 00 00
    175  9ae0		       00 00 00 00*	      HEX	00 00 00 00 00 00 00 00 00 00 00 00 00 00 00 00
    176  9af0		       00 00 00 00*	      HEX	00 00 00 00 00 00 00 00 00 00 00 00 00 00 00 00
    177  9b00		       16 4c 66 02*	      HEX	16 4C 66 02 55 01 66 02 36 18 55 01 44 01 66 14
    178  9b10		       36 0d 30 17*	      HEX	36 0D 30 17 60 08 66 03 16 16 66 04 36 23 32 01
    179  9b20		       62 01 55 01*	      HEX	62 01 55 01 66 20 16 07 66 02 36 25 30 14 60 0E
    180  9b30		       10 11 16 25*	      HEX	10 11 16 25 10 08 16 23 10 06 60 02 30 0F 36 17
    181  9b40		       66 02 16 07*	      HEX	66 02 16 07 55 01 66 1E 16 38 44 01 16 05 44 01
    182  9b50		       16 07 44 01*	      HEX	16 07 44 01 36 07 55 01 36 04 55 01 16 03 55 01
    183  9b60		       16 03 36 0b*	      HEX	16 03 36 0B 55 01 16 03 36 0E 44 01 66 01 60 0C
    184  9b70		       30 29 60 02*	      HEX	30 29 60 02 44 01 16 2B 10 04 60 05 30 01 36 67
    185  9b80		       32 01 44 01*	      HEX	32 01 44 01 66 2B 36 0C 30 15 36 12 55 01 16 03
    186  9b90		       55 01 36 05*	      HEX	55 01 36 05 55 01 16 03 36 08 66 02 16 4A 10 04
    187  9ba0		       60 07 30 09*	      HEX	60 07 30 09 36 15 66 0A 16 0D 44 01 66 02 16 04
    188  9bb0		       44 01 16 02*	      HEX	44 01 16 02 44 06 16 04 44 01 16 02 62 15 36 31
    189  9bc0		       66 01 62 04*	      HEX	66 01 62 04 12 06 44 01 66 37 36 01 30 1D 60 33
    190  9bd0		       36 32 66 03*	      HEX	36 32 66 03 16 01 10 1B 60 05 36 28 44 01 66 1F
    191  9be0		       36 14 44 01*	      HEX	36 14 44 01 55 01 66 2D 36 01 30 12 60 25 66 01
    192  9bf0		       55 01 16 0d*	      HEX	55 01 16 0D 66 02 36 09 30 0A 36 04 44 01 36 03
    193  9c00		       44 01 36 03*	      HEX	44 01 36 03 16 22 44 01 16 07 44 04 16 03 44 01
    194  9c10		       16 27 12 0e*	      HEX	16 27 12 0E 16 1E 55 01 66 19 36 01 30 03 60 07
    195  9c20		       10 1f 60 07*	      HEX	10 1F 60 07 30 09 36 33 66 04 10 09 16 08 12 01
    196  9c30		       62 0c 32 01*	      HEX	62 0C 32 01 36 32 44 01 16 0B 44 01 16 09 44 01
    197  9c40		       10 2c 60 04*	      HEX	10 2C 60 04 30 03 36 0A 44 01 16 05 44 01 36 03
    198  9c50		       44 01 36 03*	      HEX	44 01 36 03 44 01 66 03 36 03 55 01 36 08 55 01
    199  9c60		       66 4c 16 09*	      HEX	66 4C 16 09 10 15 44 01 10 2F 16 09 12 03 16 12
    200  9c70		       66 02 36 06*	      HEX	66 02 36 06 66 2D 55 01 16 03 10 1C 55 01 16 03
    201  9c80		       44 01 36 03*	      HEX	44 01 36 03 32 15 36 0B 30 0B 60 0C 44 01 62 0D
    202  9c90		       12 02 16 0d*	      HEX	12 02 16 0D 44 01 66 20 36 04 30 17 36 1E 44 01
    203  9ca0		       36 2f 30 08*	      HEX	36 2F 30 08 60 03 10 22 16 1B 66 26 55 07 16 03
    204  9cb0		       55 01 66 1d*	      HEX	55 01 66 1D 16 02 10 85 60 02 30 03 36 03 32 0F
    205  9cc0		       36 03 30 0c*	      HEX	36 03 30 0C 36 20 66 01 16 0A 60 06 66 02 36 08
    206  9cd0		       30 05 60 02*	      HEX	30 05 60 02 66 02 16 08 10 01 60 06 66 01 36 08
    207  9ce0		       30 04 60 03*	      HEX	30 04 60 03 66 01 16 08 10 02 60 03 30 01 36 08
    208  9cf0		       30 03 60 03*	      HEX	30 03 60 03 16 09 10 02 60 03 30 03 36 07 30 03
    209  9d00		       60 02 10 02*	      HEX	60 02 10 02 16 08 10 01 60 02 30 02 36 0A 30 02
    210  9d10		       60 02 10 03*	      HEX	60 02 10 03 16 04 10 03 60 05 30 02 36 07 66 16
    211  9d20		       36 02 66 33*	      HEX	36 02 66 33 55 01 36 05 55 01 36 04 55 01 36 03
    212  9d30		       55 01 36 03*	      HEX	55 01 36 03 55 01 66 A9 62 0C 66 07 60 0F 55 01
    213  9d40		       66 18 16 2a*	      HEX	66 18 16 2A 55 01 16 03 66 01 60 07 66 03 36 03
    214  9d50		       30 1b 36 08*	      HEX	30 1B 36 08 44 01 66 18 36 0F 66 08 44 01 66 38
    215  9d60		       30 0e 66 11*	      HEX	30 0E 66 11 60 04 66 49 37 03 00 00 00 00 00 30
    216  9d70		       03 00 00 00*	      HEX	03 00 00 00 00 00 33 07 00 00 00 00 00 30 03 00
    217  9d80		       00 00 00 00*	      HEX	00 00 00 00 37 03 00 00 00 00 00 30 03 00 00 00
    218  9d90		       00 00 33 07*	      HEX	00 00 33 07 00 00 00 00 00 30 03 00 00 00 00 00
    219  9da0		       37 03 00 00*	      HEX	37 03 00 00 00 00 00 30 03 00 00 00 00 00 33 07
    220  9db0		       00 00 00 00*	      HEX	00 00 00 00 00 30 03 00 00 00 00 00 37 03 00 00
    221  9dc0		       00 00 00 30*	      HEX	00 00 00 30 03 00 00 00 09 00 33 07 00 00 00 00
    222  9dd0		       00 30 03 00*	      HEX	00 30 03 00 30 11 11 11 11 11 11 11 11 03 00 30
    223  9de0		       00 00 00 00*	      HEX	00 00 00 00 00 00 00 00 00 00 00 00 00 00 00 00
    224  9df0		       00 00 00 00*	      HEX	00 00 00 00 00 00 00 00 00 00 00 00 00 00 00 00
    225  9e00		       d1 d5 a0 a4*	      HEX	D1 D5 A0 A4 B1 C3 B3 B5 8D F9 F4 E1 E2 EC E5 A0
    226  9e10		       c5 d1 d5 a0*	      HEX	C5 D1 D5 A0 A4 B1 C3 B5 B1 8D E2 F9 F4 E1 E2 EC
    227  9e20		       e5 a0 c5 d1*	      HEX	E5 A0 C5 D1 D5 A0 A4 B1 C3 B6 B2 8D E2 E9 F4 E1
    228  9e30		       e2 ec e5 a0*	      HEX	E2 EC E5 A0 C5 D1 D5 A0 A4 B1 C3 B7 C5 8D F8 E2
    229  9e40		       f9 f4 e1 e2*	      HEX	F9 F4 E1 E2 EC E5 A0 C5 D1 D5 A0 A4 B1 C3 B9 C1
    230  9e50		       8d f8 e2 e9*	      HEX	8D F8 E2 E9 F4 E1 E2 EC E5 A0 C5 D1 D5 A0 A4 B1
    231  9e60		       c4 b2 b6 8d*	      HEX	C4 B2 B6 8D E2 EF EF F4 A0 C5 D1 D5 A0 A4 B1 C4
    232  9e70		       c2 b2 8d f3*	      HEX	C2 B2 8D F3 E3 EF F2 E5 E2 F5 E6 A0 C5 D1 D5 A0
    233  9e80		       a4 b1 c6 b0*	      HEX	A4 B1 C6 B0 B0 8D E3 E8 E1 F2 E4 E1 F4 E1 A0 C5
    234  9e90		       d1 d5 a0 a4*	      HEX	D1 D5 A0 A4 C1 C4 B0 B0 8D 8D F2 F7 F4 F3 F0 E1
    235  9ea0		       f2 ed a0 c5*	      HEX	F2 ED A0 C5 D1 D5 A0 A4 C2 B7 C5 B8 8D F2 F7 F4
    236  9eb0		       f3 f6 ef ec*	      HEX	F3 F6 EF EC ED A0 C5 D1 D5 A0 A4 C2 B7 C5 C2 8D
    237  9ec0		       f2 f7 f4 f3*	      HEX	F2 F7 F4 F3 F4 F2 E3 EB A0 C5 D1 D5 A0 A4 C2 B7
    238  9ed0		       c5 c3 8d f2*	      HEX	C5 C3 8D F2 F7 F4 F3 F3 E5 E3 F4 A0 C5 D1 D5 A0
    239  9ee0		       a4 c2 b7 c5*	      HEX	A4 C2 B7 C5 C4 8D F2 F7 F4 F3 E2 F5 E6 E6 A0 C5
    240  9ef0		       d1 d5 a0 a4*	      HEX	D1 D5 A0 A4 C2 B7 C6 B0 8D F2 F7 F4 F3 E3 ED EE
------- FILE main.asm
   8217  9f00
   8218  9f00					      ORG	$9F00
   8219  9f00				   LEVEL1_DATA
   8220  9f00		       06 00 00 07*	      HEX	06 00 00 07 00 00 07 00 00 06 00 00 03 06
   8221  9f0e		       13 11 11 11*	      HEX	13 11 11 11 11 11 11 11 11 03 00 00 03 06
   8222  9f1c		       03 00 00 00*	      HEX	03 00 00 00 00 00 00 07 00 43 44 44 03 76
   8223  9f2a		       11 11 11 11*	      HEX	11 11 11 11 31 11 11 11 11 01 00 00 13 11
   8224  9f38		       11 11 11 11*	      HEX	11 11 11 11 33 00 00 00 00 00 00 00 03 00
   8225  9f46		       11 11 11 31*	      HEX	11 11 11 31 43 44 44 44 03 00 00 00 03 00
   8226  9f54		       71 70 11 33*	      HEX	71 70 11 33 00 00 00 08 03 70 00 08 03 70
   8227  9f62		       11 11 31 03*	      HEX	11 11 31 03 00 00 13 11 21 22 11 11 13 11
   8228  9f70		       00 00 30 00*	      HEX	00 00 30 00 00 00 03 00 00 00 00 00 03 00
   8229  9f7e		       00 00 30 00*	      HEX	00 00 30 00 00 00 03 00 00 00 00 00 03 00
   8230  9f8c		       00 00 38 00*	      HEX	00 00 38 00 70 00 43 44 44 44 44 44 03 70
   8231  9f9a		       13 11 11 11*	      HEX	13 11 11 11 11 11 03 70 00 00 70 00 13 11
   8232  9fa8		       03 00 00 00*	      HEX	03 00 00 00 00 00 03 11 11 11 11 01 03 00
   8233  9fb6		       03 00 00 00*	      HEX	03 00 00 00 00 00 03 00 00 00 00 00 03 00
   8234  9fc4		       03 00 00 70*	      HEX	03 00 00 70 00 00 03 00 90 70 00 00 03 00
   8235  9fd2		       11 11 11 11*	      HEX	11 11 11 11 11 11 11 11 11 11 11 11 11 11
   8236  9fe0		       00 00 00 00*	      HEX	00 00 00 00 00 00 00 00 00 00 00 00 00 00 00 00
   8237  9ff0		       00 00 00 00*	      HEX	00 00 00 00 00 00 00 00 00 00 00 00 00 00 00 00
   8238  a000				   LEVEL2_DATA
   8239  a000		       11 11 61 11*	      HEX	11 11 61 11 11 11 11 11 11 11 11 01 11 11
   8240  a00e		       06 00 61 01*	      HEX	06 00 61 01 44 44 44 04 00 00 00 00 00 10
   8241  a01c		       16 61 60 01*	      HEX	16 61 60 01 71 00 10 13 00 00 00 00 80 10
   8242  a02a		       06 11 11 01*	      HEX	06 11 11 01 11 11 11 13 11 11 07 31 11 11
   8243  a038		       61 00 00 47*	      HEX	61 00 00 47 44 11 11 13 11 11 11 31 01 11
   8244  a046		       11 11 11 01*	      HEX	11 11 11 01 00 01 10 13 11 10 11 31 01 11
   8245  a054		       00 00 00 80*	      HEX	00 00 00 80 00 00 10 13 11 10 01 31 71 10
   8246  a062		       13 11 11 11*	      HEX	13 11 11 11 13 73 10 13 11 10 01 31 11 11
   8247  a070		       03 00 00 00*	      HEX	03 00 00 00 13 11 11 13 11 07 01 31 11 10
   8248  a07e		       03 00 00 00*	      HEX	03 00 00 00 00 11 11 13 11 11 01 31 11 17
   8249  a08c		       03 00 00 00*	      HEX	03 00 00 00 01 00 00 03 00 00 00 30 00 10
   8250  a09a		       13 11 13 11*	      HEX	13 11 13 11 31 21 21 21 21 21 21 31 21 21
   8251  a0a8		       13 11 13 11*	      HEX	13 11 13 11 31 11 11 11 00 11 11 31 21 21
   8252  a0b6		       03 00 03 00*	      HEX	03 00 03 00 30 11 11 11 01 10 11 31 00 00
   8253  a0c4		       13 11 11 11*	      HEX	13 11 11 11 31 11 11 11 11 07 11 11 11 31
   8254  a0d2		       93 00 00 00*	      HEX	93 00 00 00 30 70 10 11 11 01 80 00 00 30
   8255  a0e0		       00 00 00 00*	      HEX	00 00 00 00 00 00 00 00 00 00 00 00 00 00 00 00
   8256  a0f0		       00 00 00 00*	      HEX	00 00 00 00 00 00 00 00 00 00 00 00 00 00 00 00
   8257  a100				   LEVEL3_DATA
   8258  a100		       00 00 00 30*	      HEX	00 00 00 30 00 00 00 00 00 00 00 00 00 00
   8259  a10e		       80 07 00 30*	      HEX	80 07 00 30 00 00 00 00 00 00 00 00 70 08
   8260  a11c		       13 81 07 30*	      HEX	13 81 07 30 00 00 00 00 00 00 00 70 18 31
   8261  a12a		       03 10 01 30*	      HEX	03 10 01 30 11 11 36 11 11 31 00 10 01 30
   8262  a138		       03 00 00 00*	      HEX	03 00 00 00 00 00 33 07 00 30 00 00 00 30
   8263  a146		       03 00 00 00*	      HEX	03 00 00 00 00 00 37 03 00 30 00 00 00 30
   8264  a154		       03 00 00 00*	      HEX	03 00 00 00 00 00 33 07 00 00 00 00 00 30
   8265  a162		       03 00 00 00*	      HEX	03 00 00 00 00 00 37 03 00 00 00 00 00 30
   8266  a170		       03 00 00 00*	      HEX	03 00 00 00 00 00 33 07 00 00 00 00 00 30
   8267  a17e		       03 00 00 00*	      HEX	03 00 00 00 00 00 37 03 00 00 00 00 00 30
   8268  a18c		       03 00 00 00*	      HEX	03 00 00 00 00 00 33 07 00 00 00 00 00 30
   8269  a19a		       03 00 00 00*	      HEX	03 00 00 00 00 00 37 03 00 00 00 00 00 30
   8270  a1a8		       03 00 00 00*	      HEX	03 00 00 00 00 00 33 07 00 00 00 00 00 30
   8271  a1b6		       03 00 00 00*	      HEX	03 00 00 00 00 00 37 03 00 00 00 00 00 30
   8272  a1c4		       03 00 00 00*	      HEX	03 00 00 00 09 00 33 07 00 00 00 00 00 30
   8273  a1d2		       03 00 30 11*	      HEX	03 00 30 11 11 11 11 11 11 11 11 03 00 30
   8274  a1e0		       00 00 00 00*	      HEX	00 00 00 00 00 00 00 00 00 00 00 00 00 00 00 00
   8275  a1f0		       00 00 00 00*	      HEX	00 00 00 00 00 00 00 00 00 00 00 00 00 00 00 00
   8276  a200					      ORG	$A200
   8277  a200				   PIXEL_SHIFT_TABLE
------- FILE pixel_shift_table.asm LEVEL 2 PASS 3
      0  a200					      INCLUDE	"pixel_shift_table.asm"
      1  a200		       00 02 04 12*	      HEX	00 02 04 12 06 22 14 32 08 42 24 52 16 62 34 72
      2  a210		       0a 82 44 92*	      HEX	0A 82 44 92 26 A2 54 B2 18 C2 64 D2 36 E2 74 F2
      3  a220		       0c 02 84 12*	      HEX	0C 02 84 12 46 22 94 32 28 42 A4 52 56 62 B4 72
      4  a230		       1a 82 c4 92*	      HEX	1A 82 C4 92 66 A2 D4 B2 38 C2 E4 D2 76 E2 F4 F2
      5  a240		       0e 02 04 12*	      HEX	0E 02 04 12 86 22 14 32 48 42 24 52 96 62 34 72
      6  a250		       2a 82 44 92*	      HEX	2A 82 44 92 A6 A2 54 B2 58 C2 64 D2 B6 E2 74 F2
      7  a260		       1c 02 84 12*	      HEX	1C 02 84 12 C6 22 94 32 68 42 A4 52 D6 62 B4 72
      8  a270		       3a 82 c4 92*	      HEX	3A 82 C4 92 E6 A2 D4 B2 78 C2 E4 D2 F6 E2 F4 F2
      9  a280		       a9 a9 a9 a9*	      HEX	A9 A9 A9 A9 A9 A9 A9 A9 A9 A9 A9 A9 A9 A9 A9 A9
     10  a290		       a9 a9 a9 a9*	      HEX	A9 A9 A9 A9 A9 A9 A9 A9 A9 A9 A9 A9 A9 A9 A9 A9
     11  a2a0		       a9 aa a9 aa*	      HEX	A9 AA A9 AA A9 AA A9 AA A9 AA A9 AA A9 AA A9 AA
     12  a2b0		       a9 aa a9 aa*	      HEX	A9 AA A9 AA A9 AA A9 AA A9 AA A9 AA A9 AA A9 AA
     13  a2c0		       a9 ab aa ab*	      HEX	A9 AB AA AB A9 AB AA AB A9 AB AA AB A9 AB AA AB
     14  a2d0		       a9 ab aa ab*	      HEX	A9 AB AA AB A9 AB AA AB A9 AB AA AB A9 AB AA AB
     15  a2e0		       a9 ac aa ac*	      HEX	A9 AC AA AC A9 AC AA AC A9 AC AA AC A9 AC AA AC
     16  a2f0		       a9 ac aa ac*	      HEX	A9 AC AA AC A9 AC AA AC A9 AC AA AC A9 AC AA AC
     17  a300		       00 04 06 14*	      HEX	00 04 06 14 08 24 16 34 0A 44 26 54 18 64 36 74
     18  a310		       0c 84 46 94*	      HEX	0C 84 46 94 28 A4 56 B4 1A C4 66 D4 38 E4 76 F4
     19  a320		       0e 04 86 14*	      HEX	0E 04 86 14 48 24 96 34 2A 44 A6 54 58 64 B6 74
     20  a330		       1c 84 c6 94*	      HEX	1C 84 C6 94 68 A4 D6 B4 3A C4 E6 D4 78 E4 F6 F4
     21  a340		       10 04 06 14*	      HEX	10 04 06 14 88 24 16 34 4A 44 26 54 98 64 36 74
     22  a350		       2c 84 46 94*	      HEX	2C 84 46 94 A8 A4 56 B4 5A C4 66 D4 B8 E4 76 F4
     23  a360		       1e 04 86 14*	      HEX	1E 04 86 14 C8 24 96 34 6A 44 A6 54 D8 64 B6 74
     24  a370		       3c 84 c6 94*	      HEX	3C 84 C6 94 E8 A4 D6 B4 7A C4 E6 D4 F8 E4 F6 F4
     25  a380		       a9 a9 a9 a9*	      HEX	A9 A9 A9 A9 A9 A9 A9 A9 A9 A9 A9 A9 A9 A9 A9 A9
     26  a390		       a9 a9 a9 a9*	      HEX	A9 A9 A9 A9 A9 A9 A9 A9 A9 A9 A9 A9 A9 A9 A9 A9
     27  a3a0		       a9 aa a9 aa*	      HEX	A9 AA A9 AA A9 AA A9 AA A9 AA A9 AA A9 AA A9 AA
     28  a3b0		       a9 aa a9 aa*	      HEX	A9 AA A9 AA A9 AA A9 AA A9 AA A9 AA A9 AA A9 AA
     29  a3c0		       a9 ab aa ab*	      HEX	A9 AB AA AB A9 AB AA AB A9 AB AA AB A9 AB AA AB
     30  a3d0		       a9 ab aa ab*	      HEX	A9 AB AA AB A9 AB AA AB A9 AB AA AB A9 AB AA AB
     31  a3e0		       a9 ac aa ac*	      HEX	A9 AC AA AC A9 AC AA AC A9 AC AA AC A9 AC AA AC
     32  a3f0		       a9 ac aa ac*	      HEX	A9 AC AA AC A9 AC AA AC A9 AC AA AC A9 AC AA AC
     33  a400		       00 06 08 16*	      HEX	00 06 08 16 0A 26 18 36 0C 46 28 56 1A 66 38 76
     34  a410		       0e 86 48 96*	      HEX	0E 86 48 96 2A A6 58 B6 1C C6 68 D6 3A E6 78 F6
     35  a420		       10 06 88 16*	      HEX	10 06 88 16 4A 26 98 36 2C 46 A8 56 5A 66 B8 76
     36  a430		       1e 86 c8 96*	      HEX	1E 86 C8 96 6A A6 D8 B6 3C C6 E8 D6 7A E6 F8 F6
     37  a440		       20 06 08 16*	      HEX	20 06 08 16 8A 26 18 36 4C 46 28 56 9A 66 38 76
     38  a450		       2e 86 48 96*	      HEX	2E 86 48 96 AA A6 58 B6 5C C6 68 D6 BA E6 78 F6
     39  a460		       30 06 88 16*	      HEX	30 06 88 16 CA 26 98 36 6C 46 A8 56 DA 66 B8 76
     40  a470		       3e 86 c8 96*	      HEX	3E 86 C8 96 EA A6 D8 B6 7C C6 E8 D6 FA E6 F8 F6
     41  a480		       a9 a9 a9 a9*	      HEX	A9 A9 A9 A9 A9 A9 A9 A9 A9 A9 A9 A9 A9 A9 A9 A9
     42  a490		       a9 a9 a9 a9*	      HEX	A9 A9 A9 A9 A9 A9 A9 A9 A9 A9 A9 A9 A9 A9 A9 A9
     43  a4a0		       a9 aa a9 aa*	      HEX	A9 AA A9 AA A9 AA A9 AA A9 AA A9 AA A9 AA A9 AA
     44  a4b0		       a9 aa a9 aa*	      HEX	A9 AA A9 AA A9 AA A9 AA A9 AA A9 AA A9 AA A9 AA
     45  a4c0		       a9 ab aa ab*	      HEX	A9 AB AA AB A9 AB AA AB A9 AB AA AB A9 AB AA AB
     46  a4d0		       a9 ab aa ab*	      HEX	A9 AB AA AB A9 AB AA AB A9 AB AA AB A9 AB AA AB
     47  a4e0		       a9 ac aa ac*	      HEX	A9 AC AA AC A9 AC AA AC A9 AC AA AC A9 AC AA AC
     48  a4f0		       a9 ac aa ac*	      HEX	A9 AC AA AC A9 AC AA AC A9 AC AA AC A9 AC AA AC
     49  a500		       00 08 0a 18*	      HEX	00 08 0A 18 0C 28 1A 38 0E 48 2A 58 1C 68 3A 78
     50  a510		       10 88 4a 98*	      HEX	10 88 4A 98 2C A8 5A B8 1E C8 6A D8 3C E8 7A F8
     51  a520		       20 08 8a 18*	      HEX	20 08 8A 18 4C 28 9A 38 2E 48 AA 58 5C 68 BA 78
     52  a530		       30 88 ca 98*	      HEX	30 88 CA 98 6C A8 DA B8 3E C8 EA D8 7C E8 FA F8
     53  a540		       40 08 0a 18*	      HEX	40 08 0A 18 8C 28 1A 38 4E 48 2A 58 9C 68 3A 78
     54  a550		       50 88 4a 98*	      HEX	50 88 4A 98 AC A8 5A B8 5E C8 6A D8 BC E8 7A F8
     55  a560		       60 08 8a 18*	      HEX	60 08 8A 18 CC 28 9A 38 6E 48 AA 58 DC 68 BA 78
     56  a570		       70 88 ca 98*	      HEX	70 88 CA 98 EC A8 DA B8 7E C8 EA D8 FC E8 FA F8
     57  a580		       a9 a9 a9 a9*	      HEX	A9 A9 A9 A9 A9 A9 A9 A9 A9 A9 A9 A9 A9 A9 A9 A9
     58  a590		       a9 a9 a9 a9*	      HEX	A9 A9 A9 A9 A9 A9 A9 A9 A9 A9 A9 A9 A9 A9 A9 A9
     59  a5a0		       a9 aa a9 aa*	      HEX	A9 AA A9 AA A9 AA A9 AA A9 AA A9 AA A9 AA A9 AA
     60  a5b0		       a9 aa a9 aa*	      HEX	A9 AA A9 AA A9 AA A9 AA A9 AA A9 AA A9 AA A9 AA
     61  a5c0		       a9 ab aa ab*	      HEX	A9 AB AA AB A9 AB AA AB A9 AB AA AB A9 AB AA AB
     62  a5d0		       a9 ab aa ab*	      HEX	A9 AB AA AB A9 AB AA AB A9 AB AA AB A9 AB AA AB
     63  a5e0		       a9 ac aa ac*	      HEX	A9 AC AA AC A9 AC AA AC A9 AC AA AC A9 AC AA AC
     64  a5f0		       a9 ac aa ac*	      HEX	A9 AC AA AC A9 AC AA AC A9 AC AA AC A9 AC AA AC
     65  a600		       00 0a 0c 1a*	      HEX	00 0A 0C 1A 0E 2A 1C 3A 10 4A 2C 5A 1E 6A 3C 7A
     66  a610		       20 8a 4c 9a*	      HEX	20 8A 4C 9A 2E AA 5C BA 30 CA 6C DA 3E EA 7C FA
     67  a620		       40 0a 8c 1a*	      HEX	40 0A 8C 1A 4E 2A 9C 3A 50 4A AC 5A 5E 6A BC 7A
     68  a630		       60 8a cc 9a*	      HEX	60 8A CC 9A 6E AA DC BA 70 CA EC DA 7E EA FC FA
     69  a640		       80 0a 0c 1a*	      HEX	80 0A 0C 1A 8E 2A 1C 3A 90 4A 2C 5A 9E 6A 3C 7A
     70  a650		       a0 8a 4c 9a*	      HEX	A0 8A 4C 9A AE AA 5C BA B0 CA 6C DA BE EA 7C FA
     71  a660		       c0 0a 8c 1a*	      HEX	C0 0A 8C 1A CE 2A 9C 3A D0 4A AC 5A DE 6A BC 7A
     72  a670		       e0 8a cc 9a*	      HEX	E0 8A CC 9A EE AA DC BA F0 CA EC DA FE EA FC FA
     73  a680		       a9 a9 a9 a9*	      HEX	A9 A9 A9 A9 A9 A9 A9 A9 A9 A9 A9 A9 A9 A9 A9 A9
     74  a690		       a9 a9 a9 a9*	      HEX	A9 A9 A9 A9 A9 A9 A9 A9 A9 A9 A9 A9 A9 A9 A9 A9
     75  a6a0		       a9 aa a9 aa*	      HEX	A9 AA A9 AA A9 AA A9 AA A9 AA A9 AA A9 AA A9 AA
     76  a6b0		       a9 aa a9 aa*	      HEX	A9 AA A9 AA A9 AA A9 AA A9 AA A9 AA A9 AA A9 AA
     77  a6c0		       a9 ab aa ab*	      HEX	A9 AB AA AB A9 AB AA AB A9 AB AA AB A9 AB AA AB
     78  a6d0		       a9 ab aa ab*	      HEX	A9 AB AA AB A9 AB AA AB A9 AB AA AB A9 AB AA AB
     79  a6e0		       a9 ac aa ac*	      HEX	A9 AC AA AC A9 AC AA AC A9 AC AA AC A9 AC AA AC
     80  a6f0		       a9 ac aa ac*	      HEX	A9 AC AA AC A9 AC AA AC A9 AC AA AC A9 AC AA AC
     81  a700		       00 0c 0e 1c*	      HEX	00 0C 0E 1C 10 2C 1E 3C 20 4C 2E 5C 30 6C 3E 7C
     82  a710		       40 8c 4e 9c*	      HEX	40 8C 4E 9C 50 AC 5E BC 60 CC 6E DC 70 EC 7E FC
     83  a720		       80 0c 8e 1c*	      HEX	80 0C 8E 1C 90 2C 9E 3C A0 4C AE 5C B0 6C BE 7C
     84  a730		       c0 8c ce 9c*	      HEX	C0 8C CE 9C D0 AC DE BC E0 CC EE DC F0 EC FE FC
     85  a740		       00 0c 0e 1c*	      HEX	00 0C 0E 1C 10 2C 1E 3C 20 4C 2E 5C 30 6C 3E 7C
     86  a750		       40 8c 4e 9c*	      HEX	40 8C 4E 9C 50 AC 5E BC 60 CC 6E DC 70 EC 7E FC
     87  a760		       80 0c 8e 1c*	      HEX	80 0C 8E 1C 90 2C 9E 3C A0 4C AE 5C B0 6C BE 7C
     88  a770		       c0 8c ce 9c*	      HEX	C0 8C CE 9C D0 AC DE BC E0 CC EE DC F0 EC FE FC
     89  a780		       a9 a9 a9 a9*	      HEX	A9 A9 A9 A9 A9 A9 A9 A9 A9 A9 A9 A9 A9 A9 A9 A9
     90  a790		       a9 a9 a9 a9*	      HEX	A9 A9 A9 A9 A9 A9 A9 A9 A9 A9 A9 A9 A9 A9 A9 A9
     91  a7a0		       a9 aa a9 aa*	      HEX	A9 AA A9 AA A9 AA A9 AA A9 AA A9 AA A9 AA A9 AA
     92  a7b0		       a9 aa a9 aa*	      HEX	A9 AA A9 AA A9 AA A9 AA A9 AA A9 AA A9 AA A9 AA
     93  a7c0		       aa ab aa ab*	      HEX	AA AB AA AB AA AB AA AB AA AB AA AB AA AB AA AB
     94  a7d0		       aa ab aa ab*	      HEX	AA AB AA AB AA AB AA AB AA AB AA AB AA AB AA AB
     95  a7e0		       aa ac aa ac*	      HEX	AA AC AA AC AA AC AA AC AA AC AA AC AA AC AA AC
     96  a7f0		       aa ac aa ac*	      HEX	AA AC AA AC AA AC AA AC AA AC AA AC AA AC AA AC
     97  a800		       00 0e 10 1e*	      HEX	00 0E 10 1E 20 2E 30 3E 40 4E 50 5E 60 6E 70 7E
     98  a810		       80 8e 90 9e*	      HEX	80 8E 90 9E A0 AE B0 BE C0 CE D0 DE E0 EE F0 FE
     99  a820		       00 0e 10 1e*	      HEX	00 0E 10 1E 20 2E 30 3E 40 4E 50 5E 60 6E 70 7E
    100  a830		       80 8e 90 9e*	      HEX	80 8E 90 9E A0 AE B0 BE C0 CE D0 DE E0 EE F0 FE
    101  a840		       00 0e 10 1e*	      HEX	00 0E 10 1E 20 2E 30 3E 40 4E 50 5E 60 6E 70 7E
    102  a850		       80 8e 90 9e*	      HEX	80 8E 90 9E A0 AE B0 BE C0 CE D0 DE E0 EE F0 FE
    103  a860		       00 0e 10 1e*	      HEX	00 0E 10 1E 20 2E 30 3E 40 4E 50 5E 60 6E 70 7E
    104  a870		       80 8e 90 9e*	      HEX	80 8E 90 9E A0 AE B0 BE C0 CE D0 DE E0 EE F0 FE
    105  a880		       a9 a9 a9 a9*	      HEX	A9 A9 A9 A9 A9 A9 A9 A9 A9 A9 A9 A9 A9 A9 A9 A9
    106  a890		       a9 a9 a9 a9*	      HEX	A9 A9 A9 A9 A9 A9 A9 A9 A9 A9 A9 A9 A9 A9 A9 A9
    107  a8a0		       aa aa aa aa*	      HEX	AA AA AA AA AA AA AA AA AA AA AA AA AA AA AA AA
    108  a8b0		       aa aa aa aa*	      HEX	AA AA AA AA AA AA AA AA AA AA AA AA AA AA AA AA
    109  a8c0		       ab ab ab ab*	      HEX	AB AB AB AB AB AB AB AB AB AB AB AB AB AB AB AB
    110  a8d0		       ab ab ab ab*	      HEX	AB AB AB AB AB AB AB AB AB AB AB AB AB AB AB AB
    111  a8e0		       ac ac ac ac*	      HEX	AC AC AC AC AC AC AC AC AC AC AC AC AC AC AC AC
    112  a8f0		       ac ac ac ac*	      HEX	AC AC AC AC AC AC AC AC AC AC AC AC AC AC AC AC
------- FILE main.asm
   8279  a900					      ORG	$A900
   8280  a900				   PIXEL_PATTERN_TABLE
------- FILE pixel_pattern_table.asm LEVEL 2 PASS 3
      0  a900					      INCLUDE	"pixel_pattern_table.asm"
      1  a900		       80 80		      BYTE.b	%10000000, %10000000
      2  a902		       81 80		      BYTE.b	%10000001, %10000000
      3  a904		       82 80		      BYTE.b	%10000010, %10000000
      4  a906		       84 80		      BYTE.b	%10000100, %10000000
      5  a908		       88 80		      BYTE.b	%10001000, %10000000
      6  a90a		       90 80		      BYTE.b	%10010000, %10000000
      7  a90c		       a0 80		      BYTE.b	%10100000, %10000000
      8  a90e		       c0 80		      BYTE.b	%11000000, %10000000
      9  a910		       80 81		      BYTE.b	%10000000, %10000001
     10  a912		       83 80		      BYTE.b	%10000011, %10000000
     11  a914		       86 80		      BYTE.b	%10000110, %10000000
     12  a916		       8c 80		      BYTE.b	%10001100, %10000000
     13  a918		       98 80		      BYTE.b	%10011000, %10000000
     14  a91a		       b0 80		      BYTE.b	%10110000, %10000000
     15  a91c		       e0 80		      BYTE.b	%11100000, %10000000
     16  a91e		       c0 81		      BYTE.b	%11000000, %10000001
     17  a920		       80 82		      BYTE.b	%10000000, %10000010
     18  a922		       85 80		      BYTE.b	%10000101, %10000000
     19  a924		       8a 80		      BYTE.b	%10001010, %10000000
     20  a926		       94 80		      BYTE.b	%10010100, %10000000
     21  a928		       a8 80		      BYTE.b	%10101000, %10000000
     22  a92a		       d0 80		      BYTE.b	%11010000, %10000000
     23  a92c		       a0 81		      BYTE.b	%10100000, %10000001
     24  a92e		       c0 82		      BYTE.b	%11000000, %10000010
     25  a930		       80 83		      BYTE.b	%10000000, %10000011
     26  a932		       87 80		      BYTE.b	%10000111, %10000000
     27  a934		       8e 80		      BYTE.b	%10001110, %10000000
     28  a936		       9c 80		      BYTE.b	%10011100, %10000000
     29  a938		       b8 80		      BYTE.b	%10111000, %10000000
     30  a93a		       f0 80		      BYTE.b	%11110000, %10000000
     31  a93c		       e0 81		      BYTE.b	%11100000, %10000001
     32  a93e		       c0 83		      BYTE.b	%11000000, %10000011
     33  a940		       80 84		      BYTE.b	%10000000, %10000100
     34  a942		       89 80		      BYTE.b	%10001001, %10000000
     35  a944		       92 80		      BYTE.b	%10010010, %10000000
     36  a946		       a4 80		      BYTE.b	%10100100, %10000000
     37  a948		       c8 80		      BYTE.b	%11001000, %10000000
     38  a94a		       90 81		      BYTE.b	%10010000, %10000001
     39  a94c		       a0 82		      BYTE.b	%10100000, %10000010
     40  a94e		       c0 84		      BYTE.b	%11000000, %10000100
     41  a950		       80 85		      BYTE.b	%10000000, %10000101
     42  a952		       8b 80		      BYTE.b	%10001011, %10000000
     43  a954		       96 80		      BYTE.b	%10010110, %10000000
     44  a956		       ac 80		      BYTE.b	%10101100, %10000000
     45  a958		       d8 80		      BYTE.b	%11011000, %10000000
     46  a95a		       b0 81		      BYTE.b	%10110000, %10000001
     47  a95c		       e0 82		      BYTE.b	%11100000, %10000010
     48  a95e		       c0 85		      BYTE.b	%11000000, %10000101
     49  a960		       80 86		      BYTE.b	%10000000, %10000110
     50  a962		       8d 80		      BYTE.b	%10001101, %10000000
     51  a964		       9a 80		      BYTE.b	%10011010, %10000000
     52  a966		       b4 80		      BYTE.b	%10110100, %10000000
     53  a968		       e8 80		      BYTE.b	%11101000, %10000000
     54  a96a		       d0 81		      BYTE.b	%11010000, %10000001
     55  a96c		       a0 83		      BYTE.b	%10100000, %10000011
     56  a96e		       c0 86		      BYTE.b	%11000000, %10000110
     57  a970		       80 87		      BYTE.b	%10000000, %10000111
     58  a972		       8f 80		      BYTE.b	%10001111, %10000000
     59  a974		       9e 80		      BYTE.b	%10011110, %10000000
     60  a976		       bc 80		      BYTE.b	%10111100, %10000000
     61  a978		       f8 80		      BYTE.b	%11111000, %10000000
     62  a97a		       f0 81		      BYTE.b	%11110000, %10000001
     63  a97c		       e0 83		      BYTE.b	%11100000, %10000011
     64  a97e		       c0 87		      BYTE.b	%11000000, %10000111
     65  a980		       80 88		      BYTE.b	%10000000, %10001000
     66  a982		       91 80		      BYTE.b	%10010001, %10000000
     67  a984		       a2 80		      BYTE.b	%10100010, %10000000
     68  a986		       c4 80		      BYTE.b	%11000100, %10000000
     69  a988		       88 81		      BYTE.b	%10001000, %10000001
     70  a98a		       90 82		      BYTE.b	%10010000, %10000010
     71  a98c		       a0 84		      BYTE.b	%10100000, %10000100
     72  a98e		       c0 88		      BYTE.b	%11000000, %10001000
     73  a990		       80 89		      BYTE.b	%10000000, %10001001
     74  a992		       93 80		      BYTE.b	%10010011, %10000000
     75  a994		       a6 80		      BYTE.b	%10100110, %10000000
     76  a996		       cc 80		      BYTE.b	%11001100, %10000000
     77  a998		       98 81		      BYTE.b	%10011000, %10000001
     78  a99a		       b0 82		      BYTE.b	%10110000, %10000010
     79  a99c		       e0 84		      BYTE.b	%11100000, %10000100
     80  a99e		       c0 89		      BYTE.b	%11000000, %10001001
     81  a9a0		       80 8a		      BYTE.b	%10000000, %10001010
     82  a9a2		       95 80		      BYTE.b	%10010101, %10000000
     83  a9a4		       aa 80		      BYTE.b	%10101010, %10000000
     84  a9a6		       d4 80		      BYTE.b	%11010100, %10000000
     85  a9a8		       a8 81		      BYTE.b	%10101000, %10000001
     86  a9aa		       d0 82		      BYTE.b	%11010000, %10000010
     87  a9ac		       a0 85		      BYTE.b	%10100000, %10000101
     88  a9ae		       c0 8a		      BYTE.b	%11000000, %10001010
     89  a9b0		       80 8b		      BYTE.b	%10000000, %10001011
     90  a9b2		       97 80		      BYTE.b	%10010111, %10000000
     91  a9b4		       ae 80		      BYTE.b	%10101110, %10000000
     92  a9b6		       dc 80		      BYTE.b	%11011100, %10000000
     93  a9b8		       b8 81		      BYTE.b	%10111000, %10000001
     94  a9ba		       f0 82		      BYTE.b	%11110000, %10000010
     95  a9bc		       e0 85		      BYTE.b	%11100000, %10000101
     96  a9be		       c0 8b		      BYTE.b	%11000000, %10001011
     97  a9c0		       80 8c		      BYTE.b	%10000000, %10001100
     98  a9c2		       99 80		      BYTE.b	%10011001, %10000000
     99  a9c4		       b2 80		      BYTE.b	%10110010, %10000000
    100  a9c6		       e4 80		      BYTE.b	%11100100, %10000000
    101  a9c8		       c8 81		      BYTE.b	%11001000, %10000001
    102  a9ca		       90 83		      BYTE.b	%10010000, %10000011
    103  a9cc		       a0 86		      BYTE.b	%10100000, %10000110
    104  a9ce		       c0 8c		      BYTE.b	%11000000, %10001100
    105  a9d0		       80 8d		      BYTE.b	%10000000, %10001101
    106  a9d2		       9b 80		      BYTE.b	%10011011, %10000000
    107  a9d4		       b6 80		      BYTE.b	%10110110, %10000000
    108  a9d6		       ec 80		      BYTE.b	%11101100, %10000000
    109  a9d8		       d8 81		      BYTE.b	%11011000, %10000001
    110  a9da		       b0 83		      BYTE.b	%10110000, %10000011
    111  a9dc		       e0 86		      BYTE.b	%11100000, %10000110
    112  a9de		       c0 8d		      BYTE.b	%11000000, %10001101
    113  a9e0		       80 8e		      BYTE.b	%10000000, %10001110
    114  a9e2		       9d 80		      BYTE.b	%10011101, %10000000
    115  a9e4		       ba 80		      BYTE.b	%10111010, %10000000
    116  a9e6		       f4 80		      BYTE.b	%11110100, %10000000
    117  a9e8		       e8 81		      BYTE.b	%11101000, %10000001
    118  a9ea		       d0 83		      BYTE.b	%11010000, %10000011
    119  a9ec		       a0 87		      BYTE.b	%10100000, %10000111
    120  a9ee		       c0 8e		      BYTE.b	%11000000, %10001110
    121  a9f0		       80 8f		      BYTE.b	%10000000, %10001111
    122  a9f2		       9f 80		      BYTE.b	%10011111, %10000000
    123  a9f4		       be 80		      BYTE.b	%10111110, %10000000
    124  a9f6		       fc 80		      BYTE.b	%11111100, %10000000
    125  a9f8		       f8 81		      BYTE.b	%11111000, %10000001
    126  a9fa		       f0 83		      BYTE.b	%11110000, %10000011
    127  a9fc		       e0 87		      BYTE.b	%11100000, %10000111
    128  a9fe		       c0 8f		      BYTE.b	%11000000, %10001111
    129  aa00		       80 90		      BYTE.b	%10000000, %10010000
    130  aa02		       a1 80		      BYTE.b	%10100001, %10000000
    131  aa04		       c2 80		      BYTE.b	%11000010, %10000000
    132  aa06		       84 81		      BYTE.b	%10000100, %10000001
    133  aa08		       88 82		      BYTE.b	%10001000, %10000010
    134  aa0a		       90 84		      BYTE.b	%10010000, %10000100
    135  aa0c		       a0 88		      BYTE.b	%10100000, %10001000
    136  aa0e		       c0 90		      BYTE.b	%11000000, %10010000
    137  aa10		       80 91		      BYTE.b	%10000000, %10010001
    138  aa12		       a3 80		      BYTE.b	%10100011, %10000000
    139  aa14		       c6 80		      BYTE.b	%11000110, %10000000
    140  aa16		       8c 81		      BYTE.b	%10001100, %10000001
    141  aa18		       98 82		      BYTE.b	%10011000, %10000010
    142  aa1a		       b0 84		      BYTE.b	%10110000, %10000100
    143  aa1c		       e0 88		      BYTE.b	%11100000, %10001000
    144  aa1e		       c0 91		      BYTE.b	%11000000, %10010001
    145  aa20		       80 92		      BYTE.b	%10000000, %10010010
    146  aa22		       a5 80		      BYTE.b	%10100101, %10000000
    147  aa24		       ca 80		      BYTE.b	%11001010, %10000000
    148  aa26		       94 81		      BYTE.b	%10010100, %10000001
    149  aa28		       a8 82		      BYTE.b	%10101000, %10000010
    150  aa2a		       d0 84		      BYTE.b	%11010000, %10000100
    151  aa2c		       a0 89		      BYTE.b	%10100000, %10001001
    152  aa2e		       c0 92		      BYTE.b	%11000000, %10010010
    153  aa30		       80 93		      BYTE.b	%10000000, %10010011
    154  aa32		       a7 80		      BYTE.b	%10100111, %10000000
    155  aa34		       ce 80		      BYTE.b	%11001110, %10000000
    156  aa36		       9c 81		      BYTE.b	%10011100, %10000001
    157  aa38		       b8 82		      BYTE.b	%10111000, %10000010
    158  aa3a		       f0 84		      BYTE.b	%11110000, %10000100
    159  aa3c		       e0 89		      BYTE.b	%11100000, %10001001
    160  aa3e		       c0 93		      BYTE.b	%11000000, %10010011
    161  aa40		       80 94		      BYTE.b	%10000000, %10010100
    162  aa42		       a9 80		      BYTE.b	%10101001, %10000000
    163  aa44		       d2 80		      BYTE.b	%11010010, %10000000
    164  aa46		       a4 81		      BYTE.b	%10100100, %10000001
    165  aa48		       c8 82		      BYTE.b	%11001000, %10000010
    166  aa4a		       90 85		      BYTE.b	%10010000, %10000101
    167  aa4c		       a0 8a		      BYTE.b	%10100000, %10001010
    168  aa4e		       c0 94		      BYTE.b	%11000000, %10010100
    169  aa50		       80 95		      BYTE.b	%10000000, %10010101
    170  aa52		       ab 80		      BYTE.b	%10101011, %10000000
    171  aa54		       d6 80		      BYTE.b	%11010110, %10000000
    172  aa56		       ac 81		      BYTE.b	%10101100, %10000001
    173  aa58		       d8 82		      BYTE.b	%11011000, %10000010
    174  aa5a		       b0 85		      BYTE.b	%10110000, %10000101
    175  aa5c		       e0 8a		      BYTE.b	%11100000, %10001010
    176  aa5e		       c0 95		      BYTE.b	%11000000, %10010101
    177  aa60		       80 96		      BYTE.b	%10000000, %10010110
    178  aa62		       ad 80		      BYTE.b	%10101101, %10000000
    179  aa64		       da 80		      BYTE.b	%11011010, %10000000
    180  aa66		       b4 81		      BYTE.b	%10110100, %10000001
    181  aa68		       e8 82		      BYTE.b	%11101000, %10000010
    182  aa6a		       d0 85		      BYTE.b	%11010000, %10000101
    183  aa6c		       a0 8b		      BYTE.b	%10100000, %10001011
    184  aa6e		       c0 96		      BYTE.b	%11000000, %10010110
    185  aa70		       80 97		      BYTE.b	%10000000, %10010111
    186  aa72		       af 80		      BYTE.b	%10101111, %10000000
    187  aa74		       de 80		      BYTE.b	%11011110, %10000000
    188  aa76		       bc 81		      BYTE.b	%10111100, %10000001
    189  aa78		       f8 82		      BYTE.b	%11111000, %10000010
    190  aa7a		       f0 85		      BYTE.b	%11110000, %10000101
    191  aa7c		       e0 8b		      BYTE.b	%11100000, %10001011
    192  aa7e		       c0 97		      BYTE.b	%11000000, %10010111
    193  aa80		       80 98		      BYTE.b	%10000000, %10011000
    194  aa82		       b1 80		      BYTE.b	%10110001, %10000000
    195  aa84		       e2 80		      BYTE.b	%11100010, %10000000
    196  aa86		       c4 81		      BYTE.b	%11000100, %10000001
    197  aa88		       88 83		      BYTE.b	%10001000, %10000011
    198  aa8a		       90 86		      BYTE.b	%10010000, %10000110
    199  aa8c		       a0 8c		      BYTE.b	%10100000, %10001100
    200  aa8e		       c0 98		      BYTE.b	%11000000, %10011000
    201  aa90		       80 99		      BYTE.b	%10000000, %10011001
    202  aa92		       b3 80		      BYTE.b	%10110011, %10000000
    203  aa94		       e6 80		      BYTE.b	%11100110, %10000000
    204  aa96		       cc 81		      BYTE.b	%11001100, %10000001
    205  aa98		       98 83		      BYTE.b	%10011000, %10000011
    206  aa9a		       b0 86		      BYTE.b	%10110000, %10000110
    207  aa9c		       e0 8c		      BYTE.b	%11100000, %10001100
    208  aa9e		       c0 99		      BYTE.b	%11000000, %10011001
    209  aaa0		       80 9a		      BYTE.b	%10000000, %10011010
    210  aaa2		       b5 80		      BYTE.b	%10110101, %10000000
    211  aaa4		       ea 80		      BYTE.b	%11101010, %10000000
    212  aaa6		       d4 81		      BYTE.b	%11010100, %10000001
    213  aaa8		       a8 83		      BYTE.b	%10101000, %10000011
    214  aaaa		       d0 86		      BYTE.b	%11010000, %10000110
    215  aaac		       a0 8d		      BYTE.b	%10100000, %10001101
    216  aaae		       c0 9a		      BYTE.b	%11000000, %10011010
    217  aab0		       80 9b		      BYTE.b	%10000000, %10011011
    218  aab2		       b7 80		      BYTE.b	%10110111, %10000000
    219  aab4		       ee 80		      BYTE.b	%11101110, %10000000
    220  aab6		       dc 81		      BYTE.b	%11011100, %10000001
    221  aab8		       b8 83		      BYTE.b	%10111000, %10000011
    222  aaba		       f0 86		      BYTE.b	%11110000, %10000110
    223  aabc		       e0 8d		      BYTE.b	%11100000, %10001101
    224  aabe		       c0 9b		      BYTE.b	%11000000, %10011011
    225  aac0		       80 9c		      BYTE.b	%10000000, %10011100
    226  aac2		       b9 80		      BYTE.b	%10111001, %10000000
    227  aac4		       f2 80		      BYTE.b	%11110010, %10000000
    228  aac6		       e4 81		      BYTE.b	%11100100, %10000001
    229  aac8		       c8 83		      BYTE.b	%11001000, %10000011
    230  aaca		       90 87		      BYTE.b	%10010000, %10000111
    231  aacc		       a0 8e		      BYTE.b	%10100000, %10001110
    232  aace		       c0 9c		      BYTE.b	%11000000, %10011100
    233  aad0		       80 9d		      BYTE.b	%10000000, %10011101
    234  aad2		       bb 80		      BYTE.b	%10111011, %10000000
    235  aad4		       f6 80		      BYTE.b	%11110110, %10000000
    236  aad6		       ec 81		      BYTE.b	%11101100, %10000001
    237  aad8		       d8 83		      BYTE.b	%11011000, %10000011
    238  aada		       b0 87		      BYTE.b	%10110000, %10000111
    239  aadc		       e0 8e		      BYTE.b	%11100000, %10001110
    240  aade		       c0 9d		      BYTE.b	%11000000, %10011101
    241  aae0		       80 9e		      BYTE.b	%10000000, %10011110
    242  aae2		       bd 80		      BYTE.b	%10111101, %10000000
    243  aae4		       fa 80		      BYTE.b	%11111010, %10000000
    244  aae6		       f4 81		      BYTE.b	%11110100, %10000001
    245  aae8		       e8 83		      BYTE.b	%11101000, %10000011
    246  aaea		       d0 87		      BYTE.b	%11010000, %10000111
    247  aaec		       a0 8f		      BYTE.b	%10100000, %10001111
    248  aaee		       c0 9e		      BYTE.b	%11000000, %10011110
    249  aaf0		       80 9f		      BYTE.b	%10000000, %10011111
    250  aaf2		       bf 80		      BYTE.b	%10111111, %10000000
    251  aaf4		       fe 80		      BYTE.b	%11111110, %10000000
    252  aaf6		       fc 81		      BYTE.b	%11111100, %10000001
    253  aaf8		       f8 83		      BYTE.b	%11111000, %10000011
    254  aafa		       f0 87		      BYTE.b	%11110000, %10000111
    255  aafc		       e0 8f		      BYTE.b	%11100000, %10001111
    256  aafe		       c0 9f		      BYTE.b	%11000000, %10011111
    257  ab00		       80 a0		      BYTE.b	%10000000, %10100000
    258  ab02		       c1 80		      BYTE.b	%11000001, %10000000
    259  ab04		       82 81		      BYTE.b	%10000010, %10000001
    260  ab06		       84 82		      BYTE.b	%10000100, %10000010
    261  ab08		       88 84		      BYTE.b	%10001000, %10000100
    262  ab0a		       90 88		      BYTE.b	%10010000, %10001000
    263  ab0c		       a0 90		      BYTE.b	%10100000, %10010000
    264  ab0e		       c0 a0		      BYTE.b	%11000000, %10100000
    265  ab10		       80 a1		      BYTE.b	%10000000, %10100001
    266  ab12		       c3 80		      BYTE.b	%11000011, %10000000
    267  ab14		       86 81		      BYTE.b	%10000110, %10000001
    268  ab16		       8c 82		      BYTE.b	%10001100, %10000010
    269  ab18		       98 84		      BYTE.b	%10011000, %10000100
    270  ab1a		       b0 88		      BYTE.b	%10110000, %10001000
    271  ab1c		       e0 90		      BYTE.b	%11100000, %10010000
    272  ab1e		       c0 a1		      BYTE.b	%11000000, %10100001
    273  ab20		       80 a2		      BYTE.b	%10000000, %10100010
    274  ab22		       c5 80		      BYTE.b	%11000101, %10000000
    275  ab24		       8a 81		      BYTE.b	%10001010, %10000001
    276  ab26		       94 82		      BYTE.b	%10010100, %10000010
    277  ab28		       a8 84		      BYTE.b	%10101000, %10000100
    278  ab2a		       d0 88		      BYTE.b	%11010000, %10001000
    279  ab2c		       a0 91		      BYTE.b	%10100000, %10010001
    280  ab2e		       c0 a2		      BYTE.b	%11000000, %10100010
    281  ab30		       80 a3		      BYTE.b	%10000000, %10100011
    282  ab32		       c7 80		      BYTE.b	%11000111, %10000000
    283  ab34		       8e 81		      BYTE.b	%10001110, %10000001
    284  ab36		       9c 82		      BYTE.b	%10011100, %10000010
    285  ab38		       b8 84		      BYTE.b	%10111000, %10000100
    286  ab3a		       f0 88		      BYTE.b	%11110000, %10001000
    287  ab3c		       e0 91		      BYTE.b	%11100000, %10010001
    288  ab3e		       c0 a3		      BYTE.b	%11000000, %10100011
    289  ab40		       80 a4		      BYTE.b	%10000000, %10100100
    290  ab42		       c9 80		      BYTE.b	%11001001, %10000000
    291  ab44		       92 81		      BYTE.b	%10010010, %10000001
    292  ab46		       a4 82		      BYTE.b	%10100100, %10000010
    293  ab48		       c8 84		      BYTE.b	%11001000, %10000100
    294  ab4a		       90 89		      BYTE.b	%10010000, %10001001
    295  ab4c		       a0 92		      BYTE.b	%10100000, %10010010
    296  ab4e		       c0 a4		      BYTE.b	%11000000, %10100100
    297  ab50		       80 a5		      BYTE.b	%10000000, %10100101
    298  ab52		       cb 80		      BYTE.b	%11001011, %10000000
    299  ab54		       96 81		      BYTE.b	%10010110, %10000001
    300  ab56		       ac 82		      BYTE.b	%10101100, %10000010
    301  ab58		       d8 84		      BYTE.b	%11011000, %10000100
    302  ab5a		       b0 89		      BYTE.b	%10110000, %10001001
    303  ab5c		       e0 92		      BYTE.b	%11100000, %10010010
    304  ab5e		       c0 a5		      BYTE.b	%11000000, %10100101
    305  ab60		       80 a6		      BYTE.b	%10000000, %10100110
    306  ab62		       cd 80		      BYTE.b	%11001101, %10000000
    307  ab64		       9a 81		      BYTE.b	%10011010, %10000001
    308  ab66		       b4 82		      BYTE.b	%10110100, %10000010
    309  ab68		       e8 84		      BYTE.b	%11101000, %10000100
    310  ab6a		       d0 89		      BYTE.b	%11010000, %10001001
    311  ab6c		       a0 93		      BYTE.b	%10100000, %10010011
    312  ab6e		       c0 a6		      BYTE.b	%11000000, %10100110
    313  ab70		       80 a7		      BYTE.b	%10000000, %10100111
    314  ab72		       cf 80		      BYTE.b	%11001111, %10000000
    315  ab74		       9e 81		      BYTE.b	%10011110, %10000001
    316  ab76		       bc 82		      BYTE.b	%10111100, %10000010
    317  ab78		       f8 84		      BYTE.b	%11111000, %10000100
    318  ab7a		       f0 89		      BYTE.b	%11110000, %10001001
    319  ab7c		       e0 93		      BYTE.b	%11100000, %10010011
    320  ab7e		       c0 a7		      BYTE.b	%11000000, %10100111
    321  ab80		       80 a8		      BYTE.b	%10000000, %10101000
    322  ab82		       d1 80		      BYTE.b	%11010001, %10000000
    323  ab84		       a2 81		      BYTE.b	%10100010, %10000001
    324  ab86		       c4 82		      BYTE.b	%11000100, %10000010
    325  ab88		       88 85		      BYTE.b	%10001000, %10000101
    326  ab8a		       90 8a		      BYTE.b	%10010000, %10001010
    327  ab8c		       a0 94		      BYTE.b	%10100000, %10010100
    328  ab8e		       c0 a8		      BYTE.b	%11000000, %10101000
    329  ab90		       80 a9		      BYTE.b	%10000000, %10101001
    330  ab92		       d3 80		      BYTE.b	%11010011, %10000000
    331  ab94		       a6 81		      BYTE.b	%10100110, %10000001
    332  ab96		       cc 82		      BYTE.b	%11001100, %10000010
    333  ab98		       98 85		      BYTE.b	%10011000, %10000101
    334  ab9a		       b0 8a		      BYTE.b	%10110000, %10001010
    335  ab9c		       e0 94		      BYTE.b	%11100000, %10010100
    336  ab9e		       c0 a9		      BYTE.b	%11000000, %10101001
    337  aba0		       80 aa		      BYTE.b	%10000000, %10101010
    338  aba2		       d5 80		      BYTE.b	%11010101, %10000000
    339  aba4		       aa 81		      BYTE.b	%10101010, %10000001
    340  aba6		       d4 82		      BYTE.b	%11010100, %10000010
    341  aba8		       a8 85		      BYTE.b	%10101000, %10000101
    342  abaa		       d0 8a		      BYTE.b	%11010000, %10001010
    343  abac		       a0 95		      BYTE.b	%10100000, %10010101
    344  abae		       c0 aa		      BYTE.b	%11000000, %10101010
    345  abb0		       80 ab		      BYTE.b	%10000000, %10101011
    346  abb2		       d7 80		      BYTE.b	%11010111, %10000000
    347  abb4		       ae 81		      BYTE.b	%10101110, %10000001
    348  abb6		       dc 82		      BYTE.b	%11011100, %10000010
    349  abb8		       b8 85		      BYTE.b	%10111000, %10000101
    350  abba		       f0 8a		      BYTE.b	%11110000, %10001010
    351  abbc		       e0 95		      BYTE.b	%11100000, %10010101
    352  abbe		       c0 ab		      BYTE.b	%11000000, %10101011
    353  abc0		       80 ac		      BYTE.b	%10000000, %10101100
    354  abc2		       d9 80		      BYTE.b	%11011001, %10000000
    355  abc4		       b2 81		      BYTE.b	%10110010, %10000001
    356  abc6		       e4 82		      BYTE.b	%11100100, %10000010
    357  abc8		       c8 85		      BYTE.b	%11001000, %10000101
    358  abca		       90 8b		      BYTE.b	%10010000, %10001011
    359  abcc		       a0 96		      BYTE.b	%10100000, %10010110
    360  abce		       c0 ac		      BYTE.b	%11000000, %10101100
    361  abd0		       80 ad		      BYTE.b	%10000000, %10101101
    362  abd2		       db 80		      BYTE.b	%11011011, %10000000
    363  abd4		       b6 81		      BYTE.b	%10110110, %10000001
    364  abd6		       ec 82		      BYTE.b	%11101100, %10000010
    365  abd8		       d8 85		      BYTE.b	%11011000, %10000101
    366  abda		       b0 8b		      BYTE.b	%10110000, %10001011
    367  abdc		       e0 96		      BYTE.b	%11100000, %10010110
    368  abde		       c0 ad		      BYTE.b	%11000000, %10101101
    369  abe0		       80 ae		      BYTE.b	%10000000, %10101110
    370  abe2		       dd 80		      BYTE.b	%11011101, %10000000
    371  abe4		       ba 81		      BYTE.b	%10111010, %10000001
    372  abe6		       f4 82		      BYTE.b	%11110100, %10000010
    373  abe8		       e8 85		      BYTE.b	%11101000, %10000101
    374  abea		       d0 8b		      BYTE.b	%11010000, %10001011
    375  abec		       a0 97		      BYTE.b	%10100000, %10010111
    376  abee		       c0 ae		      BYTE.b	%11000000, %10101110
    377  abf0		       80 af		      BYTE.b	%10000000, %10101111
    378  abf2		       df 80		      BYTE.b	%11011111, %10000000
    379  abf4		       be 81		      BYTE.b	%10111110, %10000001
    380  abf6		       fc 82		      BYTE.b	%11111100, %10000010
    381  abf8		       f8 85		      BYTE.b	%11111000, %10000101
    382  abfa		       f0 8b		      BYTE.b	%11110000, %10001011
    383  abfc		       e0 97		      BYTE.b	%11100000, %10010111
    384  abfe		       c0 af		      BYTE.b	%11000000, %10101111
    385  ac00		       80 b0		      BYTE.b	%10000000, %10110000
    386  ac02		       e1 80		      BYTE.b	%11100001, %10000000
    387  ac04		       c2 81		      BYTE.b	%11000010, %10000001
    388  ac06		       84 83		      BYTE.b	%10000100, %10000011
    389  ac08		       88 86		      BYTE.b	%10001000, %10000110
    390  ac0a		       90 8c		      BYTE.b	%10010000, %10001100
    391  ac0c		       a0 98		      BYTE.b	%10100000, %10011000
    392  ac0e		       c0 b0		      BYTE.b	%11000000, %10110000
    393  ac10		       80 b1		      BYTE.b	%10000000, %10110001
    394  ac12		       e3 80		      BYTE.b	%11100011, %10000000
    395  ac14		       c6 81		      BYTE.b	%11000110, %10000001
    396  ac16		       8c 83		      BYTE.b	%10001100, %10000011
    397  ac18		       98 86		      BYTE.b	%10011000, %10000110
    398  ac1a		       b0 8c		      BYTE.b	%10110000, %10001100
    399  ac1c		       e0 98		      BYTE.b	%11100000, %10011000
    400  ac1e		       c0 b1		      BYTE.b	%11000000, %10110001
    401  ac20		       80 b2		      BYTE.b	%10000000, %10110010
    402  ac22		       e5 80		      BYTE.b	%11100101, %10000000
    403  ac24		       ca 81		      BYTE.b	%11001010, %10000001
    404  ac26		       94 83		      BYTE.b	%10010100, %10000011
    405  ac28		       a8 86		      BYTE.b	%10101000, %10000110
    406  ac2a		       d0 8c		      BYTE.b	%11010000, %10001100
    407  ac2c		       a0 99		      BYTE.b	%10100000, %10011001
    408  ac2e		       c0 b2		      BYTE.b	%11000000, %10110010
    409  ac30		       80 b3		      BYTE.b	%10000000, %10110011
    410  ac32		       e7 80		      BYTE.b	%11100111, %10000000
    411  ac34		       ce 81		      BYTE.b	%11001110, %10000001
    412  ac36		       9c 83		      BYTE.b	%10011100, %10000011
    413  ac38		       b8 86		      BYTE.b	%10111000, %10000110
    414  ac3a		       f0 8c		      BYTE.b	%11110000, %10001100
    415  ac3c		       e0 99		      BYTE.b	%11100000, %10011001
    416  ac3e		       c0 b3		      BYTE.b	%11000000, %10110011
    417  ac40		       80 b4		      BYTE.b	%10000000, %10110100
    418  ac42		       e9 80		      BYTE.b	%11101001, %10000000
    419  ac44		       d2 81		      BYTE.b	%11010010, %10000001
    420  ac46		       a4 83		      BYTE.b	%10100100, %10000011
    421  ac48		       c8 86		      BYTE.b	%11001000, %10000110
    422  ac4a		       90 8d		      BYTE.b	%10010000, %10001101
    423  ac4c		       a0 9a		      BYTE.b	%10100000, %10011010
    424  ac4e		       c0 b4		      BYTE.b	%11000000, %10110100
    425  ac50		       80 b5		      BYTE.b	%10000000, %10110101
    426  ac52		       eb 80		      BYTE.b	%11101011, %10000000
    427  ac54		       d6 81		      BYTE.b	%11010110, %10000001
    428  ac56		       ac 83		      BYTE.b	%10101100, %10000011
    429  ac58		       d8 86		      BYTE.b	%11011000, %10000110
    430  ac5a		       b0 8d		      BYTE.b	%10110000, %10001101
    431  ac5c		       e0 9a		      BYTE.b	%11100000, %10011010
    432  ac5e		       c0 b5		      BYTE.b	%11000000, %10110101
    433  ac60		       80 b6		      BYTE.b	%10000000, %10110110
    434  ac62		       ed 80		      BYTE.b	%11101101, %10000000
    435  ac64		       da 81		      BYTE.b	%11011010, %10000001
    436  ac66		       b4 83		      BYTE.b	%10110100, %10000011
    437  ac68		       e8 86		      BYTE.b	%11101000, %10000110
    438  ac6a		       d0 8d		      BYTE.b	%11010000, %10001101
    439  ac6c		       a0 9b		      BYTE.b	%10100000, %10011011
    440  ac6e		       c0 b6		      BYTE.b	%11000000, %10110110
    441  ac70		       80 b7		      BYTE.b	%10000000, %10110111
    442  ac72		       ef 80		      BYTE.b	%11101111, %10000000
    443  ac74		       de 81		      BYTE.b	%11011110, %10000001
    444  ac76		       bc 83		      BYTE.b	%10111100, %10000011
    445  ac78		       f8 86		      BYTE.b	%11111000, %10000110
    446  ac7a		       f0 8d		      BYTE.b	%11110000, %10001101
    447  ac7c		       e0 9b		      BYTE.b	%11100000, %10011011
    448  ac7e		       c0 b7		      BYTE.b	%11000000, %10110111
    449  ac80		       80 b8		      BYTE.b	%10000000, %10111000
    450  ac82		       f1 80		      BYTE.b	%11110001, %10000000
    451  ac84		       e2 81		      BYTE.b	%11100010, %10000001
    452  ac86		       c4 83		      BYTE.b	%11000100, %10000011
    453  ac88		       88 87		      BYTE.b	%10001000, %10000111
    454  ac8a		       90 8e		      BYTE.b	%10010000, %10001110
    455  ac8c		       a0 9c		      BYTE.b	%10100000, %10011100
    456  ac8e		       c0 b8		      BYTE.b	%11000000, %10111000
    457  ac90		       80 b9		      BYTE.b	%10000000, %10111001
    458  ac92		       f3 80		      BYTE.b	%11110011, %10000000
    459  ac94		       e6 81		      BYTE.b	%11100110, %10000001
    460  ac96		       cc 83		      BYTE.b	%11001100, %10000011
    461  ac98		       98 87		      BYTE.b	%10011000, %10000111
    462  ac9a		       b0 8e		      BYTE.b	%10110000, %10001110
    463  ac9c		       e0 9c		      BYTE.b	%11100000, %10011100
    464  ac9e		       c0 b9		      BYTE.b	%11000000, %10111001
    465  aca0		       80 ba		      BYTE.b	%10000000, %10111010
    466  aca2		       f5 80		      BYTE.b	%11110101, %10000000
    467  aca4		       ea 81		      BYTE.b	%11101010, %10000001
    468  aca6		       d4 83		      BYTE.b	%11010100, %10000011
    469  aca8		       a8 87		      BYTE.b	%10101000, %10000111
    470  acaa		       d0 8e		      BYTE.b	%11010000, %10001110
    471  acac		       a0 9d		      BYTE.b	%10100000, %10011101
    472  acae		       c0 ba		      BYTE.b	%11000000, %10111010
    473  acb0		       80 bb		      BYTE.b	%10000000, %10111011
    474  acb2		       f7 80		      BYTE.b	%11110111, %10000000
    475  acb4		       ee 81		      BYTE.b	%11101110, %10000001
    476  acb6		       dc 83		      BYTE.b	%11011100, %10000011
    477  acb8		       b8 87		      BYTE.b	%10111000, %10000111
    478  acba		       f0 8e		      BYTE.b	%11110000, %10001110
    479  acbc		       e0 9d		      BYTE.b	%11100000, %10011101
    480  acbe		       c0 bb		      BYTE.b	%11000000, %10111011
    481  acc0		       80 bc		      BYTE.b	%10000000, %10111100
    482  acc2		       f9 80		      BYTE.b	%11111001, %10000000
    483  acc4		       f2 81		      BYTE.b	%11110010, %10000001
    484  acc6		       e4 83		      BYTE.b	%11100100, %10000011
    485  acc8		       c8 87		      BYTE.b	%11001000, %10000111
    486  acca		       90 8f		      BYTE.b	%10010000, %10001111
    487  accc		       a0 9e		      BYTE.b	%10100000, %10011110
    488  acce		       c0 bc		      BYTE.b	%11000000, %10111100
    489  acd0		       80 bd		      BYTE.b	%10000000, %10111101
    490  acd2		       fb 80		      BYTE.b	%11111011, %10000000
    491  acd4		       f6 81		      BYTE.b	%11110110, %10000001
    492  acd6		       ec 83		      BYTE.b	%11101100, %10000011
    493  acd8		       d8 87		      BYTE.b	%11011000, %10000111
    494  acda		       b0 8f		      BYTE.b	%10110000, %10001111
    495  acdc		       e0 9e		      BYTE.b	%11100000, %10011110
    496  acde		       c0 bd		      BYTE.b	%11000000, %10111101
    497  ace0		       80 be		      BYTE.b	%10000000, %10111110
    498  ace2		       fd 80		      BYTE.b	%11111101, %10000000
    499  ace4		       fa 81		      BYTE.b	%11111010, %10000001
    500  ace6		       f4 83		      BYTE.b	%11110100, %10000011
    501  ace8		       e8 87		      BYTE.b	%11101000, %10000111
    502  acea		       d0 8f		      BYTE.b	%11010000, %10001111
    503  acec		       a0 9f		      BYTE.b	%10100000, %10011111
    504  acee		       c0 be		      BYTE.b	%11000000, %10111110
    505  acf0		       80 bf		      BYTE.b	%10000000, %10111111
    506  acf2		       ff 80		      BYTE.b	%11111111, %10000000
    507  acf4		       fe 81		      BYTE.b	%11111110, %10000001
    508  acf6		       fc 83		      BYTE.b	%11111100, %10000011
    509  acf8		       f8 87		      BYTE.b	%11111000, %10000111
    510  acfa		       f0 8f		      BYTE.b	%11110000, %10001111
    511  acfc		       e0 9f		      BYTE.b	%11100000, %10011111
    512  acfe		       c0 bf		      BYTE.b	%11000000, %10111111
------- FILE main.asm
   8282  ad00					      ORG	$AD00
   8283  ad00				   SPRITE_DATA
------- FILE sprite_data.asm LEVEL 2 PASS 3
      0  ad00					      INCLUDE	"sprite_data.asm"
      1  ad00		       00 15 55 06*	      HEX	00 15 55 06 00 55 06 00 10 40 7F 08 08 08 30 40
      2  ad10		       40 40 30 26*	      HEX	40 40 30 26 13 06 60 18 06 18 60 00 00 10 00 25
      3  ad20		       20 00 00 00*	      HEX	20 00 00 00 00 10 00 00 40 40 40 10 10 02 20 08
      4  ad30		       02 08 20 20*	      HEX	02 08 20 20 20 22 22 00 00 00 00 00 00 00 00 00
      5  ad40		       00 00 00 00*	      HEX	00 00 00 00 00 00 00 00 00 00 00 00 00 00 00 00
      6  ad50		       00 00 00 00*	      HEX	00 00 00 00 00 00 00 00 00 00 00 00 00 00 00 00
      7  ad60		       00 00 00 00*	      HEX	00 00 00 00 00 00 02 03
      8  ad68		       00 02 02 03*	      HEX	00 02 02 03 00 02 00 00 00 00 07 00 00 00 00 00
      9  ad78		       00 00 00 06*	      HEX	00 00 00 06 03 03 00 00 03 00 00 00 00 00 00 02
     10  ad88		       00 00 00 00*	      HEX	00 00 00 00 00 00 00 00 00 00 00 00 00 01 00 00
     11  ad98		       01 00 00 00*	      HEX	01 00 00 00 00 04 04 00 00 00 00 00 00 00 00 00
     12  ada8		       00 00 00 00*	      HEX	00 00 00 00 00 00 00 00 00 00 00 00 00 00 00 00
     13  adb8		       00 00 00 00*	      HEX	00 00 00 00 00 00 00 00 00 00 00 00 00 00 00 00
     14  adc8		       00 00 00 00*	      HEX	00 00 00 00 00 00 06 00
     15  add0		       00 15 55 06*	      HEX	00 15 55 06 7F 55 06 00 28 60 7F 1C 1C 1C 30 60
     16  ade0		       60 60 31 76*	      HEX	60 60 31 76 3B 06 60 18 06 18 60 00 00 00 00 15
     17  adf0		       28 20 00 00*	      HEX	28 20 00 00 00 38 00 00 20 20 20 28 28 02 20 08
     18  ae00		       02 08 20 20*	      HEX	02 08 20 20 21 22 22 00 00 00 00 00 00 00 00 00
     19  ae10		       00 00 00 00*	      HEX	00 00 00 00 00 00 00 00 00 00 00 00 00 00 00 00
     20  ae20		       00 00 00 00*	      HEX	00 00 00 00 00 00 00 00 00 00 00 00 00 00 00 00
     21  ae30		       00 00 00 00*	      HEX	00 00 00 00 00 00 07 00
     22  ae38		       00 02 02 03*	      HEX	00 02 02 03 07 02 00 00 00 01 07 00 00 00 04 01
     23  ae48		       01 01 00 06*	      HEX	01 01 00 06 03 03 00 00 03 00 00 00 00 00 00 02
     24  ae58		       00 00 00 00*	      HEX	00 00 00 00 00 00 00 00 01 01 01 00 00 01 00 00
     25  ae68		       01 00 00 04*	      HEX	01 00 00 04 00 04 04 00 00 00 00 00 00 00 00 00
     26  ae78		       00 00 00 00*	      HEX	00 00 00 00 00 00 00 00 00 00 00 00 00 00 00 00
     27  ae88		       00 00 00 00*	      HEX	00 00 00 00 00 00 00 00 00 00 00 00 00 00 00 00
     28  ae98		       00 00 00 00*	      HEX	00 00 00 00 00 00 70 60
     29  aea0		       00 15 55 7e*	      HEX	00 15 55 7E 00 00 7E 00 28 60 7F 1C 1C 1C 70 60
     30  aeb0		       60 60 3f 76*	      HEX	60 60 3F 76 3B 36 78 78 36 78 78 00 00 00 00 15
     31  aec0		       01 28 00 00*	      HEX	01 28 00 00 00 38 00 00 20 20 20 28 28 22 28 28
     32  aed0		       0a 28 28 20*	      HEX	0A 28 28 20 2B 22 22 00 00 00 00 00 00 00 00 00
     33  aee0		       00 00 00 00*	      HEX	00 00 00 00 00 00 00 00 00 00 00 00 00 00 00 00
     34  aef0		       00 00 00 00*	      HEX	00 00 00 00 00 00 00 00 00 00 00 00 00 00 00 00
     35  af00		       00 00 00 00*	      HEX	00 00 00 00 00 00 00 06
     36  af08		       00 02 02 03*	      HEX	00 02 02 03 00 00 03 00 00 01 07 00 00 00 07 01
     37  af18		       01 01 00 06*	      HEX	01 01 00 06 03 03 00 00 03 00 00 00 00 00 00 02
     38  af28		       02 00 00 00*	      HEX	02 00 00 00 00 00 00 00 01 01 01 00 00 01 00 00
     39  af38		       01 00 00 05*	      HEX	01 00 00 05 00 04 04 00 00 00 00 00 00 00 00 00
     40  af48		       00 00 00 00*	      HEX	00 00 00 00 00 00 00 00 00 00 00 00 00 00 00 00
     41  af58		       00 00 00 00*	      HEX	00 00 00 00 00 00 00 00 00 00 00 00 00 00 00 00
     42  af68		       00 00 00 00*	      HEX	00 00 00 00 00 00 38 70
     43  af70		       00 15 55 06*	      HEX	00 15 55 06 00 7C 06 00 20 70 7F 38 18 18 72 40
     44  af80		       60 60 38 7c*	      HEX	60 60 38 7C 7E 76 38 70 3C 70 3B 00 10 00 10 15
     45  af90		       15 29 20 00*	      HEX	15 29 20 00 00 18 00 10 20 20 20 20 20 22 28 20
     46  afa0		       0a 28 08 22*	      HEX	0A 28 08 22 28 28 28 00 00 00 00 2A 28 2A 2A 0A
     47  afb0		       2a 2a 2a 28*	      HEX	2A 2A 2A 28 2A 54 15 55 15 55 55 55 41 04 10 41
     48  afc0		       01 41 41 55*	      HEX	01 41 41 55 55 55 55 55 55 41 45 41 41 51 55 01
     49  afd0		       00 14 14 40*	      HEX	00 14 14 40 00 40 00 00
     50  afd8		       00 02 02 03*	      HEX	00 02 02 03 00 01 03 00 00 00 07 00 00 00 00 01
     51  afe8		       00 00 02 03*	      HEX	00 00 02 03 01 01 00 06 03 00 00 00 00 00 00 02
     52  aff8		       02 02 00 00*	      HEX	02 02 00 00 00 00 00 00 00 00 00 00 00 01 00 04
     53  b008		       01 00 00 00*	      HEX	01 00 00 00 02 01 01 00 00 00 00 01 00 01 01 01
     54  b018		       01 01 01 01*	      HEX	01 01 01 01 01 00 00 00 00 00 00 00 00 00 00 00
     55  b028		       00 00 00 00*	      HEX	00 00 00 00 00 00 00 00 00 00 00 00 00 00 00 00
     56  b038		       00 00 00 00*	      HEX	00 00 00 00 00 00 00 00
     57  b040		       00 00 55 06*	      HEX	00 00 55 06 00 30 00 00 28 6C 7F 5C 38 7A 7E 70
     58  b050		       70 78 78 60*	      HEX	70 78 78 60 18 3C 1E 60 70 60 1E 00 00 00 00 00
     59  b060		       00 00 28 00*	      HEX	00 00 28 00 00 7E 00 00 28 28 28 20 28 28 0A 20
     60  b070		       28 20 0a 2a*	      HEX	28 20 0A 2A 28 20 20 00 00 00 00 02 28 02 02 0A
     61  b080		       02 02 20 08*	      HEX	02 02 20 08 02 44 11 41 41 05 05 41 41 04 10 51
     62  b090		       01 45 41 51*	      HEX	01 45 41 51 41 51 41 41 04 41 45 41 41 51 41 05
     63  b0a0		       00 14 14 40*	      HEX	00 14 14 40 00 50 00 00
     64  b0a8		       00 00 02 03*	      HEX	00 00 02 03 00 00 03 00 01 01 07 01 00 00 00 07
     65  b0b8		       00 02 03 00*	      HEX	00 02 03 00 00 00 00 03 01 03 00 00 00 00 00 00
     66  b0c8		       00 00 00 00*	      HEX	00 00 00 00 00 00 00 00 01 00 01 01 01 00 00 01
     67  b0d8		       00 01 00 00*	      HEX	00 01 00 00 03 00 00 00 00 00 00 01 00 01 01 01
     68  b0e8		       00 01 01 01*	      HEX	00 01 01 01 01 00 00 00 00 00 00 00 00 00 00 00
     69  b0f8		       00 00 00 00*	      HEX	00 00 00 00 00 00 00 00 00 00 00 00 00 00 00 00
     70  b108		       00 00 00 00*	      HEX	00 00 00 00 00 00 00 00
     71  b110		       00 51 55 06*	      HEX	00 51 55 06 00 30 00 78 22 36 7F 33 7C 5E 70 5A
     72  b120		       78 6c 38 60*	      HEX	78 6C 38 60 18 18 1B 60 60 60 18 00 00 11 01 51
     73  b130		       51 51 28 20*	      HEX	51 51 28 20 00 5A 00 00 22 28 22 28 28 08 0A 20
     74  b140		       20 20 08 20*	      HEX	20 20 08 20 28 20 20 00 00 00 00 02 20 00 00 0A
     75  b150		       02 02 20 08*	      HEX	02 02 20 08 02 44 11 01 41 05 05 01 41 04 10 11
     76  b160		       01 55 45 51*	      HEX	01 55 45 51 41 51 41 01 04 41 45 41 41 51 41 14
     77  b170		       00 05 50 10*	      HEX	00 05 50 10 55 14 01 01
     78  b178		       00 02 02 03*	      HEX	00 02 02 03 00 00 03 01 04 06 07 03 00 01 00 05
     79  b188		       01 03 00 00*	      HEX	01 03 00 00 00 00 00 00 00 06 00 00 02 00 00 02
     80  b198		       02 02 01 00*	      HEX	02 02 01 00 00 05 00 02 04 01 01 01 04 00 00 00
     81  b1a8		       00 01 00 00*	      HEX	00 01 00 00 00 00 00 00 00 00 00 01 00 01 01 01
     82  b1b8		       00 00 01 01*	      HEX	00 00 01 01 01 00 00 00 00 00 00 00 00 00 00 00
     83  b1c8		       00 00 00 00*	      HEX	00 00 00 00 00 00 00 00 00 00 00 00 00 00 00 00
     84  b1d8		       00 00 00 00*	      HEX	00 00 00 00 02 00 08 20
     85  b1e0		       00 51 55 06*	      HEX	00 51 55 06 00 30 00 28 60 30 7F 30 7B 18 70 42
     86  b1f0		       78 60 38 78*	      HEX	78 60 38 78 78 18 18 60 60 60 18 10 01 00 00 51
     87  b200		       51 51 00 20*	      HEX	51 51 00 20 00 18 10 05 30 60 60 32 30 08 08 20
     88  b210		       20 20 08 70*	      HEX	20 20 08 70 38 70 78 00 01 00 00 02 20 2A 28 2A
     89  b220		       2a 02 20 2a*	      HEX	2A 02 20 2A 2A 55 55 01 41 15 15 01 55 14 50 15
     90  b230		       01 55 55 41*	      HEX	01 55 55 41 55 41 55 55 04 41 45 41 14 55 10 50
     91  b240		       00 05 50 10*	      HEX	00 05 50 10 55 05 00 00
     92  b248		       00 02 02 03*	      HEX	00 02 02 03 00 00 03 01 00 00 07 00 00 00 00 01
     93  b258		       06 00 00 00*	      HEX	06 00 00 00 00 00 00 00 00 00 00 00 00 02 00 02
     94  b268		       02 02 00 01*	      HEX	02 02 00 01 00 04 00 00 00 04 00 00 00 00 00 00
     95  b278		       00 00 00 00*	      HEX	00 00 00 00 00 01 00 00 02 00 00 01 00 01 01 01
     96  b288		       01 00 01 01*	      HEX	01 00 01 01 01 00 00 00 00 00 00 00 00 00 00 00
     97  b298		       00 00 00 00*	      HEX	00 00 00 00 00 00 00 00 00 00 00 00 00 00 00 00
     98  b2a8		       00 00 00 00*	      HEX	00 00 00 00 02 00 6C 00
     99  b2b0		       00 51 55 7e*	      HEX	00 51 55 7E 00 30 06 78 70 70 7F 38 1C 3C 58 60
    100  b2c0		       60 70 6c 6c*	      HEX	60 70 6C 6C 58 1E 1C 70 60 60 38 40 04 01 00 51
    101  b2d0		       51 51 51 29*	      HEX	51 51 51 29 20 38 44 02 70 60 70 38 78 1E 1C 70
    102  b2e0		       70 70 1c 58*	      HEX	70 70 1C 58 6C 30 6C 00 01 00 00 22 20 02 00 00
    103  b2f0		       20 2a 28 02*	      HEX	20 2A 28 02 20 41 41 05 45 01 01 51 45 14 50 55
    104  b300		       05 41 55 41*	      HEX	05 41 55 41 05 41 15 50 14 45 45 55 14 14 14 50
    105  b310		       00 05 50 04*	      HEX	00 05 50 04 55 05 00 01
    106  b318		       00 02 02 03*	      HEX	00 02 02 03 00 00 03 01 00 00 07 00 00 00 01 01
    107  b328		       01 01 00 00*	      HEX	01 01 00 00 01 00 00 00 03 01 00 04 00 00 02 02
    108  b338		       02 02 02 01*	      HEX	02 02 02 01 00 00 00 00 00 01 01 00 00 00 00 00
    109  b348		       01 00 00 01*	      HEX	01 00 00 01 00 03 00 00 02 00 00 01 00 00 01 01
    110  b358		       01 01 00 01*	      HEX	01 01 00 01 01 00 00 00 00 00 00 00 00 00 00 00
    111  b368		       00 00 00 00*	      HEX	00 00 00 00 00 00 00 00 00 00 00 00 00 00 00 00
    112  b378		       00 00 00 00*	      HEX	00 00 00 00 02 00 00 00
    113  b380		       00 51 55 06*	      HEX	00 51 55 06 00 55 7E 28 58 5E 7F 6C 3C 66 58 30
    114  b390		       70 18 6e 6c*	      HEX	70 18 6E 6C 58 13 36 58 20 30 6C 04 50 04 00 51
    115  b3a0		       51 51 51 01*	      HEX	51 51 51 01 28 6C 12 52 5E 70 18 78 4C 13 36 58
    116  b3b0		       10 58 36 58*	      HEX	10 58 36 58 6E 30 6C 01 01 00 28 22 20 02 00 00
    117  b3c0		       20 22 08 02*	      HEX	20 22 08 02 20 41 41 05 45 01 01 51 45 14 50 45
    118  b3d0		       05 41 51 41*	      HEX	05 41 51 41 05 41 15 50 14 45 55 55 41 14 01 14
    119  b3e0		       14 05 50 04*	      HEX	14 05 50 04 55 14 00 01
    120  b3e8		       00 02 02 03*	      HEX	00 02 02 03 00 02 03 01 07 01 07 03 00 00 03 03
    121  b3f8		       01 03 00 00*	      HEX	01 03 00 00 01 00 00 01 06 03 00 04 04 00 00 02
    122  b408		       02 02 02 00*	      HEX	02 02 02 00 00 00 00 00 01 01 03 00 01 00 00 01
    123  b418		       03 01 00 03*	      HEX	03 01 00 03 00 03 00 02 02 00 00 01 00 00 01 01
    124  b428		       01 01 00 01*	      HEX	01 01 00 01 01 00 00 00 00 00 00 00 00 00 00 00
    125  b438		       00 00 00 00*	      HEX	00 00 00 00 00 00 00 00 00 00 00 00 00 00 00 00
    126  b448		       00 00 00 00*	      HEX	00 00 00 00 02 00 41 45
    127  b450		       00 51 55 06*	      HEX	00 51 55 06 00 55 06 78 18 40 7F 0C 70 46 18 30
    128  b460		       38 0c 60 6c*	      HEX	38 0C 60 6C 58 1B 36 58 60 30 6C 10 04 40 00 51
    129  b470		       51 51 51 51*	      HEX	51 51 51 51 28 6C 0A 08 40 38 0C 60 0C 1B 36 58
    130  b480		       30 58 36 18*	      HEX	30 58 36 18 60 30 6C 01 01 28 2A 22 28 22 02 00
    131  b490		       20 22 08 02*	      HEX	20 22 08 02 20 51 41 45 45 01 01 41 45 14 51 45
    132  b4a0		       05 41 41 41*	      HEX	05 41 41 41 05 11 45 51 14 45 14 45 41 14 51 05
    133  b4b0		       14 14 14 01*	      HEX	14 14 14 01 00 50 00 00
    134  b4b8		       00 02 02 03*	      HEX	00 02 02 03 00 02 00 01 00 01 07 00 00 01 00 03
    135  b4c8		       00 03 00 00*	      HEX	00 03 00 00 01 00 00 01 06 03 00 01 05 00 00 02
    136  b4d8		       02 02 02 02*	      HEX	02 02 02 02 01 00 02 01 01 00 03 01 03 00 00 01
    137  b4e8		       03 01 00 00*	      HEX	03 01 00 00 00 03 00 02 02 00 01 01 01 01 01 01
    138  b4f8		       01 01 00 01*	      HEX	01 01 00 01 01 00 00 00 00 00 00 00 00 00 00 00
    139  b508		       00 00 00 00*	      HEX	00 00 00 00 00 00 00 00 00 00 00 00 00 00 00 00
    140  b518		       00 00 00 00*	      HEX	00 00 00 00 00 00 55 45
    141  b520		       00 00 00 06*	      HEX	00 00 00 06 00 00 06 00 18 40 7F 0C 30 40 1C 30
    142  b530		       30 0c 60 60*	      HEX	30 0C 60 60 18 0D 36 58 40 30 6C 00 10 00 00 00
    143  b540		       00 00 00 00*	      HEX	00 00 00 00 00 6C 08 08 40 30 0C 60 00 0D 30 58
    144  b550		       60 58 36 1c*	      HEX	60 58 36 1C 60 30 60 00 00 2A 2A 2A 28 2A 2A 00
    145  b560		       2a 2a 08 2a*	      HEX	2A 2A 08 2A 20 51 55 55 15 55 01 55 45 14 55 45
    146  b570		       55 41 41 55*	      HEX	55 41 41 55 05 45 45 55 14 55 04 41 41 14 55 01
    147  b580		       14 14 14 01*	      HEX	14 14 14 01 00 40 00 00
    148  b588		       00 00 00 03*	      HEX	00 00 00 03 00 00 00 00 00 01 07 00 00 01 00 03
    149  b598		       00 00 01 00*	      HEX	00 00 01 00 00 00 00 01 05 03 00 01 01 00 00 00
    150  b5a8		       00 00 00 00*	      HEX	00 00 00 00 00 00 00 01 01 00 00 00 03 00 00 01
    151  b5b8		       02 01 00 00*	      HEX	02 01 00 00 01 00 00 00 00 01 01 01 01 01 01 01
    152  b5c8		       01 01 00 01*	      HEX	01 01 00 01 01 00 00 00 00 00 00 00 00 00 00 00
    153  b5d8		       00 00 00 00*	      HEX	00 00 00 00 00 00 00 00 00 00 00 00 00 00 00 00
    154  b5e8		       00 00 00 00*	      HEX	00 00 00 00 00 00 81 A8
------- FILE main.asm
   8285  b5f0					      ORG	$B5F0
   8286  b5f0		       c5 a2 d4 a2*	      HEX	C5 A2 D4 A2 00 D0 8A 94 80 80 80 80 80 80 80 80
   8287  b600
   8288  b600					      ORG	$B600
------- FILE dos.asm LEVEL 2 PASS 3
      0  b600					      INCLUDE	"dos.asm"
      1  b600		       01 a5 27 c9*	      HEX	01 A5 27 C9 09 D0 18 A5 2B 4A 4A 4A 4A 09 C0 85
      2  b610		       3f a9 5c 85*	      HEX	3F A9 5C 85 3E 18 AD FE 08 6D FF 08 8D FE 08 AE
      3  b620		       ff 08 30 15*	      HEX	FF 08 30 15 BD 4D 08 85 3D CE FF 08 AD FE 08 85
      4  b630		       27 ce fe 08*	      HEX	27 CE FE 08 A6 2B 6C 3E 00 EE FE 08 EE FE 08 20
      5  b640		       89 fe 20 93*	      HEX	89 FE 20 93 FE 20 2F FB A6 2B 6C FD 08 00 0D 0B
      6  b650		       09 07 05 03*	      HEX	09 07 05 03 01 0E 0C 0A 08 06 04 02 0F 00 20 64
      7  b660		       a7 b0 08 a9*	      HEX	A7 B0 08 A9 00 A8 8D 5D B6 91 40 AD C5 B5 4C D2
      8  b670		       a6 ad 5d b6*	      HEX	A6 AD 5D B6 F0 08 EE BD B5 D0 03 EE BE B5 A9 00
      9  b680		       8d 5d b6 4c*	      HEX	8D 5D B6 4C 46 A5 8D BC B5 20 A8 A6 20 EA A2 4C
     10  b690		       7d a2 a0 13*	      HEX	7D A2 A0 13 B1 42 D0 14 C8 C0 17 D0 F7 A0 19 B1
     11  b6a0		       42 99 a4 b5*	      HEX	42 99 A4 B5 C8 C0 1D D0 F6 4C BC A6 A2 FF 8E 5D
     12  b6b0		       b6 d0 f6 00*	      HEX	B6 D0 F6 00 00 00 00 00 00 00 00 00 00 00 00 00
     13  b6c0		       00 00 00 00*	      HEX	00 00 00 00 00 00 00 00 00 00 00 00 00 00 00 00
     14  b6d0		       20 58 fc a9*	      HEX	20 58 FC A9 C2 20 ED FD A9 01 20 DA FD A9 AD 20
     15  b6e0		       ed fd a9 00*	      HEX	ED FD A9 00 20 DA FD 60 00 00 00 00 00 00 00 00
     16  b6f0		       00 00 00 00*	      HEX	00 00 00 00 00 00 00 00 00 00 00 00 00 00 B6 09
     17  b700		       8e e9 b7 8e*	      HEX	8E E9 B7 8E F7 B7 A9 01 8D F8 B7 8D EA B7 AD E0
     18  b710		       b7 8d e1 b7*	      HEX	B7 8D E1 B7 A9 02 8D EC B7 A9 04 8D ED B7 AC E7
     19  b720		       b7 88 8c f1*	      HEX	B7 88 8C F1 B7 A9 01 8D F4 B7 8A 4A 4A 4A 4A AA
     20  b730		       a9 00 9d f8*	      HEX	A9 00 9D F8 04 9D 78 04 20 93 B7 A2 FF 9A 8E EB
     21  b740		       b7 ea ea ea*	      HEX	B7 EA EA EA 20 89 FE 4C 84 9D AD E7 B7 38 ED F1
     22  b750		       b7 8d e1 b7*	      HEX	B7 8D E1 B7 AD E7 B7 8D F1 B7 CE F1 B7 A9 02 8D
     23  b760		       ec b7 a9 04*	      HEX	EC B7 A9 04 8D ED B7 A9 02 8D F4 B7 20 93 B7 AD
     24  b770		       e7 b7 8d fe*	      HEX	E7 B7 8D FE B6 18 69 09 8D F1 B7 A9 0A 8D E1 B7
     25  b780		       38 e9 01 8d*	      HEX	38 E9 01 8D FF B6 8D ED B7 20 93 B7 60 00 00 00
     26  b790		       00 00 00 ad*	      HEX	00 00 00 AD E5 B7 AC E4 B7 20 B5 B7 AC ED B7 88
     27  b7a0		       10 07 a0 0f*	      HEX	10 07 A0 0F EA EA CE EC B7 8C ED B7 CE F1 B7 CE
     28  b7b0		       e1 b7 d0 df*	      HEX	E1 B7 D0 DF 60 08 78 20 00 BD B0 03 28 18 60 28
     29  b7c0		       38 60 ad bc*	      HEX	38 60 AD BC B5 8D F1 B7 A9 00 8D F0 B7 AD F9 B5
     30  b7d0		       49 ff 8d eb*	      HEX	49 FF 8D EB B7 60 A9 00 A8 91 42 C8 D0 FB 60 00
     31  b7e0		       1b 00 0a 1b*	      HEX	1B 00 0A 1B E8 B7 00 B6 01 60 01 00 0C 0F FB B7
     32  b7f0		       00 1f 00 01*	      HEX	00 1F 00 01 01 FF D6 60 01 00 00 00 01 EF D8 00
     33  b800		       a2 00 a0 02*	      HEX	A2 00 A0 02 88 B1 3E 4A 3E 00 BC 4A 3E 00 BC 99
     34  b810		       00 bb e8 e0*	      HEX	00 BB E8 E0 56 90 ED A2 00 98 D0 E8 A2 55 BD 00
     35  b820		       bc 29 3f 9d*	      HEX	BC 29 3F 9D 00 BC CA 10 F5 60 38 86 27 8E 78 06
     36  b830		       bd 8d c0 bd*	      HEX	BD 8D C0 BD 8E C0 30 7C AD 00 BC 85 26 A9 FF 9D
     37  b840		       8f c0 1d 8c*	      HEX	8F C0 1D 8C C0 48 68 EA A0 04 48 68 20 B9 B8 88
     38  b850		       d0 f8 a9 d5*	      HEX	D0 F8 A9 D5 20 B8 B8 A9 AA 20 B8 B8 A9 AD 20 B8
     39  b860		       b8 98 a0 56*	      HEX	B8 98 A0 56 D0 03 B9 00 BC 59 FF BB AA BD 29 BA
     40  b870		       a6 27 9d 8d*	      HEX	A6 27 9D 8D C0 BD 8C C0 88 D0 EB A5 26 EA 59 00
     41  b880		       bb aa bd 29*	      HEX	BB AA BD 29 BA AE 78 06 9D 8D C0 BD 8C C0 B9 00
     42  b890		       bb c8 d0 ea*	      HEX	BB C8 D0 EA AA BD 29 BA A6 27 20 BB B8 A9 DE 20
     43  b8a0		       b8 b8 a9 aa*	      HEX	B8 B8 A9 AA 20 B8 B8 A9 EB 20 B8 B8 A9 FF 20 B8
     44  b8b0		       b8 bd 8e c0*	      HEX	B8 BD 8E C0 BD 8C C0 60 18 48 68 9D 8D C0 1D 8C
     45  b8c0		       c0 60 a0 00*	      HEX	C0 60 A0 00 A2 56 CA 30 FB B9 00 BB 5E 00 BC 2A
     46  b8d0		       5e 00 bc 2a*	      HEX	5E 00 BC 2A 91 3E C8 C4 26 D0 EB 60 A0 20 88 F0
     47  b8e0		       61 bd 8c c0*	      HEX	61 BD 8C C0 10 FB 49 D5 D0 F4 EA BD 8C C0 10 FB
     48  b8f0		       c9 aa d0 f2*	      HEX	C9 AA D0 F2 A0 56 BD 8C C0 10 FB C9 AD D0 E7 A9
     49  b900		       00 88 84 26*	      HEX	00 88 84 26 BC 8C C0 10 FB 59 00 BA A4 26 99 00
     50  b910		       bc d0 ee 84*	      HEX	BC D0 EE 84 26 BC 8C C0 10 FB 59 00 BA A4 26 99
     51  b920		       00 bb c8 d0*	      HEX	00 BB C8 D0 EE BC 8C C0 10 FB D9 00 BA D0 13 BD
     52  b930		       8c c0 10 fb*	      HEX	8C C0 10 FB C9 DE D0 0A EA BD 8C C0 10 FB C9 AA
     53  b940		       f0 5c 38 60*	      HEX	F0 5C 38 60 A0 FC 84 26 C8 D0 04 E6 26 F0 F3 BD
     54  b950		       8c c0 10 fb*	      HEX	8C C0 10 FB C9 D5 D0 F0 EA BD 8C C0 10 FB C9 AA
     55  b960		       d0 f2 a0 03*	      HEX	D0 F2 A0 03 BD 8C C0 10 FB C9 96 D0 E7 A9 00 85
     56  b970		       27 bd 8c c0*	      HEX	27 BD 8C C0 10 FB 2A 85 26 BD 8C C0 10 FB 25 26
     57  b980		       99 2c 00 45*	      HEX	99 2C 00 45 27 88 10 E7 A8 24 B7 BD 8C C0 10 FB
     58  b990		       c9 de d0 ae*	      HEX	C9 DE D0 AE EA BD 8C C0 10 FB C9 AA 24 A4 18 60
     59  b9a0		       86 2b 85 2a*	      HEX	86 2B 85 2A CD 78 04 F0 53 A9 00 85 26 AD 78 04
     60  b9b0		       85 27 38 e5*	      HEX	85 27 38 E5 2A F0 33 B0 07 49 FF EE 78 04 90 05
     61  b9c0		       69 fe ce 78*	      HEX	69 FE CE 78 04 C5 26 90 02 A5 26 C9 0C B0 01 A8
     62  b9d0		       38 20 ee b9*	      HEX	38 20 EE B9 B9 11 BA 20 00 BA A5 27 18 20 F1 B9
     63  b9e0		       b9 1d ba 20*	      HEX	B9 1D BA 20 00 BA E6 26 D0 C3 20 00 BA 18 AD 78
     64  b9f0		       04 29 03 2a*	      HEX	04 29 03 2A 05 2B AA BD 80 C0 A6 2B 60 AA A0 A0
     65  ba00		       a2 11 ca d0*	      HEX	A2 11 CA D0 FD E6 46 D0 02 E6 47 38 E9 01 D0 F0
     66  ba10		       60 01 30 28*	      HEX	60 01 30 28 24 20 1E 1D 1C 1C 1C 1C 1C 70 2C 26
     67  ba20		       22 1f 1e 1d*	      HEX	22 1F 1E 1D 1C 1C 1C 1C 1C 96 97 9A 9B 9D 9E 9F
     68  ba30		       a6 a7 ab ac*	      HEX	A6 A7 AB AC AD AE AF B2 B3 B4 B5 B6 B7 B9 BA BB
     69  ba40		       bc bd be bf*	      HEX	BC BD BE BF CB CD CE CF D3 D6 D7 D9 DA DB DC DD
     70  ba50		       de df e5 e6*	      HEX	DE DF E5 E6 E7 E9 EA EB EC ED EE EF F2 F3 F4 F5
     71  ba60		       f6 f7 f9 fa*	      HEX	F6 F7 F9 FA FB FC FD FE FF B3 B3 A0 E0 B3 C3 C5
     72  ba70		       b3 a0 e0 b3*	      HEX	B3 A0 E0 B3 C3 C5 B3 A0 E0 B3 B3 C5 AA A0 82 B3
     73  ba80		       b3 c5 aa a0*	      HEX	B3 C5 AA A0 82 C5 B3 B3 AA 88 82 C5 B3 B3 AA 88
     74  ba90		       82 c5 c4 b3*	      HEX	82 C5 C4 B3 B0 88 00 01 98 99 02 03 9C 04 05 06
     75  baa0		       a0 a1 a2 a3*	      HEX	A0 A1 A2 A3 A4 A5 07 08 A8 A9 AA 09 0A 0B 0C 0D
     76  bab0		       b0 b1 0e 0f*	      HEX	B0 B1 0E 0F 10 11 12 13 B8 14 15 16 17 18 19 1A
     77  bac0		       c0 c1 c2 c3*	      HEX	C0 C1 C2 C3 C4 C5 C6 C7 C8 C9 CA 1B CC 1C 1D 1E
     78  bad0		       d0 d1 d2 1f*	      HEX	D0 D1 D2 1F D4 D5 20 21 D8 22 23 24 25 26 27 28
     79  bae0		       e0 e1 e2 e3*	      HEX	E0 E1 E2 E3 E4 29 2A 2B E8 2C 2D 2E 2F 30 31 32
     80  baf0		       f0 f1 33 34*	      HEX	F0 F1 33 34 35 36 37 38 F8 39 3A 3B 3C 3D 3E 3F
     81  bb00		       34 33 34 01*	      HEX	34 33 34 01 00 00 04 1D 28 28 28 01 00 00 20 09
     82  bb10		       28 28 28 00*	      HEX	28 28 28 00 00 00 1D 09 28 28 28 00 00 00 15 09
     83  bb20		       28 28 28 00*	      HEX	28 28 28 00 00 00 06 1D 28 28 28 00 00 00 05 00
     84  bb30		       00 00 00 00*	      HEX	00 00 00 00 00 00 00 00 00 00 00 00 00 00 00 00
     85  bb40		       00 00 00 00*	      HEX	00 00 00 00 00 00 00 00 00 00 00 00 00 00 00 00
     86  bb50		       00 00 00 00*	      HEX	00 00 00 00 00 00 00 00 00 00 00 00 00 00 00 00
     87  bb60		       00 00 00 00*	      HEX	00 00 00 00 00 00 00 00 00 00 00 00 00 00 00 00
     88  bb70		       00 00 00 00*	      HEX	00 00 00 00 00 00 00 00 00 00 00 00 00 00 00 00
     89  bb80		       00 00 00 00*	      HEX	00 00 00 00 00 00 00 00 00 00 00 00 00 00 00 00
     90  bb90		       00 00 00 00*	      HEX	00 00 00 00 00 00 00 00 00 00 00 00 00 00 00 00
     91  bba0		       00 00 00 00*	      HEX	00 00 00 00 00 00 00 00 00 00 00 00 00 00 00 00
     92  bbb0		       00 00 00 00*	      HEX	00 00 00 00 00 00 00 00 00 00 00 00 00 00 00 00
     93  bbc0		       00 00 00 00*	      HEX	00 00 00 00 00 00 00 00 00 00 00 00 00 00 00 00
     94  bbd0		       00 00 00 00*	      HEX	00 00 00 00 00 00 00 00 00 00 00 00 00 00 00 00
     95  bbe0		       00 00 00 00*	      HEX	00 00 00 00 00 00 00 00 00 00 00 00 00 00 00 00
     96  bbf0		       00 00 00 00*	      HEX	00 00 00 00 33 33 31 31 28 34 35 33 33 31 34 3F
     97  bc00		       00 01 00 00*	      HEX	00 01 00 00 00 00 00 00 00 00 00 00 00 00 00 00
     98  bc10		       00 00 00 00*	      HEX	00 00 00 00 00 00 00 00 00 00 00 00 00 00 00 00
     99  bc20		       00 00 00 00*	      HEX	00 00 00 00 00 00 00 00 00 00 00 00 00 00 00 00
    100  bc30		       00 00 00 00*	      HEX	00 00 00 00 00 00 00 00 00 00 00 00 00 00 00 00
    101  bc40		       00 00 00 00*	      HEX	00 00 00 00 00 00 00 00 00 00 00 00 00 00 00 00
    102  bc50		       00 00 00 00*	      HEX	00 00 00 00 00 00 38 BD 8D C0 BD 8E C0 30 5E A9
    103  bc60		       ff 9d 8f c0*	      HEX	FF 9D 8F C0 DD 8C C0 48 68 20 C3 BC 20 C3 BC 9D
    104  bc70		       8d c0 dd 8c*	      HEX	8D C0 DD 8C C0 EA 88 D0 F0 A9 D5 20 D5 BC A9 AA
    105  bc80		       20 d5 bc a9*	      HEX	20 D5 BC A9 96 20 D5 BC A5 41 20 C4 BC A5 44 20
    106  bc90		       c4 bc a5 3f*	      HEX	C4 BC A5 3F 20 C4 BC A5 41 45 44 45 3F 48 4A 05
    107  bca0		       3e 9d 8d c0*	      HEX	3E 9D 8D C0 BD 8C C0 68 09 AA 20 D4 BC A9 DE 20
    108  bcb0		       d5 bc a9 aa*	      HEX	D5 BC A9 AA 20 D5 BC A9 EB 20 D5 BC 18 BD 8E C0
    109  bcc0		       bd 8c c0 60*	      HEX	BD 8C C0 60 48 4A 05 3E 9D 8D C0 DD 8C C0 68 EA
    110  bcd0		       ea ea 09 aa*	      HEX	EA EA 09 AA EA EA 48 68 9D 8D C0 DD 8C C0 60 88
    111  bce0		       a5 e8 91 a0*	      HEX	A5 E8 91 A0 94 88 96 E8 91 A0 94 88 96 91 91 C8
    112  bcf0		       94 d0 96 91*	      HEX	94 D0 96 91 91 C8 94 D0 96 91 A3 C8 A0 A5 85 A4
    113  bd00		       84 48 85 49*	      HEX	84 48 85 49 A0 02 8C F8 06 A0 04 8C F8 04 AE E9
    114  bd10		       b7 bd 8e c0*	      HEX	B7 BD 8E C0 BD 8C C0 A0 08 BD 8C C0 48 68 48 68
    115  bd20		       8e f8 05 dd*	      HEX	8E F8 05 DD 8C C0 D0 03 88 D0 EE 08 BD 89 C0 A0
    116  bd30		       06 b1 48 99*	      HEX	06 B1 48 99 36 00 C8 C0 0A D0 F6 A0 03 B1 3C 85
    117  bd40		       47 a0 02 b1*	      HEX	47 A0 02 B1 48 A0 10 D1 48 F0 06 91 48 28 A0 00
    118  bd50		       08 6a 90 05*	      HEX	08 6A 90 05 BD 8A C0 B0 03 BD 8B C0 66 35 28 08
    119  bd60		       d0 0b a0 07*	      HEX	D0 0B A0 07 20 00 BA 88 D0 FA AE F8 05 A0 04 B1
    120  bd70		       48 20 5a be*	      HEX	48 20 5A BE 28 D0 34 EA EA EA EA AD F4 B7 C9 01
    121  bd80		       f0 29 ea ea*	      HEX	F0 29 EA EA EA EA EA EA EA EA EA EA EA EA EA EA
    122  bd90		       ea ea ea ea*	      HEX	EA EA EA EA EA EA EA EA EA EA EA EA EA EA A0 12
    123  bda0		       88 d0 fd e6*	      HEX	88 D0 FD E6 46 D0 F7 E6 47 D0 F3 A0 0C B1 48 F0
    124  bdb0		       5a c9 04 f0*	      HEX	5A C9 04 F0 58 6A 08 B0 03 20 00 B8 A0 30 8C 78
    125  bdc0		       05 ae f8 05*	      HEX	05 AE F8 05 20 44 B9 90 24 CE 78 05 10 F3 AD 78
    126  bdd0		       04 48 a9 60*	      HEX	04 48 A9 60 20 95 BE CE F8 06 F0 28 A9 04 8D F8
    127  bde0		       04 a9 00 20*	      HEX	04 A9 00 20 5A BE 68 20 5A BE 4C BC BD A4 2E CC
    128  bdf0		       78 04 f0 1c*	      HEX	78 04 F0 1C AD 78 04 48 98 20 95 BE 68 CE F8 04
    129  be00		       d0 e5 f0 ca*	      HEX	D0 E5 F0 CA 68 A9 40 28 4C 48 BE F0 39 4C 00 8E
    130  be10		       a0 03 b1 48*	      HEX	A0 03 B1 48 48 A5 2F A0 0E 91 48 68 F0 08 C5 2F
    131  be20		       f0 04 a9 20*	      HEX	F0 04 A9 20 D0 E1 A0 05 B1 48 A8 B9 B8 BF C5 2D
    132  be30		       d0 97 28 90*	      HEX	D0 97 28 90 1C 20 DC B8 08 B0 8E 28 A2 00 86 26
    133  be40		       20 c2 b8 ae*	      HEX	20 C2 B8 AE F8 05 18 24 38 A0 0D 91 48 BD 88 C0
    134  be50		       60 20 2a b8*	      HEX	60 20 2A B8 90 F0 A9 10 B0 EE 48 A0 01 B1 3C 6A
    135  be60		       68 90 08 0a*	      HEX	68 90 08 0A 20 6B BE 4E 78 04 60 85 2A 20 8E BE
    136  be70		       b9 78 04 24*	      HEX	B9 78 04 24 35 30 03 B9 F8 04 8D 78 04 A5 2A 24
    137  be80		       35 30 05 99*	      HEX	35 30 05 99 F8 04 10 03 99 78 04 4C A0 B9 8A 4A
    138  be90		       4a 4a 4a a8*	      HEX	4A 4A 4A A8 60 48 A0 02 B1 48 6A 66 35 20 8E BE
    139  bea0		       68 0a 24 35*	      HEX	68 0A 24 35 30 05 99 F8 04 10 03 99 78 04 60 A0
    140  beb0		       03 b1 48 85*	      HEX	03 B1 48 85 41 A9 AA 85 3E A0 56 A9 00 85 44 99
    141  bec0		       ff bb 88 d0*	      HEX	FF BB 88 D0 FA 99 00 BB 88 D0 FA A9 00 20 95 BE
    142  bed0		       a9 28 85 45*	      HEX	A9 28 85 45 A5 44 20 5A BE 20 0D BF A9 08 B0 24
    143  bee0		       a9 30 8d 78*	      HEX	A9 30 8D 78 05 38 CE 78 05 F0 19 20 44 B9 B0 F5
    144  bef0		       a5 2d d0 f1*	      HEX	A5 2D D0 F1 20 DC B8 B0 EC E6 44 A5 44 C9 23 90
    145  bf00		       d3 18 90 05*	      HEX	D3 18 90 05 A0 0D 91 48 38 BD 88 C0 60 A9 00 85
    146  bf10		       3f a0 80 d0*	      HEX	3F A0 80 D0 02 A4 45 20 56 BC B0 6B 20 2A B8 B0
    147  bf20		       66 e6 3f a5*	      HEX	66 E6 3F A5 3F C9 10 90 EC A0 0F 84 3F A9 30 8D
    148  bf30		       78 05 99 a8*	      HEX	78 05 99 A8 BF 88 10 FA A4 45 20 87 BF 20 87 BF
    149  bf40		       20 87 bf 48*	      HEX	20 87 BF 48 68 EA 88 D0 F1 20 44 B9 B0 23 A5 2D
    150  bf50		       f0 15 a9 10*	      HEX	F0 15 A9 10 C5 45 A5 45 E9 01 85 45 C9 05 B0 11
    151  bf60		       38 60 20 44*	      HEX	38 60 20 44 B9 B0 05 20 DC B8 90 1C CE 78 05 D0
    152  bf70		       f1 20 44 b9*	      HEX	F1 20 44 B9 B0 0B A5 2D C9 0F D0 05 20 DC B8 90
    153  bf80		       8c ce 78 05*	      HEX	8C CE 78 05 D0 EB 38 60 A4 2D B9 A8 BF 30 DD A9
    154  bf90		       ff 99 a8 bf*	      HEX	FF 99 A8 BF C6 3F 10 CA A5 44 D0 0A A5 45 C9 10
    155  bfa0		       90 e5 c6 45*	      HEX	90 E5 C6 45 C6 45 18 60 FF FF FF FF FF FF FF FF
    156  bfb0		       ff ff ff ff*	      HEX	FF FF FF FF FF FF FF FF 00 0D 0B 09 07 05 03 01
    157  bfc0		       0e 0c 0a 08*	      HEX	0E 0C 0A 08 06 04 02 0F 20 DC AB A9 10 8D F0 B3
    158  bfd0		       a9 23 8d ef*	      HEX	A9 23 8D EF B3 60 4C 44 B7 00 00 00 8D 63 AA 8D
    159  bfe0		       70 aa 8d 71*	      HEX	70 AA 8D 71 AA 60 20 5B A7 8C B7 AA 60 20 7E AE
    160  bff0		       ae 9b b3 9a*	      HEX	AE 9B B3 9A 20 16 A3 BA 8E 9B B3 A9 09 4C 85 B3
    161  c000
------- FILE main.asm
   8290  c000
